id,requester_id,receiver_id,is_mutual
1,719,887,true
2,431,678,true
3,878,102,false
4,140,945,false
5,259,651,false
6,17,38,true
7,539,266,false
8,478,207,true
9,89,731,false
10,674,632,false
11,563,473,true
12,826,767,false
13,258,400,false
14,391,412,false
15,34,304,true
16,962,752,false
17,93,162,true
18,827,316,true
19,351,175,true
20,281,88,false
21,394,455,false
22,465,380,true
23,933,447,false
24,152,441,true
25,404,152,true
26,360,729,false
27,122,228,true
28,363,68,true
29,983,745,false
30,308,865,false
31,869,560,false
32,854,402,false
33,967,317,false
34,132,962,false
35,806,249,false
36,130,515,true
37,922,59,true
38,1,62,false
39,589,76,true
40,403,306,false
41,357,356,true
42,869,754,true
43,354,747,true
44,34,184,true
45,787,832,false
46,43,846,true
47,163,448,false
48,940,47,false
49,282,432,false
50,801,230,false
51,381,463,true
52,7,308,true
53,130,518,true
54,695,174,false
55,185,798,true
56,874,531,false
57,388,712,false
58,47,10,true
59,352,837,true
60,833,772,true
61,197,546,false
62,993,94,true
63,171,381,true
64,587,807,true
65,860,56,false
66,805,880,false
67,47,40,true
68,672,13,false
69,732,36,false
70,279,212,false
71,291,206,true
72,349,804,false
73,899,378,true
74,657,189,false
75,916,699,true
76,72,482,false
77,21,637,true
78,68,496,false
79,765,401,true
80,463,43,false
81,824,780,true
82,816,153,true
83,204,114,false
84,837,391,true
85,939,860,false
86,442,504,false
87,811,497,false
88,613,758,false
89,779,564,true
90,510,100,false
91,912,310,true
92,386,986,false
93,821,490,false
94,816,791,false
95,449,144,false
96,369,245,true
97,735,437,true
98,548,874,true
99,497,528,true
100,9,252,false
101,86,298,false
102,731,456,true
103,46,131,false
104,88,96,true
105,432,807,false
106,621,987,true
107,758,735,false
108,901,130,false
109,454,471,true
110,419,812,false
111,412,670,false
112,922,344,true
113,849,13,true
114,377,842,false
115,195,992,true
116,471,779,true
117,868,111,true
118,400,895,true
119,224,314,false
120,949,969,false
121,377,947,true
122,609,35,true
123,544,287,false
124,456,10,true
125,55,719,false
126,943,79,false
127,834,542,false
128,498,220,true
129,859,213,false
130,477,453,true
131,317,243,false
132,621,736,true
133,499,540,true
134,676,698,true
135,120,790,false
136,955,422,false
137,752,509,false
138,205,190,true
139,670,684,true
140,905,107,true
141,459,812,true
142,421,127,false
143,150,652,false
144,947,144,false
145,353,449,false
146,731,159,false
147,606,624,false
148,138,321,true
149,941,83,false
150,219,109,false
151,923,573,true
152,274,976,true
153,555,620,false
154,11,926,false
155,77,741,true
156,919,382,true
157,448,364,false
158,809,314,true
159,352,744,true
160,299,522,true
161,518,455,false
162,573,569,true
163,804,482,false
164,750,480,true
165,99,682,false
166,367,691,true
167,877,853,false
168,322,417,true
169,21,327,true
170,183,676,false
171,161,958,false
172,149,971,true
173,388,81,true
174,981,713,true
175,302,227,true
176,442,546,false
177,883,87,false
178,528,811,true
179,792,824,true
180,906,705,false
181,62,218,false
182,491,647,true
183,304,207,false
184,737,577,false
185,915,692,false
186,437,252,false
187,340,962,true
188,489,607,false
189,566,56,true
190,895,154,true
191,304,233,true
192,65,651,true
193,225,118,false
194,530,971,true
195,146,165,true
196,701,519,false
197,521,773,false
198,671,1,true
199,982,628,true
200,117,22,false
201,673,79,false
202,982,663,true
203,749,568,false
204,100,842,false
205,171,906,true
206,60,247,true
207,101,842,true
208,633,672,false
209,829,891,true
210,998,923,false
211,435,587,false
212,1000,288,false
213,123,387,true
214,536,157,false
215,605,228,false
216,890,670,false
217,344,65,true
218,806,429,false
219,565,656,true
220,769,522,false
221,974,943,false
222,842,827,false
223,88,185,false
224,726,60,true
225,340,690,true
226,987,431,true
227,251,176,true
228,668,805,false
229,664,383,true
230,856,756,true
231,50,609,true
232,361,849,false
233,802,419,false
234,430,538,false
235,410,189,false
236,896,479,false
237,602,148,true
238,634,365,true
239,751,426,false
240,895,339,false
241,723,479,false
242,670,169,true
243,778,675,true
244,662,140,true
245,244,677,true
246,932,136,true
247,739,230,false
248,673,480,false
249,675,534,true
250,92,73,false
251,888,746,false
252,291,719,false
253,926,231,false
254,701,624,false
255,935,869,false
256,308,866,true
257,724,621,false
258,33,829,true
259,886,411,true
260,741,684,false
261,224,997,true
262,530,778,false
263,867,652,false
264,515,442,false
265,863,733,false
266,791,889,true
267,846,7,false
268,301,678,true
269,703,532,false
270,445,63,false
271,551,343,false
272,623,102,false
273,992,808,false
274,979,417,false
275,677,390,true
276,515,706,false
277,630,446,true
278,843,654,true
279,185,290,false
280,307,81,true
281,159,516,true
282,714,842,true
283,93,959,false
284,958,45,false
285,292,481,true
286,299,424,true
287,135,688,true
288,827,812,true
289,302,333,false
290,400,526,false
291,455,360,true
292,389,671,false
293,874,572,false
294,845,967,true
295,903,71,true
296,566,776,false
297,420,920,false
298,613,491,true
299,135,348,false
300,493,711,false
301,427,711,true
302,690,987,false
303,108,879,true
304,485,826,true
305,398,488,false
306,19,632,false
307,395,707,true
308,900,751,true
309,521,371,true
310,254,145,true
311,255,308,false
312,641,458,false
313,942,156,false
314,285,675,false
315,568,987,false
316,717,927,false
317,802,718,true
318,727,102,true
319,221,856,true
320,185,905,true
321,362,976,false
322,151,718,false
323,977,390,false
324,658,629,true
325,601,316,false
326,321,561,true
327,628,56,true
328,931,207,false
329,681,252,false
330,743,237,true
331,836,884,false
332,811,657,false
333,413,292,false
334,50,678,true
335,14,688,true
336,93,155,true
337,784,260,true
338,150,263,true
339,883,956,false
340,385,912,false
341,629,701,true
342,251,79,false
343,467,524,true
344,119,994,true
345,753,195,true
346,888,152,false
347,215,486,false
348,676,663,false
349,339,24,false
350,839,395,false
351,17,632,false
352,668,453,true
353,970,563,true
354,13,296,true
355,738,199,true
356,928,795,true
357,869,711,false
358,993,787,false
359,218,720,false
360,234,418,true
361,160,798,true
362,306,400,false
363,612,995,true
364,535,119,true
365,487,836,true
366,159,283,true
367,435,754,false
368,267,178,false
369,28,869,true
370,824,813,true
371,890,234,true
372,295,694,true
373,275,281,false
374,982,474,true
375,118,201,false
376,587,157,true
377,992,55,true
378,678,544,false
379,208,884,true
380,151,58,true
381,967,75,false
382,986,51,true
383,937,827,true
384,703,646,true
385,360,863,false
386,598,501,true
387,610,658,true
388,338,310,true
389,254,231,true
390,366,229,true
391,411,633,false
392,862,935,true
393,632,842,true
394,53,598,true
395,316,22,false
396,960,446,true
397,357,429,true
398,534,740,false
399,171,630,true
400,508,140,false
401,595,568,true
402,338,540,true
403,367,916,true
404,458,44,true
405,762,24,false
406,422,311,true
407,349,285,true
408,556,437,false
409,695,149,false
410,235,842,true
411,655,115,true
412,253,787,false
413,399,690,true
414,552,84,false
415,256,940,true
416,811,8,false
417,970,933,true
418,306,503,false
419,390,478,true
420,993,9,false
421,957,815,true
422,666,783,false
423,984,391,false
424,268,369,true
425,629,806,true
426,850,780,false
427,222,480,false
428,873,123,true
429,601,883,true
430,90,830,true
431,198,829,true
432,379,828,true
433,796,76,false
434,194,878,true
435,724,461,true
436,375,402,true
437,267,153,false
438,368,627,true
439,927,544,true
440,411,71,true
441,779,104,false
442,257,118,false
443,770,254,true
444,154,934,false
445,216,548,false
446,756,640,true
447,843,775,false
448,679,245,true
449,624,204,true
450,721,894,true
451,563,852,false
452,729,816,true
453,434,114,true
454,328,917,false
455,350,406,true
456,290,147,false
457,205,502,false
458,937,134,false
459,498,287,false
460,662,92,true
461,120,321,false
462,830,871,false
463,158,733,true
464,642,641,false
465,591,195,true
466,43,520,false
467,45,787,true
468,159,461,true
469,883,877,true
470,764,371,true
471,407,599,true
472,925,815,false
473,625,496,true
474,237,102,false
475,69,614,true
476,845,165,false
477,391,379,true
478,906,966,true
479,290,846,false
480,972,482,false
481,414,70,false
482,764,829,false
483,244,238,false
484,408,666,true
485,725,557,false
486,816,646,false
487,349,944,true
488,399,500,true
489,327,278,true
490,21,16,false
491,826,103,false
492,29,119,true
493,422,593,true
494,34,765,false
495,734,347,true
496,827,6,true
497,483,960,false
498,755,721,true
499,718,638,false
500,453,782,false
501,136,411,false
502,205,659,true
503,335,326,true
504,884,962,true
505,931,363,false
506,385,211,false
507,53,433,false
508,310,898,true
509,531,472,true
510,536,953,false
511,215,8,false
512,1000,162,true
513,970,121,true
514,964,905,true
515,617,951,true
516,467,633,true
517,616,554,false
518,230,25,false
519,915,345,false
520,717,138,false
521,241,647,true
522,695,295,false
523,922,530,true
524,542,358,false
525,297,299,true
526,682,604,true
527,622,200,false
528,439,351,false
529,636,151,true
530,576,518,true
531,468,153,true
532,468,86,false
533,580,63,false
534,998,195,true
535,146,793,true
536,794,954,false
537,217,154,true
538,851,660,false
539,408,102,true
540,424,505,true
541,956,330,true
542,781,567,false
543,798,604,false
544,324,567,false
545,16,740,true
546,565,391,false
547,657,349,true
548,505,812,true
549,131,233,false
550,92,597,true
551,320,726,false
552,547,456,false
553,95,335,true
554,841,786,true
555,184,330,false
556,482,186,true
557,615,825,true
558,147,74,false
559,394,677,true
560,423,708,true
561,582,578,true
562,860,450,false
563,801,879,false
564,598,2,false
565,947,942,false
566,250,447,true
567,376,227,true
568,929,705,false
569,739,907,true
570,903,410,false
571,520,76,true
572,902,586,false
573,674,386,true
574,332,786,true
575,993,153,true
576,814,195,false
577,469,90,true
578,335,346,true
579,41,635,true
580,322,59,true
581,898,586,false
582,829,382,false
583,758,954,true
584,313,33,false
585,65,824,true
586,465,389,false
587,810,384,false
588,311,873,false
589,50,567,true
590,368,682,false
591,419,185,true
592,371,3,false
593,815,79,true
594,59,244,false
595,143,592,false
596,37,509,false
597,904,858,true
598,420,371,false
599,119,2,false
600,11,689,true
601,417,68,false
602,874,10,false
603,726,586,true
604,884,801,false
605,199,116,true
606,391,210,false
607,734,724,false
608,477,582,true
609,743,655,false
610,56,719,false
611,700,437,true
612,923,611,true
613,337,632,true
614,798,370,false
615,122,345,false
616,258,198,true
617,924,661,true
618,559,160,false
619,387,566,true
620,378,994,false
621,737,558,true
622,71,519,true
623,929,941,true
624,515,109,true
625,918,831,true
626,398,798,true
627,704,623,false
628,487,700,false
629,500,238,false
630,309,789,false
631,352,448,false
632,369,793,false
633,609,361,false
634,247,407,false
635,939,195,false
636,196,19,true
637,76,921,true
638,167,380,true
639,568,21,true
640,384,804,true
641,494,991,true
642,39,90,true
643,743,102,true
644,196,20,true
645,310,222,true
646,54,677,false
647,274,822,true
648,110,798,true
649,429,185,false
650,247,212,true
651,536,462,true
652,948,748,true
653,588,693,true
654,933,745,true
655,879,771,false
656,911,643,true
657,425,48,true
658,455,456,true
659,937,882,true
660,229,865,true
661,56,708,false
662,136,920,true
663,534,975,true
664,114,291,true
665,587,611,true
666,795,743,true
667,566,803,true
668,323,914,false
669,81,257,true
670,291,588,true
671,901,951,false
672,497,689,false
673,466,94,true
674,593,100,false
675,472,123,false
676,666,639,false
677,116,136,true
678,387,786,false
679,287,591,false
680,729,727,true
681,593,632,false
682,745,64,true
683,515,827,false
684,403,374,true
685,551,674,false
686,267,167,false
687,266,905,false
688,143,480,false
689,336,954,true
690,299,829,true
691,94,774,true
692,501,853,false
693,164,24,false
694,403,995,true
695,666,110,false
696,540,223,false
697,151,893,false
698,271,868,false
699,126,890,false
700,740,346,false
701,790,999,true
702,59,969,true
703,350,744,false
704,257,27,true
705,941,60,false
706,117,812,false
707,44,447,true
708,872,517,true
709,579,211,true
710,259,224,true
711,633,654,true
712,356,460,false
713,30,48,true
714,163,584,false
715,967,58,true
716,5,14,false
717,264,936,true
718,589,248,true
719,22,954,false
720,354,826,false
721,409,371,true
722,244,430,true
723,971,964,true
724,489,138,true
725,740,47,false
726,396,51,true
727,285,132,false
728,361,199,false
729,407,566,true
730,967,208,true
731,960,509,true
732,149,372,false
733,894,50,true
734,863,562,true
735,457,978,false
736,389,752,true
737,81,805,false
738,215,493,false
739,126,382,false
740,945,657,false
741,93,815,false
742,78,649,true
743,578,64,true
744,443,99,true
745,624,485,true
746,961,692,false
747,595,499,true
748,885,72,true
749,511,901,true
750,53,342,false
751,37,34,true
752,128,315,false
753,17,179,true
754,983,427,false
755,718,372,false
756,638,748,true
757,465,350,true
758,598,995,false
759,485,865,true
760,662,56,true
761,756,55,true
762,832,414,true
763,895,132,false
764,119,494,false
765,349,811,false
766,442,966,true
767,301,100,true
768,313,120,true
769,791,914,true
770,304,729,false
771,940,223,true
772,989,714,false
773,658,655,true
774,591,776,false
775,321,682,true
776,444,984,true
777,541,429,true
778,717,457,true
779,205,201,false
780,683,841,false
781,702,546,false
782,339,994,true
783,111,593,true
784,231,355,true
785,989,829,true
786,324,411,true
787,99,548,true
788,703,158,true
789,606,645,false
790,7,8,true
791,733,204,true
792,707,190,true
793,179,329,false
794,47,718,true
795,474,389,true
796,238,520,false
797,151,729,false
798,766,736,true
799,720,548,false
800,1000,86,false
801,785,297,true
802,497,85,true
803,369,954,true
804,299,440,true
805,727,940,false
806,120,265,true
807,455,501,true
808,808,882,true
809,211,507,false
810,754,191,true
811,565,133,true
812,573,620,false
813,84,384,true
814,192,341,false
815,941,541,false
816,916,856,true
817,71,187,true
818,116,277,false
819,198,732,false
820,695,653,false
821,230,58,false
822,888,374,false
823,149,544,true
824,997,401,false
825,48,977,true
826,165,599,true
827,236,388,true
828,493,303,false
829,997,303,false
830,813,719,true
831,551,6,false
832,809,647,true
833,640,738,true
834,429,851,true
835,935,56,false
836,453,647,true
837,562,456,true
838,142,598,false
839,652,171,false
840,193,72,false
841,490,157,true
842,71,610,true
843,201,469,true
844,364,788,false
845,763,674,false
846,845,390,true
847,82,301,false
848,606,27,false
849,957,484,true
850,358,471,true
851,256,683,true
852,185,899,false
853,226,86,false
854,520,455,false
855,533,986,false
856,121,280,true
857,26,853,false
858,173,949,false
859,21,540,true
860,792,488,true
861,587,401,true
862,973,118,false
863,114,653,true
864,48,789,false
865,497,140,true
866,430,847,true
867,581,643,false
868,63,975,false
869,803,570,true
870,150,30,false
871,846,749,true
872,770,522,false
873,877,391,true
874,466,378,true
875,703,342,true
876,870,929,true
877,367,252,false
878,12,735,false
879,406,853,false
880,289,965,false
881,982,114,false
882,370,369,true
883,241,103,true
884,133,621,false
885,378,79,false
886,173,29,false
887,276,88,false
888,474,18,false
889,509,515,true
890,289,276,true
891,907,555,false
892,357,776,false
893,786,785,false
894,377,525,false
895,934,600,false
896,705,392,false
897,691,880,true
898,648,276,true
899,411,805,true
900,504,985,true
901,485,776,false
902,711,137,false
903,504,879,true
904,780,793,true
905,460,392,false
906,562,404,false
907,937,88,true
908,947,271,true
909,724,54,true
910,52,686,true
911,287,393,true
912,973,254,true
913,909,551,true
914,7,173,false
915,130,281,true
916,29,605,true
917,474,686,false
918,91,774,false
919,77,161,true
920,167,199,false
921,171,433,true
922,351,440,false
923,713,129,false
924,299,194,true
925,131,187,false
926,975,10,true
927,333,276,false
928,252,850,false
929,915,495,true
930,827,253,false
931,271,903,false
932,316,510,true
933,243,730,true
934,733,800,false
935,238,305,false
936,630,547,true
937,37,598,true
938,553,999,true
939,770,290,false
940,916,553,true
941,739,449,true
942,553,586,true
943,116,524,false
944,394,954,true
945,797,280,false
946,985,708,true
947,578,205,true
948,6,405,false
949,38,772,true
950,87,138,false
951,443,626,true
952,982,157,false
953,120,85,false
954,449,819,false
955,903,536,false
956,122,548,true
957,93,775,false
958,357,332,true
959,141,168,true
960,241,483,false
961,477,112,false
962,545,395,true
963,401,744,false
964,908,392,false
965,110,26,true
966,441,719,false
967,2,100,false
968,624,668,false
969,96,170,false
970,358,910,false
971,67,564,true
972,683,814,true
973,318,602,false
974,40,534,true
975,414,457,false
976,772,555,true
977,801,917,false
978,930,229,true
979,937,141,true
980,405,824,false
981,251,300,false
982,349,853,false
983,115,80,true
984,710,927,true
985,657,330,true
986,769,25,false
987,207,509,true
988,546,222,false
989,740,924,false
990,47,919,true
991,761,617,false
992,81,765,false
993,984,349,true
994,893,271,false
995,695,396,true
996,9,932,false
997,550,582,false
998,317,808,true
999,322,680,true
1000,915,662,false
1001,41,945,true
1002,131,266,false
1003,285,86,true
1004,782,631,false
1005,283,115,true
1006,121,381,false
1007,976,418,false
1008,188,716,false
1009,729,549,true
1010,345,284,true
1011,626,186,false
1012,269,221,true
1013,722,132,false
1014,893,315,true
1015,344,458,true
1016,334,430,true
1017,688,456,false
1018,175,30,true
1019,760,261,false
1020,600,935,false
1021,327,248,true
1022,62,265,true
1023,461,394,true
1024,343,267,true
1025,259,675,true
1026,642,443,false
1027,299,753,true
1028,114,160,false
1029,918,382,true
1030,394,987,true
1031,793,840,true
1032,79,937,false
1033,81,355,true
1034,394,308,false
1035,895,730,false
1036,691,37,true
1037,100,27,true
1038,702,435,true
1039,890,793,true
1040,147,677,true
1041,799,334,false
1042,972,715,true
1043,76,757,false
1044,793,801,false
1045,496,661,false
1046,111,836,false
1047,796,711,false
1048,226,270,true
1049,298,856,false
1050,149,875,true
1051,508,20,false
1052,957,816,false
1053,433,77,false
1054,166,689,true
1055,961,210,false
1056,935,640,false
1057,731,973,false
1058,997,442,false
1059,835,286,false
1060,309,503,true
1061,595,973,false
1062,857,21,true
1063,626,175,true
1064,761,383,false
1065,605,952,false
1066,826,363,true
1067,641,113,false
1068,807,445,false
1069,281,118,true
1070,533,554,false
1071,907,174,false
1072,453,715,false
1073,150,437,false
1074,142,894,true
1075,340,891,true
1076,230,49,false
1077,126,257,true
1078,662,622,true
1079,418,962,true
1080,782,898,false
1081,389,336,true
1082,34,282,true
1083,680,596,true
1084,519,564,true
1085,565,720,true
1086,259,623,true
1087,25,1000,true
1088,490,1,true
1089,883,513,false
1090,185,27,true
1091,260,566,false
1092,880,226,false
1093,118,415,true
1094,352,548,true
1095,814,902,true
1096,858,276,true
1097,40,899,true
1098,514,445,true
1099,110,761,true
1100,54,397,false
1101,516,810,false
1102,117,764,true
1103,337,873,true
1104,460,153,false
1105,440,615,false
1106,968,541,false
1107,189,4,false
1108,246,771,false
1109,422,452,true
1110,29,633,false
1111,455,54,false
1112,51,691,true
1113,262,384,true
1114,435,381,false
1115,457,694,true
1116,147,457,false
1117,486,275,false
1118,792,644,true
1119,501,895,false
1120,585,923,true
1121,39,93,true
1122,2,935,false
1123,31,454,false
1124,590,390,true
1125,422,704,false
1126,673,644,true
1127,661,344,true
1128,38,193,false
1129,848,318,false
1130,428,303,true
1131,883,490,true
1132,298,369,false
1133,636,250,true
1134,470,147,true
1135,853,213,false
1136,237,124,true
1137,456,44,false
1138,724,52,false
1139,917,208,false
1140,172,742,false
1141,274,918,false
1142,127,698,true
1143,587,689,false
1144,32,486,true
1145,594,888,false
1146,525,404,true
1147,334,92,false
1148,118,874,true
1149,73,395,true
1150,613,925,false
1151,74,557,true
1152,988,564,true
1153,280,425,true
1154,127,682,false
1155,184,455,false
1156,343,245,true
1157,998,164,true
1158,705,333,true
1159,739,816,false
1160,112,107,false
1161,717,610,true
1162,926,377,false
1163,691,766,true
1164,723,753,false
1165,861,252,false
1166,358,953,true
1167,707,895,false
1168,100,468,true
1169,147,387,false
1170,752,422,false
1171,804,960,false
1172,737,179,false
1173,325,351,false
1174,243,879,false
1175,47,31,false
1176,31,569,false
1177,559,220,true
1178,977,813,false
1179,759,180,true
1180,424,985,true
1181,268,975,true
1182,63,939,false
1183,11,207,true
1184,302,349,true
1185,785,498,true
1186,883,800,true
1187,617,874,false
1188,378,531,false
1189,695,449,true
1190,830,818,true
1191,571,740,true
1192,501,3,false
1193,496,802,true
1194,822,506,false
1195,834,473,false
1196,751,878,true
1197,225,590,true
1198,121,15,false
1199,648,840,false
1200,906,563,false
1201,165,683,false
1202,90,241,false
1203,512,612,true
1204,119,852,true
1205,987,78,true
1206,862,257,true
1207,631,984,true
1208,180,426,false
1209,536,530,true
1210,12,272,true
1211,935,573,false
1212,888,27,true
1213,326,530,false
1214,5,997,true
1215,591,755,false
1216,104,226,false
1217,280,370,true
1218,805,1000,false
1219,566,859,false
1220,182,975,true
1221,511,857,false
1222,730,301,false
1223,941,668,true
1224,834,690,true
1225,509,746,false
1226,911,443,false
1227,394,502,false
1228,104,805,true
1229,108,922,false
1230,512,665,false
1231,783,413,true
1232,302,809,false
1233,641,311,true
1234,42,137,false
1235,146,383,false
1236,332,702,true
1237,608,445,false
1238,837,963,true
1239,776,460,true
1240,230,592,false
1241,686,118,true
1242,30,488,false
1243,793,955,true
1244,959,75,true
1245,438,875,false
1246,143,700,false
1247,698,426,false
1248,926,684,true
1249,425,908,true
1250,867,262,true
1251,95,390,true
1252,95,455,true
1253,74,624,true
1254,76,461,true
1255,428,46,true
1256,620,553,false
1257,670,542,true
1258,837,453,true
1259,169,703,false
1260,883,760,true
1261,707,206,true
1262,23,791,true
1263,457,86,false
1264,976,356,true
1265,868,749,true
1266,225,720,false
1267,745,77,false
1268,818,451,false
1269,743,504,false
1270,506,270,false
1271,872,772,false
1272,325,266,true
1273,533,453,true
1274,920,627,false
1275,366,422,true
1276,935,906,false
1277,963,384,false
1278,996,378,false
1279,111,812,false
1280,1000,701,true
1281,927,249,true
1282,204,80,false
1283,586,668,true
1284,666,286,true
1285,807,702,true
1286,484,911,true
1287,395,301,false
1288,401,199,false
1289,910,784,false
1290,106,321,true
1291,649,635,true
1292,31,67,true
1293,819,867,true
1294,235,868,false
1295,449,121,false
1296,584,576,true
1297,363,823,false
1298,486,69,true
1299,798,405,false
1300,264,680,false
1301,88,998,false
1302,540,453,false
1303,673,978,false
1304,246,989,false
1305,583,98,false
1306,269,166,true
1307,368,42,true
1308,401,104,false
1309,3,284,true
1310,905,153,true
1311,536,675,true
1312,313,874,false
1313,340,126,true
1314,548,649,false
1315,815,330,false
1316,417,501,true
1317,856,534,true
1318,665,170,true
1319,956,944,false
1320,76,463,true
1321,789,866,true
1322,34,247,false
1323,696,862,false
1324,403,586,true
1325,577,103,true
1326,893,419,false
1327,29,15,false
1328,380,834,false
1329,404,70,false
1330,851,681,false
1331,284,742,true
1332,799,410,false
1333,85,562,false
1334,474,827,false
1335,283,792,true
1336,398,799,false
1337,595,925,true
1338,665,552,true
1339,721,371,true
1340,371,549,false
1341,819,289,false
1342,814,243,false
1343,715,447,false
1344,810,598,false
1345,706,742,true
1346,587,459,true
1347,757,918,true
1348,306,772,true
1349,292,29,true
1350,945,871,false
1351,701,944,true
1352,65,179,false
1353,694,719,true
1354,259,855,true
1355,724,705,false
1356,99,225,false
1357,182,941,true
1358,143,193,true
1359,944,113,false
1360,954,824,true
1361,433,611,true
1362,257,310,false
1363,321,506,false
1364,185,903,true
1365,267,233,true
1366,480,280,true
1367,505,546,false
1368,211,712,false
1369,430,230,true
1370,190,259,false
1371,719,12,true
1372,698,790,true
1373,955,830,true
1374,60,594,false
1375,9,627,true
1376,228,443,true
1377,760,794,true
1378,931,462,false
1379,577,307,true
1380,112,80,false
1381,29,781,false
1382,731,777,true
1383,655,982,false
1384,152,808,true
1385,938,739,true
1386,250,58,false
1387,70,15,true
1388,737,452,true
1389,205,126,true
1390,511,694,false
1391,214,728,false
1392,406,8,false
1393,919,128,false
1394,821,660,false
1395,95,535,false
1396,617,744,false
1397,441,931,true
1398,764,836,false
1399,516,930,false
1400,636,768,true
1401,88,750,true
1402,356,496,false
1403,919,86,false
1404,696,256,false
1405,638,469,true
1406,609,624,true
1407,20,263,true
1408,999,264,false
1409,804,878,false
1410,580,745,true
1411,461,684,false
1412,387,586,false
1413,91,191,true
1414,187,831,true
1415,726,275,false
1416,649,445,true
1417,557,844,true
1418,792,100,false
1419,155,451,true
1420,680,663,true
1421,15,914,true
1422,718,754,false
1423,804,45,false
1424,146,423,false
1425,883,705,false
1426,969,670,false
1427,363,818,false
1428,42,482,true
1429,967,72,false
1430,933,104,false
1431,217,828,false
1432,77,548,false
1433,864,550,true
1434,590,559,true
1435,256,857,true
1436,839,661,true
1437,326,872,false
1438,446,663,true
1439,173,918,false
1440,41,895,true
1441,284,546,true
1442,404,383,false
1443,676,538,false
1444,817,171,true
1445,671,330,true
1446,684,495,false
1447,778,641,true
1448,414,251,false
1449,697,467,false
1450,10,552,false
1451,595,525,false
1452,287,894,false
1453,841,58,true
1454,77,192,true
1455,135,905,false
1456,81,209,false
1457,9,230,true
1458,591,485,true
1459,217,411,false
1460,724,588,false
1461,864,693,true
1462,188,450,false
1463,972,307,false
1464,871,413,false
1465,275,498,false
1466,66,555,true
1467,657,493,true
1468,1000,789,true
1469,975,287,true
1470,278,679,true
1471,720,547,false
1472,242,396,true
1473,469,1000,true
1474,109,512,false
1475,577,9,true
1476,995,77,false
1477,943,500,true
1478,370,708,false
1479,418,398,true
1480,719,352,false
1481,872,490,true
1482,697,125,false
1483,704,608,false
1484,40,944,false
1485,88,255,true
1486,370,682,false
1487,336,506,true
1488,385,91,true
1489,409,875,false
1490,24,129,true
1491,283,413,true
1492,645,590,true
1493,189,851,false
1494,438,575,true
1495,514,786,true
1496,902,179,false
1497,412,364,false
1498,176,675,true
1499,337,793,true
1500,295,662,false
1501,198,979,false
1502,180,264,false
1503,632,778,false
1504,112,567,false
1505,256,168,true
1506,103,455,true
1507,826,134,true
1508,774,240,true
1509,448,650,false
1510,372,766,true
1511,302,131,true
1512,59,365,false
1513,618,553,true
1514,45,56,true
1515,454,398,false
1516,99,853,false
1517,388,851,false
1518,939,285,true
1519,336,123,true
1520,933,213,true
1521,247,17,false
1522,391,292,false
1523,334,569,true
1524,832,550,true
1525,506,350,false
1526,741,23,true
1527,419,907,false
1528,554,736,false
1529,571,563,true
1530,246,379,false
1531,812,962,false
1532,466,293,true
1533,830,903,true
1534,76,367,false
1535,312,115,false
1536,802,770,true
1537,858,567,false
1538,539,256,true
1539,640,331,true
1540,609,893,true
1541,785,602,false
1542,830,47,false
1543,298,385,false
1544,162,512,true
1545,128,717,false
1546,690,512,true
1547,85,745,true
1548,38,677,false
1549,231,24,false
1550,266,929,true
1551,782,896,false
1552,237,228,false
1553,402,133,true
1554,360,559,false
1555,825,16,false
1556,986,769,true
1557,540,592,false
1558,856,606,true
1559,17,148,true
1560,107,486,false
1561,17,128,true
1562,622,77,false
1563,566,301,true
1564,792,827,false
1565,520,344,false
1566,877,481,false
1567,810,680,false
1568,767,845,true
1569,612,552,true
1570,494,205,false
1571,528,846,false
1572,188,385,false
1573,10,163,false
1574,892,526,false
1575,61,235,true
1576,794,154,false
1577,873,142,true
1578,875,549,false
1579,665,929,true
1580,523,414,true
1581,155,874,false
1582,502,98,false
1583,478,431,false
1584,646,868,false
1585,109,11,true
1586,576,121,true
1587,674,652,false
1588,789,75,true
1589,996,795,true
1590,465,303,false
1591,732,131,false
1592,211,553,false
1593,480,515,false
1594,352,309,false
1595,498,526,false
1596,885,995,true
1597,571,248,false
1598,296,962,false
1599,709,415,false
1600,817,856,false
1601,120,992,false
1602,264,94,false
1603,36,515,true
1604,669,31,false
1605,868,751,true
1606,60,251,true
1607,370,257,true
1608,433,353,false
1609,465,848,false
1610,302,194,false
1611,47,504,false
1612,944,318,false
1613,602,613,true
1614,589,901,false
1615,446,733,false
1616,310,242,true
1617,390,64,false
1618,319,598,false
1619,925,61,true
1620,746,656,false
1621,58,361,true
1622,7,251,true
1623,90,511,false
1624,683,804,false
1625,655,111,false
1626,993,455,true
1627,907,93,false
1628,94,765,true
1629,371,967,false
1630,718,877,false
1631,427,934,true
1632,332,998,false
1633,83,909,false
1634,558,304,false
1635,180,199,true
1636,866,310,true
1637,47,166,false
1638,634,922,false
1639,385,618,false
1640,427,953,true
1641,897,533,false
1642,175,181,false
1643,209,73,false
1644,173,751,true
1645,704,309,false
1646,445,887,false
1647,673,373,true
1648,60,112,true
1649,367,809,true
1650,698,659,true
1651,827,758,false
1652,62,288,true
1653,982,687,false
1654,483,841,false
1655,729,803,true
1656,781,403,false
1657,966,666,false
1658,118,102,false
1659,860,742,false
1660,765,773,true
1661,272,122,false
1662,710,247,false
1663,967,469,true
1664,144,771,true
1665,574,905,false
1666,920,389,true
1667,17,531,true
1668,51,694,true
1669,420,526,true
1670,725,26,false
1671,915,684,false
1672,554,857,true
1673,763,161,true
1674,13,618,false
1675,856,107,true
1676,44,636,false
1677,92,116,true
1678,969,713,true
1679,916,472,false
1680,517,981,false
1681,731,293,true
1682,309,470,true
1683,159,97,true
1684,700,446,true
1685,743,512,true
1686,487,626,true
1687,772,213,false
1688,663,538,false
1689,591,460,false
1690,105,730,false
1691,286,686,true
1692,333,176,true
1693,278,741,false
1694,628,49,false
1695,445,958,true
1696,588,683,true
1697,158,166,true
1698,184,380,true
1699,24,349,false
1700,339,639,true
1701,258,572,true
1702,354,978,true
1703,603,812,false
1704,508,389,false
1705,818,594,true
1706,665,667,false
1707,967,698,false
1708,649,441,true
1709,661,974,false
1710,440,204,false
1711,25,789,true
1712,599,511,false
1713,607,165,true
1714,417,281,false
1715,773,425,false
1716,638,775,true
1717,620,168,false
1718,170,77,true
1719,722,305,false
1720,831,308,true
1721,791,828,false
1722,388,975,false
1723,506,449,true
1724,575,336,true
1725,651,879,false
1726,643,24,true
1727,467,318,true
1728,489,757,false
1729,247,577,true
1730,773,367,false
1731,489,601,false
1732,683,494,false
1733,207,110,true
1734,871,701,true
1735,235,313,false
1736,734,464,true
1737,720,176,true
1738,702,151,false
1739,920,687,false
1740,275,794,true
1741,307,267,true
1742,223,931,false
1743,441,290,false
1744,46,578,false
1745,178,569,true
1746,532,216,false
1747,365,160,true
1748,249,33,true
1749,259,698,false
1750,196,969,false
1751,930,255,false
1752,531,293,true
1753,105,695,false
1754,909,937,true
1755,501,103,true
1756,357,522,false
1757,723,303,true
1758,442,44,true
1759,633,135,true
1760,85,971,true
1761,847,336,false
1762,815,955,false
1763,484,287,false
1764,594,325,false
1765,929,944,false
1766,193,453,true
1767,370,645,false
1768,841,813,true
1769,993,486,false
1770,576,109,true
1771,193,500,false
1772,977,740,true
1773,272,54,true
1774,70,102,true
1775,810,496,false
1776,78,368,false
1777,126,535,false
1778,666,283,false
1779,298,969,true
1780,470,975,false
1781,465,672,false
1782,671,599,true
1783,972,380,true
1784,487,733,false
1785,488,332,false
1786,489,667,true
1787,346,174,true
1788,51,239,false
1789,298,451,false
1790,164,834,true
1791,284,46,true
1792,987,514,false
1793,742,924,false
1794,571,49,false
1795,427,898,false
1796,611,719,true
1797,124,43,false
1798,191,206,false
1799,151,375,false
1800,122,74,false
1801,601,674,false
1802,687,129,true
1803,956,579,true
1804,905,285,false
1805,108,466,false
1806,952,879,true
1807,761,714,true
1808,122,647,false
1809,765,682,false
1810,722,890,true
1811,195,292,false
1812,598,813,false
1813,130,760,true
1814,707,692,false
1815,621,504,false
1816,159,977,false
1817,844,576,false
1818,198,621,false
1819,70,608,false
1820,591,391,true
1821,412,633,true
1822,465,73,true
1823,782,165,true
1824,643,249,true
1825,63,370,true
1826,760,695,false
1827,352,764,false
1828,643,324,true
1829,486,184,false
1830,322,977,false
1831,340,663,true
1832,128,284,false
1833,398,896,false
1834,836,925,false
1835,346,674,true
1836,733,880,false
1837,491,937,true
1838,981,973,true
1839,171,925,false
1840,866,451,true
1841,464,361,false
1842,968,54,false
1843,934,987,false
1844,674,850,true
1845,671,912,false
1846,121,245,true
1847,714,543,true
1848,220,931,true
1849,66,650,false
1850,432,307,true
1851,86,778,false
1852,229,266,false
1853,969,532,false
1854,665,134,true
1855,17,432,false
1856,137,419,false
1857,207,8,false
1858,296,642,true
1859,68,338,true
1860,143,695,true
1861,690,507,false
1862,988,652,true
1863,272,661,false
1864,550,335,true
1865,514,744,false
1866,81,131,false
1867,829,809,false
1868,315,975,false
1869,81,945,true
1870,763,330,false
1871,358,370,false
1872,939,503,true
1873,280,140,false
1874,702,834,true
1875,515,867,true
1876,974,350,true
1877,371,110,true
1878,708,513,true
1879,447,119,false
1880,819,302,false
1881,648,52,true
1882,516,216,false
1883,311,411,true
1884,114,597,false
1885,74,664,true
1886,986,844,true
1887,429,557,true
1888,751,127,true
1889,583,431,true
1890,931,522,false
1891,48,947,true
1892,703,235,true
1893,958,444,true
1894,184,14,true
1895,387,933,false
1896,892,454,true
1897,369,212,false
1898,186,891,true
1899,576,875,true
1900,505,828,true
1901,209,421,true
1902,103,312,false
1903,641,971,true
1904,987,91,true
1905,79,307,true
1906,488,975,false
1907,519,26,true
1908,556,317,true
1909,951,344,true
1910,507,612,true
1911,26,495,true
1912,684,297,false
1913,567,216,false
1914,511,950,false
1915,903,792,false
1916,513,42,true
1917,112,169,true
1918,281,415,false
1919,92,797,false
1920,641,264,true
1921,109,445,false
1922,736,903,false
1923,521,771,false
1924,192,246,false
1925,593,75,true
1926,42,782,true
1927,660,873,false
1928,448,185,false
1929,384,307,false
1930,821,955,false
1931,742,290,true
1932,811,205,true
1933,348,820,true
1934,580,987,false
1935,838,759,false
1936,840,179,true
1937,288,861,true
1938,453,714,false
1939,716,238,true
1940,611,790,true
1941,14,37,false
1942,209,872,false
1943,82,361,false
1944,218,293,false
1945,757,119,true
1946,714,379,true
1947,76,56,true
1948,476,980,false
1949,850,843,false
1950,906,817,true
1951,755,751,false
1952,771,382,true
1953,492,297,false
1954,620,216,true
1955,440,96,false
1956,947,590,true
1957,645,7,false
1958,114,999,false
1959,110,180,false
1960,950,137,false
1961,267,379,true
1962,466,101,false
1963,449,745,true
1964,951,437,false
1965,630,605,true
1966,181,86,false
1967,271,740,false
1968,333,816,true
1969,847,146,true
1970,194,876,false
1971,754,285,false
1972,70,894,false
1973,647,791,false
1974,963,712,false
1975,877,212,false
1976,90,115,false
1977,592,440,false
1978,735,837,true
1979,78,968,true
1980,845,217,true
1981,880,961,false
1982,429,253,false
1983,884,780,true
1984,944,833,false
1985,761,981,true
1986,35,387,false
1987,301,224,true
1988,223,974,true
1989,889,494,true
1990,182,700,true
1991,977,198,false
1992,95,585,true
1993,541,883,true
1994,850,974,true
1995,792,414,true
1996,935,546,true
1997,160,311,true
1998,228,134,true
1999,730,758,true
2000,993,672,false
2001,575,663,true
2002,92,109,false
2003,550,842,false
2004,267,842,false
2005,450,673,false
2006,188,453,false
2007,329,687,true
2008,724,693,false
2009,248,738,true
2010,625,565,false
2011,567,296,true
2012,46,243,false
2013,705,945,true
2014,321,912,false
2015,238,859,true
2016,393,5,true
2017,208,855,true
2018,874,725,false
2019,353,152,true
2020,942,38,true
2021,99,142,false
2022,873,935,true
2023,981,137,false
2024,616,793,false
2025,199,2,true
2026,394,317,false
2027,319,565,true
2028,452,367,false
2029,971,105,false
2030,864,383,false
2031,32,975,true
2032,482,488,true
2033,461,982,false
2034,566,494,false
2035,524,679,true
2036,656,655,true
2037,80,372,false
2038,242,197,true
2039,885,30,true
2040,119,181,false
2041,676,919,false
2042,494,909,true
2043,902,937,true
2044,663,854,true
2045,428,247,true
2046,821,704,false
2047,635,940,false
2048,655,813,true
2049,427,568,false
2050,188,829,false
2051,655,712,false
2052,390,174,true
2053,199,549,false
2054,545,730,true
2055,256,984,true
2056,174,127,true
2057,576,182,true
2058,331,873,true
2059,949,649,true
2060,989,281,false
2061,521,342,false
2062,75,193,true
2063,282,401,false
2064,442,138,true
2065,332,106,true
2066,815,439,false
2067,910,385,true
2068,594,357,true
2069,244,309,true
2070,97,466,false
2071,961,557,false
2072,527,244,true
2073,326,476,false
2074,859,549,false
2075,466,766,true
2076,16,465,false
2077,276,751,true
2078,691,665,false
2079,556,447,false
2080,577,72,false
2081,256,184,false
2082,433,828,true
2083,155,570,false
2084,660,352,false
2085,447,297,false
2086,256,790,false
2087,605,780,false
2088,538,310,true
2089,614,654,true
2090,869,83,true
2091,180,115,true
2092,519,414,true
2093,340,580,true
2094,198,456,false
2095,587,550,true
2096,22,130,false
2097,705,102,false
2098,692,338,false
2099,516,589,false
2100,832,378,false
2101,437,897,false
2102,156,918,false
2103,623,152,true
2104,807,146,false
2105,46,474,false
2106,484,103,true
2107,864,269,false
2108,372,143,true
2109,859,435,true
2110,681,400,true
2111,830,646,false
2112,870,520,true
2113,41,655,false
2114,23,171,false
2115,889,692,true
2116,313,468,false
2117,784,187,false
2118,696,438,true
2119,447,863,false
2120,6,966,true
2121,899,571,false
2122,524,260,false
2123,956,364,false
2124,395,13,true
2125,430,993,true
2126,778,197,false
2127,704,240,true
2128,320,599,false
2129,904,661,false
2130,132,589,false
2131,929,310,false
2132,34,16,false
2133,477,315,true
2134,259,503,false
2135,298,1000,false
2136,480,100,true
2137,499,260,false
2138,322,590,false
2139,210,529,false
2140,702,865,true
2141,382,460,true
2142,919,961,true
2143,912,853,true
2144,22,873,false
2145,499,565,true
2146,130,517,false
2147,110,405,false
2148,379,396,true
2149,752,706,true
2150,152,29,false
2151,774,148,true
2152,157,222,false
2153,217,827,true
2154,894,641,true
2155,689,767,true
2156,82,929,false
2157,127,358,false
2158,965,715,false
2159,158,167,true
2160,31,549,false
2161,960,654,true
2162,10,993,true
2163,372,38,false
2164,243,591,false
2165,646,437,false
2166,805,819,true
2167,327,677,false
2168,722,727,true
2169,899,642,false
2170,836,504,false
2171,436,911,false
2172,5,994,true
2173,342,533,false
2174,576,725,true
2175,868,131,true
2176,525,866,false
2177,568,165,true
2178,472,674,true
2179,30,165,false
2180,9,366,false
2181,371,670,false
2182,632,365,true
2183,272,482,false
2184,124,973,true
2185,638,547,true
2186,756,19,false
2187,625,753,false
2188,487,112,false
2189,919,103,true
2190,619,498,false
2191,816,121,true
2192,93,800,false
2193,474,689,true
2194,332,462,true
2195,838,799,true
2196,346,432,true
2197,757,678,false
2198,608,127,false
2199,918,547,false
2200,386,894,false
2201,564,508,false
2202,409,620,false
2203,738,117,true
2204,90,826,false
2205,628,952,false
2206,911,952,true
2207,337,167,false
2208,558,520,true
2209,534,70,true
2210,101,387,false
2211,833,131,true
2212,695,608,true
2213,331,140,true
2214,551,822,true
2215,42,1,false
2216,544,444,false
2217,564,491,true
2218,697,626,true
2219,307,141,true
2220,306,888,false
2221,427,844,false
2222,612,386,true
2223,409,634,false
2224,987,497,false
2225,326,833,false
2226,167,403,true
2227,538,266,false
2228,931,260,true
2229,865,414,true
2230,721,781,false
2231,403,716,false
2232,916,612,false
2233,222,606,true
2234,310,90,false
2235,113,124,false
2236,557,331,true
2237,104,283,false
2238,197,93,false
2239,687,973,true
2240,677,959,true
2241,516,172,false
2242,582,417,false
2243,373,395,false
2244,803,804,true
2245,785,387,false
2246,61,537,true
2247,341,862,true
2248,308,610,false
2249,650,372,true
2250,486,433,false
2251,720,881,true
2252,138,12,true
2253,94,921,true
2254,52,267,true
2255,814,211,false
2256,892,211,false
2257,479,999,true
2258,948,826,true
2259,943,996,false
2260,245,982,false
2261,389,798,true
2262,322,649,false
2263,774,652,true
2264,494,676,true
2265,445,119,true
2266,819,964,false
2267,6,915,true
2268,167,578,true
2269,435,81,true
2270,403,673,true
2271,922,124,false
2272,606,901,true
2273,836,629,false
2274,609,654,true
2275,42,223,false
2276,981,123,true
2277,815,361,true
2278,950,817,true
2279,292,170,false
2280,919,149,false
2281,923,560,true
2282,590,301,false
2283,283,465,false
2284,493,753,false
2285,343,84,false
2286,894,249,false
2287,917,950,false
2288,628,327,true
2289,971,585,false
2290,335,331,false
2291,12,176,false
2292,190,144,true
2293,972,312,true
2294,743,836,false
2295,49,187,false
2296,63,766,true
2297,361,165,true
2298,89,509,true
2299,721,236,true
2300,747,908,true
2301,96,27,false
2302,185,735,true
2303,144,47,true
2304,496,260,true
2305,562,495,true
2306,567,417,false
2307,841,575,false
2308,666,73,true
2309,465,945,true
2310,190,152,true
2311,332,501,true
2312,546,630,false
2313,819,639,false
2314,581,34,true
2315,727,501,false
2316,828,26,false
2317,966,138,true
2318,609,672,true
2319,365,998,false
2320,846,11,false
2321,342,202,false
2322,97,190,false
2323,985,543,true
2324,417,519,true
2325,409,269,true
2326,446,421,false
2327,827,37,false
2328,792,795,true
2329,855,870,true
2330,349,622,true
2331,3,756,false
2332,187,403,false
2333,232,95,false
2334,453,666,false
2335,482,293,true
2336,662,91,false
2337,800,895,true
2338,229,917,false
2339,1000,352,false
2340,785,288,false
2341,661,22,true
2342,590,602,true
2343,340,943,true
2344,457,238,false
2345,210,142,true
2346,726,447,true
2347,66,532,false
2348,336,957,true
2349,151,473,false
2350,936,944,true
2351,562,854,true
2352,930,98,true
2353,87,597,true
2354,722,32,true
2355,286,145,false
2356,945,849,false
2357,582,805,false
2358,50,791,false
2359,644,730,true
2360,319,336,true
2361,251,717,false
2362,630,67,false
2363,755,458,true
2364,679,218,true
2365,273,542,true
2366,483,21,false
2367,768,220,false
2368,664,350,true
2369,217,190,false
2370,681,943,true
2371,344,811,true
2372,524,398,true
2373,876,549,true
2374,279,537,true
2375,28,981,false
2376,933,361,false
2377,60,576,true
2378,325,392,false
2379,410,583,true
2380,488,515,false
2381,873,431,false
2382,360,316,true
2383,405,432,false
2384,598,109,false
2385,994,505,true
2386,434,981,false
2387,817,46,false
2388,892,896,true
2389,337,219,false
2390,993,228,false
2391,541,894,true
2392,627,827,true
2393,508,225,false
2394,972,401,false
2395,975,339,true
2396,654,406,false
2397,711,242,true
2398,559,37,true
2399,184,949,true
2400,457,907,false
2401,967,773,true
2402,677,193,false
2403,455,87,false
2404,429,611,true
2405,32,914,false
2406,784,86,true
2407,570,508,true
2408,244,120,true
2409,933,167,true
2410,805,165,true
2411,838,404,false
2412,146,839,false
2413,651,681,true
2414,576,263,false
2415,584,535,false
2416,506,476,true
2417,687,991,false
2418,972,113,false
2419,17,117,false
2420,381,455,true
2421,903,309,false
2422,450,537,true
2423,44,161,false
2424,409,426,true
2425,848,847,false
2426,785,441,true
2427,185,986,false
2428,806,518,true
2429,802,21,false
2430,788,673,false
2431,220,686,false
2432,646,455,false
2433,915,554,true
2434,881,389,false
2435,497,729,false
2436,544,162,true
2437,24,531,false
2438,263,75,false
2439,580,886,true
2440,433,831,false
2441,128,480,true
2442,936,500,false
2443,611,913,true
2444,239,948,true
2445,320,628,true
2446,607,965,true
2447,776,198,true
2448,341,802,true
2449,135,217,true
2450,797,270,true
2451,211,531,true
2452,652,400,false
2453,750,111,false
2454,308,979,true
2455,631,322,false
2456,912,612,true
2457,555,981,true
2458,728,861,true
2459,878,336,true
2460,714,152,true
2461,175,62,true
2462,523,529,true
2463,380,223,true
2464,55,452,false
2465,223,31,false
2466,43,6,true
2467,423,97,false
2468,626,943,false
2469,103,833,true
2470,848,881,false
2471,586,646,false
2472,149,890,true
2473,276,668,true
2474,912,447,true
2475,773,578,true
2476,835,733,false
2477,957,325,true
2478,194,769,false
2479,856,80,true
2480,848,616,false
2481,35,279,false
2482,873,159,false
2483,774,840,true
2484,848,390,false
2485,138,617,false
2486,405,839,true
2487,321,524,false
2488,373,526,true
2489,302,637,false
2490,334,234,true
2491,189,840,false
2492,572,856,false
2493,899,868,true
2494,367,742,true
2495,833,330,false
2496,81,907,false
2497,185,175,true
2498,919,730,true
2499,771,725,false
2500,957,696,false
2501,302,460,true
2502,838,550,false
2503,761,961,true
2504,892,727,false
2505,161,246,true
2506,309,684,true
2507,757,580,false
2508,554,560,true
2509,303,456,false
2510,879,998,true
2511,891,487,false
2512,703,111,true
2513,851,798,true
2514,944,933,true
2515,986,463,false
2516,342,609,false
2517,556,303,false
2518,192,274,false
2519,607,265,false
2520,856,784,false
2521,62,221,true
2522,69,450,false
2523,20,483,true
2524,912,872,false
2525,153,797,false
2526,784,646,true
2527,215,953,false
2528,383,131,false
2529,899,477,true
2530,426,434,true
2531,138,271,true
2532,348,471,false
2533,200,503,true
2534,66,351,false
2535,142,272,true
2536,126,41,false
2537,989,605,true
2538,696,312,true
2539,699,907,true
2540,616,67,false
2541,329,206,true
2542,95,64,false
2543,251,540,false
2544,592,536,true
2545,467,980,true
2546,472,337,false
2547,376,911,true
2548,307,10,true
2549,178,203,false
2550,60,573,true
2551,198,232,true
2552,814,597,true
2553,604,939,false
2554,973,460,false
2555,989,582,true
2556,797,367,false
2557,603,789,true
2558,498,85,false
2559,171,75,false
2560,530,321,false
2561,708,168,true
2562,671,967,true
2563,344,631,false
2564,658,981,true
2565,607,559,true
2566,812,990,false
2567,781,50,true
2568,552,751,false
2569,374,875,true
2570,760,121,true
2571,170,449,false
2572,252,155,true
2573,350,194,false
2574,96,80,false
2575,646,179,false
2576,413,181,false
2577,255,536,false
2578,276,188,true
2579,99,182,true
2580,417,809,false
2581,235,961,true
2582,789,599,true
2583,884,392,false
2584,280,128,true
2585,96,671,true
2586,470,226,false
2587,196,89,false
2588,483,452,false
2589,754,955,true
2590,113,847,false
2591,395,136,true
2592,948,596,true
2593,505,119,true
2594,897,107,false
2595,399,694,true
2596,58,503,false
2597,599,682,false
2598,134,442,false
2599,529,549,true
2600,513,781,true
2601,546,829,true
2602,296,144,true
2603,506,422,false
2604,478,698,false
2605,443,419,false
2606,283,697,true
2607,519,68,false
2608,735,234,false
2609,43,100,false
2610,487,705,true
2611,739,27,true
2612,806,187,false
2613,713,744,true
2614,619,7,true
2615,180,77,false
2616,391,310,false
2617,664,320,true
2618,968,855,false
2619,297,289,false
2620,964,748,true
2621,103,271,false
2622,322,617,false
2623,299,561,true
2624,456,377,false
2625,931,622,false
2626,381,267,true
2627,518,617,true
2628,323,96,false
2629,784,369,false
2630,885,270,false
2631,853,836,false
2632,440,672,true
2633,969,628,true
2634,36,130,true
2635,117,510,true
2636,601,692,false
2637,66,347,true
2638,186,394,false
2639,514,904,true
2640,123,456,false
2641,256,202,false
2642,152,94,true
2643,689,127,false
2644,433,591,false
2645,878,129,false
2646,955,723,false
2647,206,610,true
2648,217,786,true
2649,209,35,false
2650,411,622,false
2651,28,996,true
2652,392,793,true
2653,432,539,true
2654,99,212,false
2655,816,392,false
2656,508,296,true
2657,129,139,false
2658,221,981,false
2659,771,172,true
2660,151,787,true
2661,20,276,false
2662,570,287,false
2663,405,160,false
2664,2,972,true
2665,10,104,false
2666,750,135,true
2667,620,467,false
2668,621,772,false
2669,575,333,true
2670,963,381,true
2671,466,974,true
2672,87,62,false
2673,866,403,false
2674,350,294,false
2675,997,914,true
2676,150,656,false
2677,917,185,false
2678,870,352,true
2679,688,981,true
2680,756,439,false
2681,390,647,false
2682,613,5,false
2683,887,368,true
2684,898,656,true
2685,409,388,false
2686,494,66,true
2687,609,674,false
2688,944,975,false
2689,289,366,false
2690,63,125,false
2691,440,866,true
2692,981,902,false
2693,890,674,false
2694,234,142,false
2695,193,124,true
2696,502,631,true
2697,663,627,false
2698,424,172,true
2699,257,54,true
2700,26,184,false
2701,361,366,false
2702,902,784,true
2703,999,464,false
2704,40,189,false
2705,872,790,true
2706,591,804,false
2707,381,244,false
2708,208,515,false
2709,472,780,false
2710,605,775,true
2711,204,972,false
2712,313,537,true
2713,694,147,true
2714,106,400,false
2715,919,631,false
2716,760,488,false
2717,834,464,true
2718,251,759,true
2719,48,969,false
2720,591,643,true
2721,849,53,false
2722,714,10,false
2723,639,877,false
2724,495,299,false
2725,386,895,false
2726,213,51,true
2727,331,587,true
2728,816,441,true
2729,161,519,true
2730,214,167,false
2731,84,357,false
2732,183,222,false
2733,232,640,true
2734,884,154,true
2735,662,463,true
2736,531,919,false
2737,277,850,false
2738,912,165,false
2739,917,714,false
2740,677,855,false
2741,420,462,false
2742,71,544,true
2743,322,182,true
2744,903,445,false
2745,596,608,true
2746,873,302,true
2747,447,915,false
2748,943,951,false
2749,19,356,true
2750,548,475,false
2751,417,195,true
2752,585,381,false
2753,229,855,true
2754,555,110,false
2755,934,569,false
2756,745,315,true
2757,816,754,true
2758,719,972,true
2759,255,844,false
2760,259,486,true
2761,485,263,false
2762,581,873,true
2763,291,469,false
2764,285,603,false
2765,494,487,false
2766,217,960,true
2767,173,5,true
2768,724,601,false
2769,627,928,true
2770,464,176,false
2771,517,701,true
2772,819,618,false
2773,313,384,false
2774,10,224,true
2775,848,2,true
2776,896,569,true
2777,612,545,true
2778,962,82,false
2779,450,888,true
2780,40,281,false
2781,373,442,true
2782,329,450,false
2783,158,30,false
2784,131,746,true
2785,582,691,true
2786,800,981,true
2787,900,541,false
2788,999,982,true
2789,978,387,false
2790,62,934,false
2791,387,974,false
2792,87,671,true
2793,434,284,true
2794,805,227,true
2795,811,110,true
2796,92,929,true
2797,868,398,false
2798,564,181,false
2799,181,194,false
2800,659,988,true
2801,644,551,false
2802,82,216,true
2803,293,568,false
2804,55,774,false
2805,779,816,true
2806,503,815,false
2807,281,378,true
2808,164,416,true
2809,320,959,true
2810,550,811,false
2811,242,497,true
2812,320,932,true
2813,641,508,true
2814,22,845,false
2815,517,395,false
2816,449,979,true
2817,406,261,true
2818,65,114,true
2819,52,289,true
2820,927,315,true
2821,89,422,true
2822,679,734,false
2823,484,670,false
2824,974,637,false
2825,131,521,true
2826,945,543,true
2827,236,394,false
2828,963,442,false
2829,661,563,true
2830,560,162,true
2831,320,733,true
2832,397,383,true
2833,410,696,true
2834,848,989,false
2835,286,862,false
2836,732,436,false
2837,32,510,true
2838,15,196,false
2839,506,153,true
2840,87,918,false
2841,891,239,true
2842,342,359,true
2843,99,802,true
2844,185,855,false
2845,729,392,true
2846,187,515,false
2847,910,871,false
2848,276,112,false
2849,765,142,false
2850,129,806,true
2851,711,838,true
2852,610,167,false
2853,963,221,false
2854,540,859,true
2855,902,636,false
2856,976,32,true
2857,882,451,false
2858,950,940,false
2859,241,30,false
2860,692,656,false
2861,759,497,true
2862,969,932,true
2863,302,871,false
2864,27,617,false
2865,694,212,true
2866,213,311,true
2867,128,670,true
2868,650,647,false
2869,262,792,true
2870,531,476,true
2871,844,476,true
2872,688,69,true
2873,273,245,false
2874,389,595,true
2875,13,370,true
2876,681,844,false
2877,760,615,false
2878,470,940,true
2879,787,444,false
2880,221,746,true
2881,952,871,true
2882,941,113,false
2883,470,88,false
2884,518,176,false
2885,192,610,true
2886,124,238,false
2887,593,128,false
2888,954,935,false
2889,620,481,true
2890,885,876,true
2891,974,717,false
2892,310,965,false
2893,525,637,false
2894,621,136,false
2895,448,12,false
2896,392,18,false
2897,702,730,false
2898,432,512,true
2899,903,423,true
2900,436,639,true
2901,866,93,false
2902,257,254,false
2903,858,107,false
2904,833,561,false
2905,602,194,false
2906,873,593,false
2907,557,537,true
2908,349,735,true
2909,900,729,false
2910,401,57,false
2911,982,958,false
2912,403,502,true
2913,748,749,true
2914,635,95,true
2915,998,380,false
2916,426,525,false
2917,276,63,false
2918,489,858,false
2919,990,166,true
2920,948,143,false
2921,852,710,true
2922,69,907,false
2923,338,656,false
2924,448,405,true
2925,314,603,false
2926,283,317,false
2927,738,634,true
2928,838,732,true
2929,250,529,true
2930,512,564,true
2931,49,152,true
2932,735,340,true
2933,188,784,true
2934,755,400,false
2935,814,936,true
2936,75,383,true
2937,318,795,true
2938,47,86,false
2939,499,311,false
2940,735,433,false
2941,104,130,false
2942,692,567,false
2943,602,24,false
2944,470,957,false
2945,369,408,false
2946,806,520,true
2947,480,740,false
2948,730,23,true
2949,96,409,true
2950,280,379,false
2951,915,266,false
2952,456,534,false
2953,455,829,true
2954,292,611,true
2955,499,674,true
2956,626,625,false
2957,998,494,true
2958,110,941,true
2959,629,905,true
2960,297,806,true
2961,820,640,false
2962,971,59,true
2963,772,599,false
2964,405,509,true
2965,455,52,true
2966,717,649,false
2967,528,479,true
2968,352,299,false
2969,984,208,true
2970,759,991,false
2971,115,836,false
2972,918,207,true
2973,56,370,true
2974,476,498,false
2975,739,761,false
2976,521,457,true
2977,234,229,true
2978,700,979,true
2979,124,281,true
2980,706,954,false
2981,1,744,true
2982,863,384,false
2983,363,568,true
2984,757,547,false
2985,200,857,false
2986,368,316,true
2987,672,705,true
2988,472,939,true
2989,771,898,false
2990,325,589,true
2991,89,283,true
2992,760,926,true
2993,351,945,true
2994,286,149,false
2995,480,448,false
2996,379,489,false
2997,309,969,true
2998,204,358,false
2999,961,643,false
3000,884,192,true
3001,440,789,false
3002,107,592,true
3003,912,454,false
3004,899,337,false
3005,425,418,true
3006,661,677,true
3007,39,385,true
3008,899,244,true
3009,95,660,false
3010,338,451,true
3011,939,267,false
3012,864,403,false
3013,271,785,false
3014,925,832,false
3015,596,493,true
3016,753,934,true
3017,756,962,true
3018,529,747,false
3019,916,588,true
3020,333,16,true
3021,195,581,true
3022,670,662,true
3023,354,909,false
3024,204,347,true
3025,32,348,true
3026,593,611,false
3027,661,405,true
3028,657,690,false
3029,288,966,false
3030,106,36,true
3031,807,898,false
3032,930,841,false
3033,989,287,false
3034,14,294,false
3035,495,301,false
3036,324,18,true
3037,219,245,false
3038,240,483,true
3039,798,288,true
3040,362,672,false
3041,990,558,false
3042,219,519,true
3043,61,23,true
3044,543,367,true
3045,45,421,true
3046,965,430,false
3047,396,193,false
3048,642,958,false
3049,866,266,true
3050,255,494,true
3051,247,175,false
3052,272,991,true
3053,98,615,false
3054,892,446,true
3055,162,449,true
3056,741,119,true
3057,296,894,true
3058,373,17,false
3059,980,517,true
3060,322,174,false
3061,266,924,false
3062,711,145,true
3063,230,148,true
3064,608,379,false
3065,783,427,true
3066,371,647,false
3067,788,575,false
3068,391,149,true
3069,503,753,false
3070,510,816,false
3071,812,356,false
3072,289,22,false
3073,777,465,true
3074,406,526,true
3075,872,725,true
3076,634,555,false
3077,310,919,false
3078,94,235,true
3079,877,448,false
3080,359,353,true
3081,475,152,false
3082,517,635,false
3083,183,201,false
3084,622,483,true
3085,570,794,false
3086,239,922,false
3087,808,352,true
3088,611,496,false
3089,656,278,true
3090,232,827,true
3091,205,94,false
3092,172,46,false
3093,534,965,false
3094,127,561,true
3095,943,364,false
3096,504,426,true
3097,417,998,true
3098,134,465,false
3099,584,579,false
3100,500,41,false
3101,134,645,false
3102,396,291,false
3103,23,424,false
3104,520,218,true
3105,844,902,false
3106,98,571,false
3107,37,96,true
3108,778,723,true
3109,399,979,false
3110,590,59,false
3111,805,71,false
3112,916,71,true
3113,241,862,false
3114,899,44,true
3115,574,571,true
3116,94,852,true
3117,607,275,true
3118,918,425,true
3119,738,854,false
3120,817,583,false
3121,238,906,false
3122,916,265,true
3123,959,216,false
3124,290,309,false
3125,910,455,true
3126,537,700,true
3127,944,689,true
3128,813,219,true
3129,761,851,false
3130,364,348,false
3131,468,578,true
3132,376,860,false
3133,999,100,true
3134,237,467,false
3135,165,12,false
3136,390,546,true
3137,681,364,true
3138,615,414,true
3139,437,402,true
3140,445,492,false
3141,833,260,false
3142,705,254,false
3143,203,87,false
3144,457,771,true
3145,541,716,false
3146,54,875,false
3147,84,482,true
3148,655,917,false
3149,515,11,true
3150,757,154,true
3151,555,955,true
3152,661,308,true
3153,707,185,true
3154,553,579,true
3155,257,101,true
3156,482,762,false
3157,572,914,true
3158,962,662,false
3159,25,676,true
3160,254,484,false
3161,642,79,true
3162,891,92,false
3163,58,273,true
3164,91,196,false
3165,55,888,true
3166,627,632,true
3167,323,770,false
3168,75,229,false
3169,186,600,true
3170,142,317,true
3171,922,467,false
3172,263,704,false
3173,326,195,false
3174,471,725,true
3175,41,158,true
3176,894,324,true
3177,41,911,true
3178,779,968,false
3179,929,945,true
3180,347,936,false
3181,45,999,false
3182,146,267,false
3183,631,704,true
3184,104,679,true
3185,714,9,false
3186,820,322,false
3187,431,320,true
3188,1,614,true
3189,322,121,false
3190,711,274,true
3191,463,893,false
3192,706,620,true
3193,181,263,false
3194,788,516,false
3195,664,208,true
3196,722,220,true
3197,798,661,true
3198,350,919,true
3199,989,763,false
3200,276,423,true
3201,146,307,false
3202,33,121,false
3203,482,422,false
3204,406,753,true
3205,888,83,false
3206,860,726,true
3207,239,886,false
3208,243,810,true
3209,936,623,false
3210,197,952,false
3211,921,108,true
3212,368,499,true
3213,993,578,true
3214,676,502,true
3215,672,151,false
3216,57,648,true
3217,686,80,true
3218,770,740,false
3219,971,992,false
3220,721,529,true
3221,553,136,true
3222,579,747,true
3223,622,497,false
3224,363,950,true
3225,85,958,false
3226,919,20,false
3227,502,726,true
3228,236,820,true
3229,541,942,true
3230,885,747,true
3231,941,966,true
3232,378,45,false
3233,481,460,true
3234,257,232,false
3235,369,895,false
3236,895,33,true
3237,684,316,true
3238,847,866,true
3239,383,260,true
3240,874,946,false
3241,246,964,false
3242,484,621,false
3243,774,758,true
3244,269,687,true
3245,800,832,true
3246,321,437,true
3247,217,466,true
3248,169,504,true
3249,112,652,false
3250,742,583,true
3251,340,401,false
3252,900,1000,true
3253,329,243,true
3254,598,241,false
3255,655,321,true
3256,576,642,false
3257,577,509,true
3258,790,97,true
3259,663,343,true
3260,837,752,false
3261,131,588,true
3262,870,756,true
3263,771,503,true
3264,672,130,true
3265,746,225,false
3266,618,110,true
3267,359,263,true
3268,687,767,false
3269,134,570,true
3270,477,482,true
3271,614,281,false
3272,343,861,false
3273,307,429,false
3274,345,105,true
3275,938,450,false
3276,654,306,true
3277,665,396,true
3278,798,193,true
3279,212,175,true
3280,46,106,false
3281,665,392,false
3282,850,637,false
3283,940,755,true
3284,303,568,true
3285,350,216,false
3286,486,724,false
3287,981,262,false
3288,642,62,false
3289,541,247,false
3290,113,677,true
3291,548,19,false
3292,327,792,true
3293,546,460,false
3294,713,400,true
3295,306,363,false
3296,947,746,false
3297,665,10,true
3298,455,731,false
3299,855,628,false
3300,106,416,true
3301,739,698,true
3302,107,56,false
3303,29,494,true
3304,632,758,true
3305,339,854,true
3306,540,39,true
3307,24,654,false
3308,30,178,true
3309,47,822,false
3310,365,50,true
3311,168,736,true
3312,316,657,false
3313,773,551,true
3314,653,840,true
3315,216,869,false
3316,452,688,true
3317,439,962,false
3318,109,801,false
3319,673,635,false
3320,28,425,true
3321,376,465,true
3322,153,247,true
3323,466,111,true
3324,812,697,true
3325,935,900,false
3326,831,767,false
3327,403,778,false
3328,463,634,false
3329,929,341,true
3330,167,875,true
3331,72,171,false
3332,318,473,true
3333,446,258,true
3334,855,666,true
3335,46,270,true
3336,579,32,true
3337,72,146,true
3338,714,590,true
3339,494,692,true
3340,787,564,true
3341,882,860,true
3342,258,142,false
3343,19,624,false
3344,204,734,true
3345,811,3,true
3346,325,370,true
3347,109,393,true
3348,456,751,false
3349,721,367,false
3350,466,40,false
3351,904,749,false
3352,962,643,false
3353,993,817,false
3354,571,495,true
3355,999,26,false
3356,901,140,true
3357,890,873,false
3358,140,353,true
3359,169,739,false
3360,672,802,true
3361,264,736,true
3362,714,991,false
3363,811,147,false
3364,127,604,true
3365,762,73,false
3366,898,110,false
3367,941,431,false
3368,371,617,true
3369,418,106,true
3370,710,408,false
3371,764,998,true
3372,231,826,true
3373,689,699,false
3374,562,163,true
3375,158,315,false
3376,373,846,true
3377,393,429,false
3378,512,547,true
3379,153,669,true
3380,207,45,true
3381,898,387,false
3382,584,503,false
3383,305,244,true
3384,477,447,true
3385,170,236,true
3386,804,446,true
3387,452,642,false
3388,350,390,true
3389,898,277,false
3390,783,98,false
3391,397,529,true
3392,246,968,false
3393,650,598,true
3394,609,457,true
3395,524,760,false
3396,437,750,false
3397,740,191,false
3398,634,371,true
3399,828,239,false
3400,883,957,false
3401,764,67,false
3402,90,1000,true
3403,228,991,false
3404,761,846,false
3405,208,344,true
3406,921,956,true
3407,133,297,false
3408,121,795,true
3409,916,516,false
3410,775,822,true
3411,247,581,true
3412,134,924,true
3413,51,562,true
3414,696,835,true
3415,515,383,true
3416,688,782,false
3417,223,351,true
3418,733,755,true
3419,465,976,false
3420,503,490,true
3421,932,184,true
3422,498,836,true
3423,793,715,true
3424,525,780,false
3425,736,148,true
3426,201,753,false
3427,940,266,false
3428,685,696,true
3429,80,552,false
3430,699,701,false
3431,175,935,true
3432,102,356,false
3433,738,321,true
3434,883,266,true
3435,711,321,false
3436,117,428,true
3437,942,866,false
3438,691,504,true
3439,882,728,true
3440,867,193,false
3441,70,344,false
3442,169,324,false
3443,872,162,true
3444,457,919,true
3445,41,873,true
3446,79,120,true
3447,173,947,true
3448,533,277,true
3449,974,344,true
3450,507,435,false
3451,621,962,false
3452,852,294,true
3453,688,468,true
3454,373,362,false
3455,538,314,false
3456,949,125,false
3457,343,839,false
3458,54,657,false
3459,835,676,false
3460,62,365,true
3461,393,943,true
3462,764,600,true
3463,373,880,false
3464,323,837,false
3465,193,431,false
3466,673,249,false
3467,498,197,true
3468,626,709,true
3469,974,438,false
3470,776,489,false
3471,892,46,false
3472,880,28,false
3473,547,665,true
3474,79,59,false
3475,126,851,false
3476,172,911,false
3477,130,485,true
3478,988,408,true
3479,336,142,false
3480,675,878,false
3481,88,321,false
3482,926,433,false
3483,362,292,true
3484,750,752,false
3485,633,850,false
3486,592,438,false
3487,100,104,true
3488,313,342,true
3489,965,848,false
3490,828,813,false
3491,560,732,false
3492,536,625,true
3493,966,865,true
3494,555,516,false
3495,873,472,false
3496,241,3,true
3497,321,253,true
3498,830,728,true
3499,574,518,false
3500,511,5,true
3501,254,780,true
3502,847,899,false
3503,760,521,false
3504,309,488,true
3505,405,416,true
3506,971,502,false
3507,180,626,true
3508,258,208,true
3509,940,270,false
3510,183,814,true
3511,587,492,false
3512,623,904,true
3513,664,853,true
3514,31,946,false
3515,322,980,true
3516,786,701,false
3517,226,304,false
3518,14,700,false
3519,438,641,false
3520,299,683,false
3521,217,535,false
3522,786,432,false
3523,419,264,true
3524,478,310,true
3525,702,694,false
3526,905,54,true
3527,506,573,true
3528,513,116,true
3529,681,487,false
3530,77,23,true
3531,70,928,true
3532,166,156,false
3533,516,958,false
3534,88,208,false
3535,501,258,true
3536,453,240,false
3537,506,991,false
3538,970,120,true
3539,43,779,true
3540,318,764,true
3541,958,475,false
3542,192,323,true
3543,463,39,true
3544,627,906,true
3545,779,594,true
3546,139,366,true
3547,161,967,false
3548,604,411,true
3549,434,328,false
3550,673,381,false
3551,604,432,false
3552,590,248,false
3553,92,255,true
3554,852,128,true
3555,423,783,true
3556,964,128,false
3557,859,600,true
3558,6,824,true
3559,651,176,true
3560,255,832,false
3561,142,119,false
3562,373,343,false
3563,337,584,false
3564,311,248,true
3565,364,232,true
3566,328,463,false
3567,734,517,false
3568,440,323,true
3569,520,839,false
3570,653,331,true
3571,13,588,true
3572,340,886,false
3573,815,419,true
3574,519,251,false
3575,695,538,true
3576,647,583,false
3577,747,662,true
3578,647,325,false
3579,453,226,false
3580,53,282,false
3581,208,706,true
3582,419,120,true
3583,544,514,true
3584,782,447,false
3585,405,994,false
3586,432,699,false
3587,784,568,false
3588,732,266,false
3589,387,172,false
3590,243,171,true
3591,949,271,false
3592,437,994,true
3593,946,834,false
3594,662,945,false
3595,577,112,false
3596,674,1,false
3597,953,414,true
3598,753,877,false
3599,682,661,false
3600,881,688,false
3601,423,267,true
3602,593,609,true
3603,113,981,false
3604,181,521,false
3605,68,674,false
3606,744,717,true
3607,664,105,false
3608,708,804,true
3609,348,944,false
3610,55,917,false
3611,803,460,true
3612,630,174,true
3613,347,824,true
3614,321,536,false
3615,761,71,false
3616,57,528,true
3617,933,468,true
3618,595,158,true
3619,458,685,false
3620,581,362,false
3621,190,918,true
3622,614,57,true
3623,514,794,true
3624,225,939,false
3625,639,572,false
3626,308,46,true
3627,820,699,false
3628,601,587,false
3629,53,275,true
3630,747,638,false
3631,372,11,false
3632,871,787,true
3633,237,611,true
3634,792,309,true
3635,857,927,true
3636,585,399,false
3637,348,652,false
3638,917,375,false
3639,182,302,false
3640,33,485,false
3641,601,992,false
3642,357,960,false
3643,434,809,true
3644,117,154,false
3645,151,819,true
3646,31,384,false
3647,9,531,false
3648,30,93,true
3649,565,278,false
3650,234,538,false
3651,436,225,true
3652,761,752,false
3653,887,170,false
3654,547,390,true
3655,43,477,false
3656,255,281,true
3657,543,306,true
3658,501,310,false
3659,119,587,false
3660,726,547,true
3661,238,971,true
3662,533,786,true
3663,246,907,false
3664,728,666,true
3665,622,103,false
3666,399,345,true
3667,544,754,true
3668,795,150,false
3669,195,550,true
3670,716,268,false
3671,649,440,true
3672,281,156,true
3673,597,680,true
3674,166,352,true
3675,714,701,true
3676,464,280,false
3677,236,584,false
3678,80,136,true
3679,158,124,false
3680,680,540,true
3681,809,893,true
3682,377,903,true
3683,339,73,true
3684,340,370,false
3685,829,816,true
3686,302,628,true
3687,840,70,true
3688,815,548,true
3689,305,581,false
3690,816,553,false
3691,807,907,false
3692,367,988,true
3693,335,161,false
3694,272,219,false
3695,856,961,true
3696,790,936,false
3697,378,956,false
3698,227,852,true
3699,950,564,false
3700,703,233,true
3701,146,366,false
3702,261,46,true
3703,443,406,true
3704,844,632,true
3705,401,829,false
3706,200,7,false
3707,573,874,false
3708,832,801,false
3709,924,620,true
3710,528,424,false
3711,572,186,true
3712,699,475,false
3713,763,965,false
3714,416,245,false
3715,710,750,true
3716,520,363,false
3717,948,551,true
3718,292,135,false
3719,895,807,true
3720,679,840,false
3721,303,209,true
3722,320,170,false
3723,33,945,false
3724,814,534,false
3725,475,272,true
3726,961,633,false
3727,743,636,false
3728,759,599,false
3729,53,992,true
3730,438,303,false
3731,110,573,true
3732,84,472,false
3733,511,48,false
3734,82,624,true
3735,812,495,true
3736,876,439,true
3737,281,711,false
3738,316,308,true
3739,652,342,false
3740,88,537,true
3741,479,911,true
3742,248,853,false
3743,713,702,true
3744,602,187,true
3745,995,17,false
3746,262,309,false
3747,945,185,true
3748,264,353,true
3749,840,593,true
3750,433,518,false
3751,144,37,true
3752,470,429,true
3753,754,771,false
3754,11,481,false
3755,930,788,true
3756,2,674,true
3757,779,238,false
3758,687,126,true
3759,352,375,true
3760,282,251,true
3761,298,225,false
3762,693,88,true
3763,85,275,true
3764,64,849,true
3765,62,958,true
3766,31,204,false
3767,434,277,false
3768,978,811,true
3769,109,624,false
3770,108,76,true
3771,480,489,false
3772,883,371,true
3773,586,534,true
3774,996,506,true
3775,386,299,false
3776,438,563,false
3777,603,73,false
3778,23,181,false
3779,681,167,false
3780,946,760,false
3781,935,710,false
3782,860,64,true
3783,198,111,false
3784,201,841,false
3785,763,113,false
3786,490,835,false
3787,412,604,false
3788,759,855,false
3789,424,538,true
3790,615,14,false
3791,39,11,false
3792,721,501,false
3793,851,725,false
3794,461,270,false
3795,522,412,true
3796,795,296,true
3797,436,910,false
3798,637,275,true
3799,30,756,true
3800,988,199,true
3801,474,105,true
3802,359,912,false
3803,245,430,true
3804,308,386,true
3805,513,506,false
3806,183,40,false
3807,719,412,true
3808,516,602,false
3809,969,45,false
3810,731,443,false
3811,587,755,false
3812,353,320,true
3813,417,575,false
3814,778,577,false
3815,261,564,false
3816,706,723,true
3817,121,96,true
3818,915,37,false
3819,648,218,false
3820,989,855,true
3821,933,696,false
3822,11,233,false
3823,728,821,false
3824,216,687,true
3825,322,729,true
3826,982,439,true
3827,632,111,false
3828,16,993,true
3829,594,776,false
3830,654,519,true
3831,655,984,true
3832,691,524,false
3833,291,219,false
3834,182,33,false
3835,615,454,true
3836,761,745,true
3837,227,760,true
3838,869,695,false
3839,177,727,true
3840,770,87,false
3841,180,206,true
3842,811,337,true
3843,454,642,true
3844,143,856,true
3845,994,193,false
3846,342,84,true
3847,735,761,false
3848,622,522,true
3849,284,888,true
3850,667,10,false
3851,39,742,true
3852,204,161,false
3853,102,854,true
3854,687,360,true
3855,46,412,true
3856,192,375,true
3857,101,262,true
3858,589,257,true
3859,22,603,true
3860,722,296,true
3861,629,615,false
3862,382,578,false
3863,561,975,false
3864,355,55,true
3865,246,249,true
3866,66,452,false
3867,891,592,false
3868,55,941,false
3869,972,504,false
3870,284,919,false
3871,106,98,true
3872,230,579,false
3873,420,25,true
3874,900,710,true
3875,176,924,true
3876,671,92,true
3877,802,27,false
3878,890,291,false
3879,632,502,true
3880,645,751,false
3881,200,647,false
3882,217,889,false
3883,725,141,true
3884,703,675,false
3885,591,483,false
3886,816,817,true
3887,684,122,true
3888,277,105,true
3889,707,316,false
3890,220,457,false
3891,438,415,true
3892,103,983,false
3893,203,291,false
3894,324,706,true
3895,979,276,false
3896,169,505,true
3897,203,499,false
3898,899,301,false
3899,776,29,false
3900,160,674,false
3901,292,635,true
3902,284,55,true
3903,787,990,true
3904,218,929,true
3905,463,124,true
3906,473,867,true
3907,35,25,true
3908,633,233,false
3909,278,147,false
3910,216,599,false
3911,191,15,true
3912,479,275,true
3913,617,391,false
3914,777,701,false
3915,280,392,false
3916,992,327,true
3917,224,148,false
3918,41,991,true
3919,254,210,false
3920,580,802,true
3921,293,711,true
3922,296,113,false
3923,917,241,true
3924,625,666,true
3925,569,525,true
3926,162,451,true
3927,542,620,false
3928,173,768,false
3929,408,952,true
3930,564,101,true
3931,277,895,false
3932,141,731,true
3933,904,466,true
3934,576,338,true
3935,402,307,false
3936,399,65,true
3937,192,681,true
3938,555,782,false
3939,773,633,true
3940,482,405,false
3941,718,254,false
3942,752,4,false
3943,791,169,false
3944,899,480,false
3945,254,241,true
3946,36,87,false
3947,184,504,true
3948,124,716,true
3949,917,677,true
3950,686,65,false
3951,897,91,false
3952,871,673,true
3953,984,403,false
3954,819,995,false
3955,702,784,false
3956,184,728,false
3957,756,254,false
3958,810,526,false
3959,758,638,true
3960,676,717,false
3961,837,241,true
3962,542,258,true
3963,296,67,false
3964,217,679,true
3965,607,817,false
3966,750,997,false
3967,90,309,false
3968,919,589,true
3969,157,245,true
3970,144,516,true
3971,383,920,false
3972,795,402,true
3973,802,830,false
3974,94,844,true
3975,28,294,true
3976,121,482,true
3977,407,966,false
3978,557,127,false
3979,368,384,true
3980,165,750,true
3981,740,764,false
3982,573,379,false
3983,22,292,false
3984,650,82,false
3985,929,981,false
3986,127,478,true
3987,775,446,false
3988,694,141,false
3989,223,837,true
3990,242,64,true
3991,765,441,true
3992,836,195,true
3993,603,132,false
3994,616,242,false
3995,25,707,false
3996,374,470,false
3997,759,672,true
3998,609,632,true
3999,460,306,false
4000,350,971,true
4001,1570,1086,true
4002,1576,1800,false
4003,1654,1717,true
4004,1674,1217,false
4005,1005,1742,true
4006,1274,1491,true
4007,1597,1092,true
4008,1649,1557,false
4009,1324,1813,false
4010,1486,1462,false
4011,1193,1796,true
4012,1306,1746,false
4013,1017,1510,true
4014,1960,1059,false
4015,1604,1622,false
4016,1341,1876,true
4017,1514,1913,false
4018,1994,1291,true
4019,1133,1683,false
4020,1357,1941,true
4021,1992,1692,true
4022,1779,1859,false
4023,1038,1637,true
4024,1105,1305,true
4025,1005,1410,true
4026,1246,1592,false
4027,1576,1204,true
4028,1325,1876,false
4029,1995,1241,true
4030,1711,1943,false
4031,1249,1292,true
4032,1763,1224,false
4033,1914,1495,false
4034,1891,1842,false
4035,1550,1359,true
4036,1986,1672,false
4037,1445,1511,true
4038,1007,1494,false
4039,1037,1055,false
4040,1794,1301,false
4041,1016,1464,false
4042,1720,1685,true
4043,1660,1684,true
4044,1341,1465,true
4045,1634,1122,true
4046,1069,1361,false
4047,1063,1900,true
4048,1055,1806,false
4049,1224,1414,true
4050,1159,1531,true
4051,1427,1746,false
4052,1539,1221,true
4053,1655,1536,true
4054,1490,1211,false
4055,1814,1391,true
4056,1243,1527,false
4057,1181,1339,false
4058,1078,1079,true
4059,1513,1975,false
4060,1406,1256,false
4061,1836,1669,true
4062,1349,1546,false
4063,1433,1537,false
4064,1009,1385,true
4065,1193,1577,false
4066,1199,1815,false
4067,1957,1339,false
4068,1912,1732,true
4069,1057,1922,false
4070,1564,1404,true
4071,1245,1139,false
4072,1904,1555,true
4073,1939,1276,true
4074,1656,1881,false
4075,1683,1267,false
4076,1591,1525,true
4077,1650,1060,false
4078,1023,1691,false
4079,1830,1529,true
4080,1660,1741,true
4081,1652,1411,true
4082,1090,1183,false
4083,1759,1726,false
4084,1779,1950,false
4085,1916,1266,true
4086,1681,1063,true
4087,1077,1024,false
4088,1470,1684,true
4089,1972,1508,true
4090,1549,1762,false
4091,1117,1570,false
4092,1336,1655,true
4093,1626,1801,true
4094,1002,1677,false
4095,1694,1444,true
4096,1346,1095,true
4097,1936,1938,true
4098,1622,1821,false
4099,1189,1328,false
4100,1416,1438,true
4101,1187,1854,false
4102,1268,1618,true
4103,1471,1194,false
4104,1197,1198,false
4105,1228,1748,true
4106,1715,1472,true
4107,1340,1774,true
4108,1070,1328,true
4109,1978,1464,true
4110,1233,1908,false
4111,1897,1988,true
4112,1537,1776,false
4113,1134,1869,false
4114,1728,1236,true
4115,1135,1090,true
4116,1942,1682,false
4117,1591,1208,false
4118,1531,1403,true
4119,1687,1841,true
4120,1092,1883,true
4121,1086,1167,true
4122,1543,1613,false
4123,1293,1587,true
4124,1241,1649,true
4125,1364,1078,false
4126,1023,1154,true
4127,1690,1901,true
4128,1106,1930,true
4129,1545,1920,false
4130,1743,1198,true
4131,1353,1736,false
4132,1078,1885,false
4133,1813,1803,true
4134,1475,1564,false
4135,1722,1506,false
4136,1485,1068,true
4137,1627,1163,true
4138,1416,1895,true
4139,1195,1690,false
4140,1266,1065,false
4141,1651,1152,true
4142,1375,1778,false
4143,1582,1065,true
4144,1570,1681,true
4145,1946,1606,true
4146,1896,1304,true
4147,1560,1407,true
4148,1660,1703,true
4149,1909,1025,true
4150,1462,1113,false
4151,1129,1562,false
4152,1730,1947,true
4153,1663,1997,false
4154,1546,1819,true
4155,1501,1002,false
4156,1468,1157,true
4157,1079,1722,false
4158,1560,1013,false
4159,1056,1639,false
4160,1977,1234,true
4161,1237,1872,true
4162,1721,1450,false
4163,1346,1170,true
4164,1673,1792,true
4165,1102,1134,true
4166,1126,1274,false
4167,1078,1278,false
4168,1467,1673,false
4169,1055,1083,true
4170,1788,1922,false
4171,1285,1138,true
4172,1719,1033,true
4173,1221,1197,true
4174,1751,1924,false
4175,1461,1148,true
4176,1849,1003,true
4177,1068,1593,false
4178,1477,1790,true
4179,1749,1091,true
4180,1737,1900,false
4181,1030,1035,false
4182,1982,1965,false
4183,1471,1648,false
4184,1388,1616,true
4185,1048,1913,true
4186,1104,1926,true
4187,1581,1559,true
4188,1288,1979,false
4189,1805,1475,false
4190,1233,1262,true
4191,1927,1338,false
4192,1032,1297,true
4193,1816,1176,true
4194,1994,1872,true
4195,1701,1717,true
4196,1197,1555,false
4197,1965,1009,false
4198,1123,1076,true
4199,1952,1046,false
4200,1526,1191,false
4201,1273,1025,false
4202,1194,1603,true
4203,1135,1046,true
4204,1965,1986,false
4205,1011,1240,false
4206,1911,1954,true
4207,1824,1056,true
4208,1584,1274,true
4209,1629,1742,true
4210,1191,1779,false
4211,1614,1074,true
4212,1930,1368,true
4213,1385,1818,true
4214,1730,1483,true
4215,1589,1353,false
4216,1755,1725,false
4217,1354,1517,false
4218,1097,1509,false
4219,1312,1566,true
4220,1337,1176,true
4221,1330,1466,true
4222,1458,1026,true
4223,1507,1921,true
4224,1587,1053,false
4225,1986,1689,false
4226,1671,1993,true
4227,1289,1307,true
4228,1070,1121,false
4229,1328,1503,true
4230,1250,1489,true
4231,1492,1235,false
4232,1536,1175,false
4233,1675,1859,true
4234,1870,1073,false
4235,1651,1405,true
4236,1362,1406,true
4237,1025,1742,false
4238,1863,1601,true
4239,1452,1238,true
4240,1489,1944,false
4241,1544,1072,false
4242,1387,1437,true
4243,1383,1903,false
4244,1797,1099,true
4245,1153,1010,true
4246,1634,1155,false
4247,1070,1694,false
4248,1082,1496,true
4249,1477,1517,true
4250,1385,1639,true
4251,1260,1413,true
4252,1877,1269,false
4253,1418,1007,true
4254,1883,1512,false
4255,1525,1955,true
4256,1221,1423,false
4257,1454,1448,true
4258,1225,1631,false
4259,1107,1969,false
4260,1693,1033,false
4261,1925,1094,false
4262,1968,1415,false
4263,1637,1034,true
4264,1479,1727,false
4265,1272,1339,true
4266,1457,1087,true
4267,1030,1024,false
4268,1837,1456,true
4269,1372,1203,false
4270,1246,1079,false
4271,1470,1059,true
4272,1331,1130,true
4273,1729,1992,false
4274,1858,1652,false
4275,1307,1802,true
4276,1787,1255,true
4277,1601,1165,false
4278,1662,1281,true
4279,1072,1185,true
4280,1685,1760,true
4281,1818,1145,false
4282,1536,1091,true
4283,1581,1046,true
4284,1898,1252,false
4285,1899,1994,false
4286,1891,1263,true
4287,1188,1288,true
4288,1327,1705,false
4289,1418,1229,false
4290,1343,1558,true
4291,1808,1345,true
4292,1305,1949,true
4293,1084,1362,true
4294,1270,1655,true
4295,1250,1227,true
4296,1741,1700,true
4297,1011,1004,false
4298,1638,1992,true
4299,1704,1552,true
4300,1903,1662,false
4301,1109,1090,false
4302,1512,1785,false
4303,1317,1229,false
4304,1493,1670,true
4305,1495,1305,false
4306,1470,1514,true
4307,1638,1941,true
4308,1856,1224,false
4309,1085,1162,false
4310,1679,1086,false
4311,1573,1609,true
4312,1326,1296,true
4313,1660,1228,true
4314,1574,1336,false
4315,1596,1136,true
4316,1443,1651,false
4317,1503,1656,false
4318,1497,1128,true
4319,1976,1652,false
4320,1457,1697,false
4321,1614,1525,true
4322,1703,1818,true
4323,1029,1682,false
4324,1982,1308,true
4325,1280,1800,false
4326,1791,1365,true
4327,1599,1087,false
4328,1827,1315,true
4329,1533,1612,true
4330,1584,1402,true
4331,1658,1158,true
4332,1713,1518,false
4333,1877,1162,true
4334,1654,1648,false
4335,1098,1857,true
4336,1605,1039,true
4337,1224,1067,true
4338,1773,1413,false
4339,1025,1777,true
4340,1548,1725,false
4341,1157,1244,false
4342,1955,1508,true
4343,1643,1354,false
4344,1535,1745,false
4345,1857,1136,false
4346,1688,1085,false
4347,1464,1099,true
4348,1685,1625,false
4349,1271,1540,true
4350,1812,1462,false
4351,1579,1979,false
4352,1443,1592,false
4353,1249,1761,false
4354,1492,1763,false
4355,1163,1495,true
4356,1708,1355,true
4357,1132,1996,true
4358,1235,1739,true
4359,1378,1001,false
4360,1634,1043,false
4361,1718,1873,true
4362,1569,1947,true
4363,1927,1793,true
4364,1820,1739,true
4365,1108,1517,true
4366,1325,1757,false
4367,1755,1519,false
4368,1610,1613,false
4369,1215,1683,false
4370,1343,1871,true
4371,1763,1698,true
4372,1353,1987,true
4373,1633,1993,true
4374,1023,1366,true
4375,1013,1465,true
4376,1613,1570,false
4377,1843,1936,false
4378,1368,1405,false
4379,1511,1191,true
4380,1563,1077,false
4381,1291,1537,false
4382,1116,1186,false
4383,1465,1614,true
4384,1327,1856,true
4385,1178,1791,true
4386,1973,1583,true
4387,1740,1135,false
4388,1275,1077,false
4389,1561,1908,true
4390,1979,1899,false
4391,1350,1207,false
4392,1620,1593,false
4393,1100,1653,true
4394,1501,1892,false
4395,1449,1481,false
4396,1256,1068,false
4397,1876,1947,true
4398,1597,1017,true
4399,1954,1746,false
4400,1986,1713,false
4401,1138,1085,false
4402,1969,1705,true
4403,1226,1477,false
4404,1546,1419,false
4405,1482,1718,true
4406,1995,1183,false
4407,1995,1257,true
4408,1224,1013,false
4409,1166,1095,false
4410,1924,1695,true
4411,1569,1608,false
4412,1503,1080,false
4413,1775,1113,true
4414,1294,1242,false
4415,1357,1224,true
4416,1498,1186,true
4417,1866,1684,false
4418,1652,1730,false
4419,1951,1136,true
4420,1469,1609,true
4421,1638,1863,false
4422,1802,1316,false
4423,1797,1070,true
4424,1417,1006,true
4425,1668,1398,false
4426,1876,1795,true
4427,1206,1704,false
4428,1557,1024,true
4429,1366,1779,false
4430,1022,1378,false
4431,1568,1901,false
4432,1396,1369,true
4433,1079,1305,true
4434,1180,1644,true
4435,1444,1045,false
4436,1728,1488,true
4437,1607,1576,false
4438,1605,1037,false
4439,1516,1749,false
4440,1462,1109,false
4441,1846,1176,false
4442,1095,1043,false
4443,1464,1681,false
4444,1662,1550,true
4445,1933,1860,true
4446,1609,1686,true
4447,1950,1203,true
4448,1967,1613,false
4449,1318,1102,true
4450,1880,1126,false
4451,1561,1274,true
4452,1640,1365,true
4453,1508,1023,true
4454,1184,1741,true
4455,1188,1551,true
4456,1034,1386,true
4457,1466,1543,false
4458,1432,1831,true
4459,1585,1809,false
4460,1424,1316,false
4461,1069,1249,false
4462,1937,1933,false
4463,1776,1935,false
4464,1979,1158,false
4465,1424,1323,true
4466,1786,1347,false
4467,1896,1879,false
4468,1191,1515,true
4469,1405,1705,false
4470,1782,1764,false
4471,1926,1508,false
4472,1565,1035,false
4473,1181,1725,false
4474,1916,1519,false
4475,1310,1558,false
4476,1898,1701,true
4477,1963,1556,true
4478,1710,1174,false
4479,1602,1215,true
4480,1324,1933,true
4481,1855,1795,false
4482,1810,1019,true
4483,1566,1679,true
4484,1657,1021,false
4485,1375,1685,true
4486,1934,1208,true
4487,1438,1350,true
4488,1805,1018,false
4489,1434,1785,true
4490,1789,1238,true
4491,1833,1620,true
4492,1146,1429,true
4493,1367,1257,true
4494,1543,1206,true
4495,1707,1849,true
4496,1500,1376,true
4497,1533,1355,false
4498,1132,1557,false
4499,1772,1734,true
4500,1420,1771,false
4501,1341,1237,false
4502,1824,1317,false
4503,1218,1738,false
4504,1390,1111,false
4505,1274,1495,false
4506,1905,1323,false
4507,1215,1080,true
4508,1658,1246,true
4509,1972,1608,true
4510,1130,1869,true
4511,1811,1338,false
4512,1305,1558,true
4513,1951,1069,false
4514,1972,1186,true
4515,1145,1482,false
4516,1931,1630,false
4517,1706,1137,false
4518,1309,1481,false
4519,1555,1992,false
4520,1040,1463,false
4521,1945,1516,true
4522,1946,1699,false
4523,1168,1031,true
4524,1541,1817,false
4525,1197,1904,false
4526,1123,1470,false
4527,1059,1297,false
4528,1403,1971,false
4529,1567,1595,true
4530,1301,1202,true
4531,1187,1386,true
4532,1410,1380,true
4533,1337,1321,true
4534,1052,1564,true
4535,1124,1940,false
4536,1966,1089,false
4537,1115,1991,false
4538,1781,1759,true
4539,1309,1803,false
4540,1748,1321,false
4541,1532,1265,false
4542,1861,1564,false
4543,1553,1859,true
4544,1868,1886,false
4545,1746,1027,false
4546,1609,1719,false
4547,1494,1447,false
4548,1021,1735,false
4549,1777,1436,true
4550,1917,1716,true
4551,1436,1721,true
4552,1895,1164,true
4553,1171,1591,false
4554,1446,1504,false
4555,1971,1889,false
4556,1988,1033,false
4557,1471,1529,true
4558,1113,1701,true
4559,1555,1569,false
4560,1476,1360,false
4561,1303,1574,true
4562,1199,1155,false
4563,1848,1357,false
4564,1536,1235,false
4565,1490,1111,false
4566,1698,1902,false
4567,1992,1724,false
4568,1192,1152,true
4569,1607,1814,true
4570,1098,1905,false
4571,1493,1892,false
4572,1217,1683,false
4573,1869,1528,false
4574,1425,1998,true
4575,1759,1199,false
4576,1453,1952,true
4577,1784,1982,true
4578,1676,1186,true
4579,1293,1961,false
4580,1234,1321,true
4581,1611,1011,false
4582,1931,1129,true
4583,1937,1431,false
4584,1906,1392,false
4585,1349,1203,false
4586,1707,1599,true
4587,1131,1249,false
4588,1032,2000,false
4589,1470,1613,false
4590,1277,1311,false
4591,1704,1250,true
4592,1975,1580,true
4593,1615,1189,false
4594,1030,1502,false
4595,1219,1511,false
4596,1446,1086,true
4597,1307,1240,false
4598,1310,1312,true
4599,1972,1067,false
4600,1279,1289,false
4601,1864,1137,true
4602,1788,1647,false
4603,1194,1631,false
4604,1447,1907,true
4605,1354,1712,false
4606,1937,1681,false
4607,1428,1165,true
4608,1995,1309,false
4609,1054,1402,true
4610,1265,1553,false
4611,1076,1223,false
4612,1563,1875,true
4613,1417,1057,true
4614,1843,1556,true
4615,1113,1229,true
4616,1845,1018,true
4617,1168,1455,true
4618,1846,1877,false
4619,1958,1709,false
4620,1881,1686,false
4621,1391,1088,true
4622,1336,1268,true
4623,1439,1765,true
4624,1320,1985,false
4625,1431,1977,false
4626,1126,1603,true
4627,1262,1957,true
4628,1964,1805,true
4629,1253,1505,false
4630,1286,1116,true
4631,1967,1217,false
4632,1580,1752,true
4633,1301,1875,true
4634,1075,1100,false
4635,1328,1952,true
4636,1910,1434,false
4637,1488,1656,false
4638,1809,1526,false
4639,1063,1995,false
4640,1342,1068,false
4641,1304,1064,false
4642,1923,1137,false
4643,1271,1463,false
4644,1216,1304,true
4645,1893,1106,true
4646,1954,1251,false
4647,1533,1633,true
4648,1338,1026,true
4649,1420,1141,false
4650,1979,1123,true
4651,1389,1086,true
4652,1386,1120,true
4653,1699,1289,false
4654,1003,1065,false
4655,1622,1877,true
4656,1610,1079,false
4657,1554,1788,false
4658,1845,1128,true
4659,1922,1684,true
4660,1795,1261,false
4661,1327,1368,false
4662,1281,1340,true
4663,1056,1549,true
4664,1095,1391,true
4665,1521,1840,false
4666,1924,1878,false
4667,1375,1995,false
4668,1639,1470,true
4669,1994,1116,true
4670,1072,1035,false
4671,1244,1651,false
4672,1994,1755,true
4673,1125,1336,false
4674,1964,1398,true
4675,1083,1717,false
4676,1912,1191,false
4677,1128,1813,false
4678,1251,1865,true
4679,1409,1869,false
4680,1557,1021,true
4681,1145,1372,true
4682,1129,1574,true
4683,1217,1792,false
4684,1269,1591,false
4685,1666,1696,true
4686,1696,1113,false
4687,1951,1965,false
4688,1930,1267,true
4689,1819,1809,true
4690,1693,1615,false
4691,1986,1406,false
4692,1411,1037,false
4693,1136,1138,true
4694,1481,1439,false
4695,1191,1418,true
4696,1854,1904,true
4697,1585,1198,false
4698,1985,1667,false
4699,1150,1639,true
4700,1254,1837,false
4701,1859,1386,false
4702,1646,1892,false
4703,1034,1821,false
4704,1091,1288,false
4705,1822,1979,true
4706,1945,1210,true
4707,1038,1963,false
4708,1553,1443,true
4709,1530,1440,true
4710,1459,1369,true
4711,1092,1865,true
4712,1055,1434,false
4713,1480,1061,true
4714,1407,1969,true
4715,1826,1988,true
4716,1824,1307,false
4717,1681,1644,true
4718,1878,1725,false
4719,1888,1071,false
4720,1619,1915,true
4721,1133,1618,false
4722,1177,1686,true
4723,1699,1589,true
4724,1013,1949,false
4725,1108,1126,true
4726,1555,1975,true
4727,1270,1707,true
4728,1830,1232,true
4729,1825,1041,true
4730,1710,1249,true
4731,1987,1270,false
4732,1909,1546,true
4733,1767,1711,true
4734,1047,1210,true
4735,1710,1119,false
4736,1087,1253,true
4737,1859,1321,true
4738,1048,1692,false
4739,1808,1341,true
4740,1767,1012,false
4741,1676,1384,false
4742,1846,1115,true
4743,1562,1105,false
4744,1319,1137,true
4745,1719,1833,true
4746,1544,1810,true
4747,1813,1740,false
4748,1236,1792,false
4749,1834,1829,true
4750,1828,1175,true
4751,1377,1006,false
4752,1444,1893,true
4753,1892,1025,true
4754,1813,1498,true
4755,1765,1562,false
4756,1255,1256,true
4757,1508,1340,false
4758,1933,1077,false
4759,1097,1386,true
4760,1841,1007,true
4761,1842,1312,true
4762,1768,1739,false
4763,1515,1390,false
4764,1366,1559,false
4765,1538,1472,false
4766,1609,1732,false
4767,1313,1180,true
4768,1796,1804,false
4769,1341,1161,true
4770,1494,1899,true
4771,1642,1322,true
4772,1906,1464,true
4773,1415,1149,true
4774,1092,1953,true
4775,1369,1956,false
4776,1347,1979,true
4777,1315,1756,false
4778,1191,1368,true
4779,1048,1694,true
4780,1296,1903,false
4781,1072,1558,false
4782,1207,1283,false
4783,1135,1326,false
4784,1756,1166,false
4785,1102,1001,true
4786,1467,1827,true
4787,1233,1101,true
4788,1936,1577,true
4789,1681,1718,true
4790,1804,1625,false
4791,1982,1851,true
4792,1733,1814,false
4793,1045,1429,false
4794,1060,1312,true
4795,1804,1012,true
4796,1360,1915,false
4797,1570,1508,true
4798,1204,1388,false
4799,1284,1793,false
4800,1695,1777,false
4801,1884,1137,false
4802,1590,1585,true
4803,1699,1410,false
4804,1241,1180,true
4805,1236,1319,true
4806,1003,1859,true
4807,1619,1758,false
4808,1509,1865,false
4809,1363,1468,false
4810,1590,1555,true
4811,1634,1233,true
4812,1158,1518,true
4813,1687,1561,false
4814,1754,1110,false
4815,1660,1757,true
4816,1533,1996,false
4817,1624,1398,false
4818,1145,1767,true
4819,1077,1960,true
4820,1448,1524,true
4821,1960,1270,true
4822,1869,1654,false
4823,1492,1797,false
4824,1413,1806,true
4825,1207,1519,true
4826,1815,1535,false
4827,1145,1902,false
4828,1779,1557,false
4829,1660,1994,false
4830,1694,1915,false
4831,1831,1404,true
4832,1082,1268,false
4833,1061,1037,false
4834,1460,1375,false
4835,1601,1279,true
4836,1607,1252,true
4837,1487,1795,false
4838,1226,1511,false
4839,1966,1024,true
4840,1422,1651,false
4841,1327,1017,true
4842,1267,1522,false
4843,1292,1457,false
4844,1775,1512,false
4845,1723,1871,true
4846,1122,1769,true
4847,1950,1461,true
4848,1552,1996,true
4849,1803,1677,false
4850,1004,1537,true
4851,1396,1230,false
4852,1090,1082,false
4853,1788,1018,false
4854,1161,1535,true
4855,1748,1213,true
4856,1377,1789,true
4857,1923,1336,true
4858,1986,1363,false
4859,1117,1993,false
4860,1508,1720,true
4861,1739,1637,false
4862,1535,1490,false
4863,1588,1661,false
4864,1166,1949,true
4865,1453,1733,false
4866,1991,1996,true
4867,1756,1387,false
4868,1114,1300,false
4869,1937,1950,true
4870,1384,1348,true
4871,1625,1897,false
4872,1439,1526,false
4873,1053,1835,false
4874,1394,1477,false
4875,1138,1438,false
4876,1621,1592,true
4877,1764,1174,false
4878,1671,1689,true
4879,1699,1789,false
4880,1869,1433,false
4881,1012,1655,false
4882,1937,1941,true
4883,1750,1580,false
4884,1571,1439,false
4885,1991,1576,false
4886,1051,1571,false
4887,1360,1083,false
4888,1171,1423,false
4889,1579,1705,true
4890,1970,1154,true
4891,1413,1309,true
4892,1500,1910,true
4893,1590,1414,true
4894,1281,1664,true
4895,1149,1708,true
4896,1688,1256,true
4897,1148,1250,false
4898,1119,1242,true
4899,1123,1143,true
4900,1207,1505,true
4901,1194,1583,true
4902,1240,1819,true
4903,1198,1783,true
4904,1706,1255,false
4905,1365,1509,true
4906,1833,1413,false
4907,1286,1347,false
4908,1973,1139,true
4909,1898,1129,false
4910,1603,1624,false
4911,1292,1843,true
4912,1886,1171,true
4913,1580,1132,false
4914,1442,1350,true
4915,1539,1535,true
4916,1866,1458,false
4917,1942,1530,true
4918,1376,1805,false
4919,1859,1024,true
4920,1463,1459,true
4921,1976,1669,true
4922,1343,1678,true
4923,1493,1999,false
4924,1904,1965,true
4925,1620,1259,true
4926,1248,1712,true
4927,1149,1463,false
4928,1800,1571,false
4929,1219,1913,true
4930,1744,1787,true
4931,1390,1356,true
4932,1378,1804,false
4933,1146,1095,false
4934,1398,1345,false
4935,1188,1917,true
4936,1889,1750,true
4937,1931,1366,false
4938,1705,1057,true
4939,1556,1397,true
4940,1279,1151,true
4941,1974,1817,true
4942,1477,1782,false
4943,1534,1721,false
4944,1921,1180,true
4945,1237,1378,false
4946,1625,1415,false
4947,1111,1359,false
4948,1048,1781,false
4949,1595,1708,false
4950,1580,1858,false
4951,1098,1339,true
4952,1176,1829,true
4953,1350,1520,false
4954,1049,1639,true
4955,1270,1535,false
4956,1255,1204,false
4957,1871,1309,true
4958,1989,1831,true
4959,1594,1033,false
4960,1285,1306,true
4961,1548,1680,true
4962,1950,1372,true
4963,1981,1249,false
4964,1130,1907,true
4965,1441,1467,true
4966,1503,1821,true
4967,1897,1955,false
4968,1576,1294,false
4969,1584,1211,false
4970,1717,1534,false
4971,1788,1513,false
4972,1478,1955,true
4973,1004,1265,false
4974,1452,1919,false
4975,1539,1874,true
4976,1767,1726,false
4977,1710,1502,false
4978,1045,1837,true
4979,1729,1053,false
4980,1966,1409,false
4981,1815,1718,true
4982,1090,1546,true
4983,1244,1992,true
4984,1339,1792,false
4985,1161,1037,true
4986,1086,1354,true
4987,1935,1713,false
4988,1066,1787,true
4989,1235,1578,true
4990,1818,1731,false
4991,1755,2000,true
4992,1938,1009,true
4993,1212,1746,false
4994,1070,1263,true
4995,1914,1377,true
4996,1052,1470,true
4997,1487,1747,true
4998,1420,1601,false
4999,1263,1665,false
5000,1518,1424,false
5001,1605,1155,false
5002,1739,1814,true
5003,1799,1084,false
5004,1679,1402,false
5005,1769,1209,false
5006,1727,1344,false
5007,1083,1675,true
5008,1350,1790,false
5009,1183,1601,true
5010,1855,1736,true
5011,1697,1783,false
5012,1667,1971,true
5013,1149,1508,true
5014,1437,1491,true
5015,1765,1528,true
5016,1263,1304,false
5017,1575,1425,false
5018,1602,1745,false
5019,1983,1346,false
5020,1994,1309,false
5021,1273,1270,true
5022,1808,1680,true
5023,1372,1028,false
5024,1566,1647,true
5025,1381,1850,true
5026,1178,1832,false
5027,1848,1494,true
5028,1174,1905,false
5029,1349,1035,false
5030,1585,1032,true
5031,1806,1535,true
5032,1434,1948,false
5033,1118,1850,false
5034,1513,1282,false
5035,1275,1663,false
5036,1367,1350,true
5037,1859,1126,true
5038,1966,1131,true
5039,1517,1149,true
5040,1175,1273,true
5041,1782,1948,false
5042,1874,1498,false
5043,1613,1389,true
5044,1564,1459,false
5045,1686,1953,false
5046,1107,1800,false
5047,1332,1388,false
5048,1001,1238,false
5049,1029,1761,false
5050,1408,1620,false
5051,1298,1949,true
5052,1295,1662,true
5053,1961,1921,false
5054,1163,1274,true
5055,1983,1397,false
5056,1858,1834,true
5057,1022,1063,true
5058,1266,1845,false
5059,1009,1204,false
5060,1885,1443,false
5061,1777,1885,false
5062,1368,1804,false
5063,1959,1252,true
5064,1332,1141,true
5065,1682,1146,true
5066,1103,1896,true
5067,1785,1005,true
5068,1949,1230,true
5069,1988,1702,false
5070,1071,1723,true
5071,1493,1951,false
5072,1048,1739,true
5073,1108,1010,true
5074,1776,1459,false
5075,1746,1378,false
5076,1499,1407,false
5077,1791,1639,true
5078,1630,1014,true
5079,1388,1924,true
5080,1488,1562,true
5081,1969,1572,false
5082,1924,1756,true
5083,1723,1555,false
5084,1104,1277,false
5085,1891,1817,true
5086,1383,1810,true
5087,1474,1818,false
5088,1081,1401,true
5089,1996,1467,true
5090,1216,1746,true
5091,1471,1618,false
5092,1984,1476,true
5093,1531,1656,true
5094,1729,1237,false
5095,1278,1969,false
5096,1685,1003,true
5097,1371,1669,false
5098,1080,1775,true
5099,1444,1124,true
5100,1477,1533,false
5101,1497,1276,false
5102,1787,1635,true
5103,1285,1816,false
5104,1305,1948,false
5105,1799,1365,true
5106,1178,1925,false
5107,1364,1802,true
5108,1694,1450,false
5109,1406,1610,true
5110,1324,1780,true
5111,1120,1248,false
5112,1180,1711,true
5113,1967,1134,false
5114,1558,1639,true
5115,1132,1690,false
5116,1854,1666,false
5117,1454,1005,true
5118,1440,1280,true
5119,1382,1864,true
5120,1515,1673,false
5121,1403,1099,true
5122,1746,1191,true
5123,1800,1281,true
5124,1299,1784,false
5125,1985,1689,false
5126,1430,1025,true
5127,1560,1207,true
5128,1246,1970,false
5129,1397,1692,true
5130,1879,1256,true
5131,1845,1241,false
5132,1718,1275,true
5133,1243,1989,false
5134,1074,1115,true
5135,1383,1230,false
5136,1823,1618,true
5137,1301,1769,false
5138,1367,1226,false
5139,1459,1238,false
5140,1315,1037,false
5141,1139,1421,true
5142,1691,1717,false
5143,1869,1183,false
5144,1507,1504,true
5145,1206,1946,true
5146,1148,1787,true
5147,1201,1885,false
5148,1409,1754,false
5149,1886,1830,false
5150,1937,1928,true
5151,1622,1632,true
5152,1930,1740,true
5153,1736,1747,true
5154,1866,1879,true
5155,1996,1652,true
5156,1729,1820,true
5157,1006,1246,true
5158,1303,1402,true
5159,1797,1474,true
5160,1892,1126,false
5161,1311,1908,true
5162,1538,1758,false
5163,1815,1044,false
5164,1683,1827,true
5165,1630,1048,true
5166,1319,1751,false
5167,1034,1698,false
5168,1333,1680,false
5169,1787,1794,true
5170,1529,1227,true
5171,1038,1272,true
5172,1767,1813,false
5173,1913,1556,true
5174,1715,1960,false
5175,1448,1048,true
5176,1147,1331,false
5177,1350,1965,true
5178,1440,1492,true
5179,1558,1705,true
5180,1596,1059,true
5181,1307,1190,true
5182,1690,1602,false
5183,1376,1545,true
5184,1078,1455,true
5185,1003,1731,true
5186,1262,1764,true
5187,1181,1188,true
5188,1061,1019,false
5189,1666,1458,true
5190,1440,1722,false
5191,1181,1272,false
5192,1393,1109,true
5193,1582,1380,true
5194,1179,1204,false
5195,1927,1388,true
5196,1681,1552,true
5197,1074,1670,true
5198,1900,1950,false
5199,1510,1764,false
5200,1008,1241,false
5201,1438,1645,true
5202,1529,1621,true
5203,1783,1691,true
5204,1321,1292,true
5205,1254,1526,false
5206,1917,1249,true
5207,1578,1429,false
5208,1581,1733,false
5209,1201,1066,false
5210,1952,1011,false
5211,1979,1875,false
5212,1768,1998,false
5213,1362,1060,false
5214,1491,1506,true
5215,1172,1907,false
5216,1555,1879,true
5217,1565,1127,true
5218,1014,1076,true
5219,1994,1051,false
5220,1250,1484,false
5221,1518,1035,true
5222,1693,1229,true
5223,1343,1209,true
5224,1850,1756,true
5225,1941,1090,true
5226,1730,1035,true
5227,1778,1053,false
5228,1565,1720,false
5229,1612,1175,true
5230,1355,1827,true
5231,1439,1742,true
5232,1524,1910,true
5233,1623,1165,true
5234,1601,1103,false
5235,1304,1406,true
5236,1944,1044,true
5237,1182,1809,true
5238,1800,1201,true
5239,1402,1066,true
5240,1406,1683,true
5241,1210,1830,true
5242,1282,1018,true
5243,1361,1770,true
5244,1553,1203,false
5245,1400,1494,false
5246,1117,1305,true
5247,1922,1493,true
5248,1019,1894,true
5249,1049,1777,false
5250,1130,1040,false
5251,1686,1469,true
5252,1134,1440,false
5253,1759,1430,false
5254,1381,1383,false
5255,1150,1286,false
5256,1206,1188,false
5257,1536,1835,true
5258,1456,1902,true
5259,1952,1043,false
5260,1505,1275,false
5261,1069,1056,false
5262,1882,1167,false
5263,1198,1842,false
5264,1643,1662,false
5265,1028,1074,true
5266,1795,1301,false
5267,1184,1185,false
5268,1729,1834,true
5269,1610,1430,false
5270,1674,1684,false
5271,1265,1207,false
5272,1642,1822,true
5273,1160,1219,true
5274,1114,1054,true
5275,1519,1720,true
5276,1593,1335,true
5277,1076,1027,false
5278,1738,1467,true
5279,1446,1135,true
5280,1392,1557,true
5281,1206,1037,false
5282,1356,1054,true
5283,1881,1117,false
5284,1980,1487,true
5285,1425,1829,true
5286,1347,1912,false
5287,1105,1531,false
5288,1753,1081,false
5289,1791,1089,true
5290,1225,1916,true
5291,1819,1626,false
5292,1266,1645,false
5293,1653,1378,true
5294,1958,1309,false
5295,1933,1383,false
5296,1505,1584,true
5297,1875,1283,true
5298,1463,1974,true
5299,1615,1170,false
5300,1060,1015,true
5301,1411,1926,true
5302,1395,1277,false
5303,1329,1296,true
5304,1162,1366,true
5305,1249,1296,true
5306,1360,1900,true
5307,1920,1945,false
5308,1695,1813,true
5309,1274,1684,true
5310,1839,1035,false
5311,1727,1246,true
5312,1807,1155,true
5313,1850,1043,false
5314,1157,1154,true
5315,1033,1980,false
5316,1221,1510,false
5317,1866,1608,false
5318,1645,1542,false
5319,1372,1422,false
5320,1201,1072,false
5321,1321,1881,false
5322,1718,1690,true
5323,1329,1458,true
5324,1581,1417,false
5325,1527,1572,false
5326,1365,1425,false
5327,1392,1386,true
5328,1353,1283,true
5329,1234,1246,false
5330,1960,1166,false
5331,1182,1863,true
5332,1427,1339,true
5333,1847,1201,true
5334,1606,1157,false
5335,1697,1928,true
5336,1463,1867,true
5337,1599,1133,true
5338,1510,1790,false
5339,1450,1706,false
5340,1119,1838,false
5341,1975,1192,false
5342,1226,1220,true
5343,1620,1050,false
5344,1335,1569,true
5345,1576,1441,false
5346,1583,1493,false
5347,1281,1616,false
5348,1555,1960,false
5349,1762,1521,true
5350,1909,1906,false
5351,1753,1246,false
5352,1684,1311,true
5353,1561,1466,false
5354,1782,1245,false
5355,1766,1194,true
5356,1900,1919,true
5357,1372,1137,true
5358,1446,1765,true
5359,1429,1273,true
5360,1984,1316,true
5361,1895,1339,false
5362,1828,1312,false
5363,1384,1414,false
5364,1430,1935,true
5365,1233,1430,false
5366,1094,1516,false
5367,1869,1374,false
5368,1475,1187,true
5369,1760,1293,false
5370,1458,1213,false
5371,1283,1280,false
5372,1873,1558,true
5373,1563,1617,false
5374,1083,1101,false
5375,1385,1112,false
5376,1935,1664,false
5377,1739,1053,true
5378,1104,1537,true
5379,1918,1967,true
5380,1561,1029,false
5381,1092,1086,true
5382,1718,1282,true
5383,1392,1256,false
5384,1910,1856,true
5385,1259,1146,true
5386,1238,1926,false
5387,1673,1134,false
5388,1668,1242,false
5389,1804,1118,true
5390,1232,1411,false
5391,1566,1138,true
5392,1926,1291,false
5393,1357,1811,false
5394,1055,1314,true
5395,1135,1641,true
5396,1561,1957,true
5397,1196,1025,false
5398,1686,1529,true
5399,1543,1859,false
5400,1274,1125,false
5401,1465,1371,true
5402,1331,1390,true
5403,1217,1165,false
5404,1351,1031,false
5405,1968,1312,false
5406,1104,1726,false
5407,1995,1955,true
5408,1174,1458,false
5409,1663,1057,true
5410,1120,1276,false
5411,1421,1553,false
5412,1841,1770,true
5413,1977,1615,false
5414,1575,1365,true
5415,1427,1454,true
5416,1541,1188,true
5417,1078,1258,true
5418,1408,1310,true
5419,1293,1733,false
5420,1782,1255,true
5421,1288,1628,true
5422,1026,1675,true
5423,1545,1565,true
5424,1764,1329,false
5425,1679,1120,true
5426,1068,1472,true
5427,1667,1136,true
5428,1050,1631,false
5429,1859,1711,false
5430,1119,1988,false
5431,1822,1144,true
5432,1076,1878,false
5433,1807,1841,false
5434,1748,1039,false
5435,1443,1287,true
5436,1007,1066,false
5437,1881,1878,true
5438,1117,1599,false
5439,1830,1238,false
5440,1637,1896,true
5441,1666,1932,true
5442,1196,1230,true
5443,1691,1972,false
5444,1187,1698,false
5445,1761,1725,false
5446,1735,1499,true
5447,1702,1976,false
5448,1369,1595,true
5449,1571,1671,false
5450,1689,1859,false
5451,1390,1895,true
5452,1273,1700,false
5453,1419,1938,true
5454,1517,1869,true
5455,1877,1189,false
5456,1771,1315,true
5457,1442,1994,true
5458,1099,1146,true
5459,1644,1379,false
5460,1420,1937,false
5461,1958,1297,false
5462,1817,1850,false
5463,1834,1537,true
5464,1453,1862,false
5465,1248,1666,true
5466,1511,1858,true
5467,1728,1730,false
5468,1660,1795,true
5469,1244,1174,true
5470,1032,1536,false
5471,1169,1781,true
5472,1736,1366,true
5473,1630,1294,false
5474,1330,1060,false
5475,1150,1268,false
5476,1988,2000,true
5477,1002,1454,true
5478,1021,1911,true
5479,1301,1360,true
5480,1729,1737,false
5481,1214,1826,true
5482,1209,1112,false
5483,1301,1142,true
5484,1862,1663,true
5485,1975,1453,true
5486,1486,1565,true
5487,1530,1195,false
5488,1190,1144,false
5489,1244,1837,true
5490,1020,1527,true
5491,1567,1391,false
5492,1148,1206,true
5493,1932,1049,true
5494,1738,1791,true
5495,1846,1269,false
5496,1622,1107,true
5497,1344,1016,false
5498,1363,1379,false
5499,1063,1099,true
5500,1889,1380,false
5501,1134,1985,false
5502,1259,1441,false
5503,1423,1949,false
5504,1974,1962,false
5505,1578,1386,true
5506,1847,1982,true
5507,1214,1408,true
5508,1479,1723,false
5509,1377,1565,true
5510,1450,1674,true
5511,1363,1071,true
5512,1808,1241,false
5513,1905,1340,true
5514,1138,1562,true
5515,1691,1635,false
5516,1996,1248,true
5517,1600,1254,false
5518,1616,1089,true
5519,1758,1958,false
5520,1277,1770,false
5521,1809,1239,false
5522,1102,1806,false
5523,1575,1470,false
5524,1583,1902,true
5525,1085,1970,false
5526,1118,1196,false
5527,1080,1514,false
5528,1870,1584,false
5529,1675,1614,true
5530,1317,1125,false
5531,1354,1704,true
5532,1027,1434,false
5533,1574,1366,false
5534,1103,1128,false
5535,1306,1886,true
5536,1397,1166,false
5537,1365,1895,true
5538,1412,1155,false
5539,1456,1722,true
5540,1123,1747,true
5541,1206,1589,true
5542,1384,1035,false
5543,1053,1074,false
5544,1392,1630,false
5545,1937,1245,false
5546,1603,1372,true
5547,1377,1319,false
5548,1020,1026,true
5549,1989,1484,false
5550,1728,1983,true
5551,1559,1911,false
5552,1385,1437,false
5553,1940,1519,true
5554,1732,1788,true
5555,1281,1688,false
5556,1415,1641,true
5557,1999,1818,true
5558,1992,1513,true
5559,1600,1994,false
5560,1844,1386,false
5561,1235,1752,false
5562,1581,1585,true
5563,1102,1398,false
5564,1277,1221,false
5565,1976,1056,true
5566,1913,1623,true
5567,1632,1825,true
5568,1242,1677,true
5569,1071,1505,false
5570,1789,1915,true
5571,1983,1266,true
5572,1116,1670,false
5573,1658,1539,true
5574,1786,1631,true
5575,1298,1195,true
5576,1344,1751,true
5577,1042,1608,false
5578,1813,1605,true
5579,1278,1167,true
5580,1456,1471,true
5581,1918,1492,false
5582,1697,1133,false
5583,1782,1759,true
5584,1563,1024,true
5585,1561,1485,true
5586,1063,1357,false
5587,1515,1838,false
5588,1918,1664,true
5589,1280,1155,true
5590,1191,1811,true
5591,1127,1769,true
5592,1033,1415,false
5593,1592,1195,false
5594,1178,1669,false
5595,1404,1714,false
5596,1019,1500,false
5597,1648,1334,false
5598,1703,1616,true
5599,1712,1730,false
5600,1873,1388,false
5601,1930,1731,true
5602,1875,1174,false
5603,1205,1891,false
5604,1869,1836,true
5605,1598,1031,true
5606,1632,1086,true
5607,1003,1142,false
5608,1369,1584,true
5609,1823,1729,true
5610,1827,1165,false
5611,1581,1083,false
5612,1058,1903,false
5613,1444,1601,false
5614,1111,1101,false
5615,1282,1911,true
5616,1311,1869,false
5617,1315,1746,true
5618,1036,1684,false
5619,1605,1540,true
5620,1059,1957,false
5621,1984,1182,false
5622,1180,1820,false
5623,1655,1917,false
5624,1902,1683,true
5625,1370,1531,false
5626,1119,1114,true
5627,1555,1524,true
5628,1429,1654,false
5629,1759,1818,false
5630,1013,1322,true
5631,1783,1474,true
5632,1993,1831,true
5633,1659,1271,true
5634,1275,1272,false
5635,1395,1693,false
5636,1976,1527,false
5637,1183,1382,true
5638,1738,1690,true
5639,1910,1627,true
5640,1141,1580,true
5641,1772,1102,true
5642,1102,1393,false
5643,1762,1043,false
5644,1962,1700,true
5645,1131,1725,false
5646,1386,1802,false
5647,1528,1037,false
5648,2000,1019,true
5649,1809,1935,true
5650,1302,1830,true
5651,1490,1477,false
5652,1690,1488,true
5653,1808,1029,true
5654,1330,1687,true
5655,1385,1950,true
5656,1873,1806,false
5657,1030,1143,false
5658,1598,1953,false
5659,1845,1827,false
5660,1423,1531,true
5661,1670,1970,true
5662,1160,1349,true
5663,1943,1988,false
5664,1131,1953,true
5665,1419,1969,false
5666,1330,1224,true
5667,1897,1017,false
5668,1054,1608,false
5669,1359,1122,false
5670,1235,1718,true
5671,1732,1863,false
5672,1582,1727,true
5673,1846,1362,true
5674,1286,1177,true
5675,1752,1366,true
5676,1897,1085,false
5677,1015,1133,true
5678,1671,1395,false
5679,1259,1933,false
5680,1491,1548,true
5681,1717,1225,true
5682,1133,1236,false
5683,1269,1223,true
5684,1929,1446,true
5685,1302,1566,true
5686,1136,1709,false
5687,1016,1454,false
5688,1960,1840,true
5689,1646,1162,false
5690,1366,1745,false
5691,1594,1173,true
5692,1398,1693,false
5693,1381,1993,true
5694,1025,1981,false
5695,1551,1540,false
5696,1414,1374,true
5697,1920,1832,true
5698,1730,1231,true
5699,1736,1743,false
5700,1608,1663,true
5701,1426,1763,true
5702,1329,1697,true
5703,1075,1261,true
5704,1925,1806,true
5705,1092,1389,false
5706,1331,1098,true
5707,1490,1472,true
5708,1487,1692,false
5709,1360,1954,true
5710,1536,1342,true
5711,1302,1752,true
5712,1011,1759,false
5713,1575,1270,false
5714,1164,1586,true
5715,1151,1974,true
5716,1221,1648,false
5717,1691,1962,false
5718,1479,1572,true
5719,1120,1767,false
5720,1864,1693,false
5721,1745,1307,true
5722,1249,1279,true
5723,1029,1319,true
5724,1897,1824,true
5725,1836,1973,true
5726,1999,1363,true
5727,1476,1640,false
5728,1672,1117,true
5729,1371,1130,false
5730,1616,1263,false
5731,1376,1891,false
5732,1214,1380,false
5733,1247,1421,false
5734,1180,1391,false
5735,1023,1217,false
5736,1221,1452,true
5737,1325,1270,true
5738,1191,1391,false
5739,1207,1503,false
5740,1402,1022,false
5741,1359,1449,false
5742,1416,1825,false
5743,1312,1696,false
5744,1439,1957,false
5745,1766,1117,false
5746,1258,1571,true
5747,1030,1482,true
5748,1424,1293,true
5749,1926,1074,false
5750,1073,1687,false
5751,1962,1445,false
5752,1596,1241,true
5753,1479,1683,false
5754,1718,1825,false
5755,1392,1331,true
5756,1974,1429,true
5757,1274,1472,false
5758,1465,1390,false
5759,1419,1813,true
5760,1068,1598,true
5761,1805,1680,false
5762,1280,1574,true
5763,1325,1324,false
5764,1381,1028,false
5765,1369,1091,true
5766,1736,1534,false
5767,1595,1893,false
5768,1699,1228,false
5769,1997,1781,true
5770,1322,1910,false
5771,1383,1073,true
5772,1956,1073,true
5773,1435,1901,false
5774,1115,1655,true
5775,1422,1899,false
5776,1384,1978,true
5777,1450,1171,true
5778,1629,1378,false
5779,1873,1588,true
5780,1969,1570,false
5781,1126,1387,true
5782,1411,1806,true
5783,1975,1425,true
5784,1462,1430,false
5785,1862,1964,true
5786,1959,1210,false
5787,1726,1479,false
5788,1019,1498,false
5789,1728,1157,false
5790,1714,1271,true
5791,1902,1595,true
5792,1043,1039,false
5793,1159,1078,false
5794,1943,1483,false
5795,1280,1539,false
5796,1563,1666,true
5797,1576,1163,true
5798,1458,1861,true
5799,1405,1413,false
5800,1323,1563,true
5801,1890,1032,false
5802,1470,1294,true
5803,1114,1268,true
5804,1811,1150,true
5805,1733,1110,true
5806,1556,1032,false
5807,1393,1540,false
5808,1516,1984,true
5809,1849,1608,true
5810,1011,1741,true
5811,1893,1627,true
5812,1770,1419,true
5813,1916,1114,true
5814,1523,1824,false
5815,1422,1367,true
5816,1644,1568,true
5817,1223,1904,false
5818,1989,1491,false
5819,1676,1711,false
5820,1189,1893,false
5821,1863,1713,true
5822,1050,1879,false
5823,1631,1895,true
5824,1058,1444,true
5825,1197,1275,true
5826,1507,1362,false
5827,1028,1649,false
5828,1279,1740,true
5829,1219,1604,false
5830,1881,1700,false
5831,1670,1142,true
5832,1403,1979,false
5833,1125,1575,true
5834,1180,1982,true
5835,1574,1119,true
5836,1035,1576,false
5837,1605,1058,true
5838,1430,1122,true
5839,1304,1666,false
5840,1548,1881,true
5841,1969,1539,false
5842,1455,1370,false
5843,1815,1994,true
5844,1383,1465,true
5845,1837,1039,false
5846,1225,1344,false
5847,1995,1188,false
5848,1262,1179,false
5849,1933,1490,false
5850,1079,1089,false
5851,1438,1021,false
5852,1315,1348,true
5853,1874,1247,true
5854,1925,1457,false
5855,1005,1432,false
5856,1212,1925,true
5857,1495,1995,false
5858,1391,1110,true
5859,1497,1203,true
5860,1465,1268,true
5861,1677,1611,false
5862,1308,1603,false
5863,1129,1556,false
5864,1557,1838,true
5865,1478,1768,false
5866,1457,1356,false
5867,1864,1478,true
5868,1547,1243,false
5869,1321,1263,false
5870,1316,1881,false
5871,1711,1312,true
5872,1311,1114,false
5873,1614,1739,true
5874,1290,1857,false
5875,1222,1746,false
5876,1903,1736,false
5877,1132,1254,false
5878,1889,1331,true
5879,1659,1170,true
5880,1539,1794,false
5881,1656,1949,false
5882,1995,1935,true
5883,1860,1167,true
5884,1473,1714,true
5885,1532,1805,false
5886,1673,1562,true
5887,1467,1220,true
5888,1219,1426,false
5889,1378,1606,true
5890,1095,1440,false
5891,1652,1156,false
5892,1095,1484,false
5893,1529,1457,false
5894,1707,1341,false
5895,1183,1803,true
5896,1161,1522,true
5897,1454,1894,true
5898,1731,1810,false
5899,1322,1851,false
5900,1474,1744,false
5901,1819,1558,false
5902,1316,1773,false
5903,1213,1527,false
5904,1570,1856,true
5905,1375,1700,true
5906,1305,1317,false
5907,1753,1867,false
5908,1848,1298,true
5909,1857,1713,true
5910,1923,1566,false
5911,1712,1725,true
5912,1635,1054,true
5913,1755,1296,false
5914,1810,1640,false
5915,1563,1493,false
5916,1573,1320,false
5917,1886,1119,false
5918,1033,1104,false
5919,1209,1367,false
5920,1495,1047,true
5921,1982,1357,true
5922,1395,1987,false
5923,1753,1319,false
5924,1754,1198,false
5925,1038,1437,false
5926,1622,1626,true
5927,1814,1896,true
5928,1139,1747,true
5929,1645,1138,false
5930,1814,1196,true
5931,1529,1702,true
5932,1458,1120,false
5933,1208,1789,true
5934,1524,1509,true
5935,1448,1414,true
5936,1319,1525,true
5937,1369,1776,false
5938,1277,1711,false
5939,1527,1092,true
5940,1253,1455,false
5941,1519,1617,true
5942,1330,1425,false
5943,1812,1313,false
5944,1728,1814,true
5945,1114,1093,true
5946,1355,1326,true
5947,1750,1500,false
5948,1188,1659,false
5949,1783,1552,true
5950,1070,1623,false
5951,1505,1524,true
5952,1538,1399,false
5953,1491,1317,false
5954,1896,1494,false
5955,1437,1406,true
5956,1145,1305,true
5957,1120,1546,false
5958,1859,1356,true
5959,1591,1056,true
5960,1516,1040,false
5961,1389,1384,false
5962,1179,1844,true
5963,1089,1252,false
5964,1494,1598,false
5965,1531,1752,true
5966,1217,1251,true
5967,1086,1460,true
5968,1738,1438,false
5969,1100,1676,true
5970,1037,1747,true
5971,1589,1785,true
5972,1084,1225,false
5973,1801,1644,false
5974,1961,1757,false
5975,1158,1092,false
5976,1795,1790,true
5977,1097,1393,true
5978,1253,1469,false
5979,1384,1529,true
5980,1739,1872,false
5981,1754,1873,false
5982,1402,1231,false
5983,1332,1196,false
5984,1339,1542,true
5985,1603,1544,false
5986,1606,1088,true
5987,1787,1856,true
5988,1772,1675,true
5989,1867,1595,false
5990,1146,1394,true
5991,1358,1797,false
5992,1984,1277,false
5993,1092,1548,false
5994,1718,1306,true
5995,1945,1339,false
5996,1615,1911,false
5997,1810,1834,false
5998,1442,1698,false
5999,1395,1090,true
6000,1191,1617,true
6001,1593,1832,false
6002,1716,1127,true
6003,1415,1072,true
6004,1120,1388,true
6005,1274,1535,true
6006,1928,1523,false
6007,1202,1989,false
6008,1081,1552,true
6009,1127,1726,false
6010,1333,1627,true
6011,1453,1495,false
6012,1059,1625,true
6013,1155,1097,false
6014,1139,1117,false
6015,1157,1702,false
6016,1390,1088,false
6017,1940,1581,false
6018,1842,1779,true
6019,1276,1933,false
6020,1505,1528,true
6021,1483,1204,false
6022,1403,1024,false
6023,1168,1384,false
6024,1795,1712,true
6025,1634,1189,true
6026,1844,1754,false
6027,1906,1894,false
6028,1623,1330,false
6029,1608,1959,true
6030,1213,1636,false
6031,1417,1105,true
6032,1226,1075,true
6033,1015,1082,true
6034,1962,1162,true
6035,1841,1971,false
6036,1450,1554,true
6037,1971,1070,true
6038,1205,1883,false
6039,1398,1423,true
6040,1181,1275,true
6041,1821,2000,true
6042,1087,1984,true
6043,1084,1479,false
6044,1504,1006,true
6045,1627,1104,true
6046,1229,1273,true
6047,1671,1096,true
6048,1873,1828,true
6049,1287,1790,false
6050,1014,1202,false
6051,1467,1935,false
6052,1206,1386,true
6053,1301,1528,true
6054,1106,1439,false
6055,1145,1283,false
6056,1452,1117,false
6057,1153,1113,false
6058,1282,1366,false
6059,1018,1727,true
6060,1735,1611,true
6061,1795,1948,false
6062,1480,1388,true
6063,1224,1596,false
6064,1938,1124,true
6065,1282,1151,true
6066,1696,1269,true
6067,1803,1617,true
6068,1632,1314,false
6069,1204,1582,false
6070,1225,1445,false
6071,1763,1011,true
6072,1913,1511,false
6073,1329,1376,true
6074,1003,1594,false
6075,1011,1137,false
6076,1798,1429,true
6077,1691,1654,true
6078,1587,1726,false
6079,1063,1761,false
6080,1805,1024,false
6081,1182,1983,true
6082,1009,1029,true
6083,1051,1560,false
6084,1041,1028,false
6085,1122,1114,true
6086,1919,1407,true
6087,1864,1057,true
6088,1659,1445,false
6089,1994,1394,true
6090,1422,1313,true
6091,1601,1203,false
6092,1373,1724,true
6093,1274,1511,true
6094,1984,1765,false
6095,1516,1376,true
6096,1297,1602,true
6097,1648,1497,false
6098,1801,1608,false
6099,1023,1646,true
6100,1195,1892,true
6101,1347,1556,false
6102,1614,1839,true
6103,1732,1505,true
6104,1920,1171,false
6105,1417,1662,true
6106,1742,1681,true
6107,1193,1362,true
6108,1612,1293,false
6109,1406,1197,true
6110,1758,1767,true
6111,1880,1709,true
6112,1691,1304,false
6113,1227,1484,true
6114,1473,1978,false
6115,1718,1558,true
6116,1014,1037,false
6117,1202,1665,true
6118,1386,1202,true
6119,1783,1257,true
6120,1711,1272,true
6121,1552,1321,false
6122,1181,1848,true
6123,1378,1470,true
6124,1153,1868,false
6125,1196,1954,true
6126,1550,1740,true
6127,1907,1938,true
6128,1018,1477,false
6129,1792,1058,false
6130,1060,1025,false
6131,1118,1986,false
6132,1124,1439,true
6133,1691,1081,true
6134,1325,1004,true
6135,1185,1482,false
6136,1239,1661,true
6137,1966,1834,true
6138,1049,1608,true
6139,1157,1250,false
6140,1929,1792,false
6141,1362,1315,false
6142,1071,1790,true
6143,1507,1550,false
6144,1320,1911,false
6145,1056,1408,false
6146,1245,1895,true
6147,1030,1180,false
6148,1067,1392,true
6149,1270,1305,false
6150,1988,1827,true
6151,1913,1327,true
6152,1409,1746,false
6153,1640,1852,false
6154,1532,1507,true
6155,1523,1567,true
6156,1997,1004,true
6157,1837,1969,false
6158,1158,1726,false
6159,1756,1209,true
6160,1055,1662,true
6161,1990,1425,true
6162,1648,1500,true
6163,1978,1569,false
6164,1077,1437,false
6165,1168,1781,false
6166,1209,1870,true
6167,1059,1350,false
6168,1990,1869,true
6169,1567,1829,true
6170,1318,1796,true
6171,1762,1919,false
6172,1638,1641,false
6173,1140,1612,false
6174,1753,1750,true
6175,1275,1752,true
6176,1064,1476,true
6177,1564,1091,true
6178,1707,1243,false
6179,1649,1286,true
6180,1041,1303,false
6181,1845,1718,false
6182,1573,1102,false
6183,1677,1518,true
6184,1425,1324,true
6185,1779,1155,false
6186,1971,1172,true
6187,1677,1278,true
6188,1938,1317,true
6189,1366,1633,false
6190,1612,1139,true
6191,1348,1608,true
6192,1519,1037,false
6193,1958,1191,false
6194,1202,1160,true
6195,1426,1945,false
6196,1348,1835,true
6197,1487,1994,true
6198,1130,1724,true
6199,1733,1445,true
6200,1674,1035,true
6201,1971,1006,false
6202,1921,1631,true
6203,1868,1566,false
6204,1551,1703,false
6205,1035,1558,true
6206,1127,1387,true
6207,1492,1948,false
6208,1710,1854,false
6209,1937,1591,false
6210,1368,1651,true
6211,1073,1677,true
6212,1550,1601,false
6213,1542,1929,true
6214,1747,1252,true
6215,1053,1500,true
6216,1380,1832,false
6217,1135,1424,false
6218,1881,1196,true
6219,1044,1655,false
6220,1716,1139,true
6221,1275,1595,false
6222,1811,1152,false
6223,1253,1242,true
6224,1063,1860,true
6225,1860,1408,true
6226,1072,1389,false
6227,1843,1880,false
6228,1437,1584,true
6229,1501,1590,true
6230,1617,1084,true
6231,1829,1357,true
6232,1938,1386,false
6233,1337,1933,false
6234,1545,1351,false
6235,1810,1416,false
6236,1564,1587,false
6237,1712,1044,false
6238,1586,1350,true
6239,1684,1613,false
6240,1273,1368,true
6241,1677,1493,true
6242,1565,1318,true
6243,1831,1956,false
6244,1962,1155,true
6245,1749,1610,true
6246,1330,1133,false
6247,1882,1260,true
6248,1393,1179,false
6249,1064,1164,true
6250,1753,1595,true
6251,1844,1047,false
6252,1441,1001,true
6253,1587,1883,false
6254,1401,1740,false
6255,1304,1741,false
6256,1086,1498,false
6257,1483,1884,false
6258,1536,1540,false
6259,1652,1141,false
6260,1323,1779,false
6261,1193,1976,true
6262,1831,1295,true
6263,1345,1723,true
6264,1273,1410,true
6265,1382,1304,false
6266,1992,1814,false
6267,1482,1953,true
6268,1661,1333,true
6269,1469,1728,true
6270,1359,1447,false
6271,1939,1963,true
6272,1594,1566,false
6273,1123,1802,false
6274,1362,1773,true
6275,1451,1507,true
6276,1686,1157,false
6277,1513,1316,false
6278,1639,1922,true
6279,1152,1540,false
6280,1790,1415,false
6281,1262,1152,true
6282,1585,1440,true
6283,1090,1769,true
6284,1086,1666,false
6285,1184,1819,true
6286,1264,1932,false
6287,1106,1943,false
6288,1918,1611,false
6289,1621,1031,true
6290,1605,1505,true
6291,1306,1122,true
6292,1384,1601,false
6293,1727,1010,true
6294,1770,1268,true
6295,1088,1700,true
6296,1580,1716,true
6297,1774,1036,false
6298,1927,1689,true
6299,1321,1658,false
6300,1701,1145,true
6301,1707,1014,false
6302,1724,1525,false
6303,1489,1427,false
6304,1185,1568,false
6305,1845,1423,false
6306,1953,1738,false
6307,1362,1674,true
6308,1056,1477,false
6309,1705,1383,false
6310,1930,1102,true
6311,1153,1413,true
6312,1961,1688,true
6313,1040,1757,true
6314,1488,1926,true
6315,1664,1264,true
6316,1664,1614,true
6317,1602,1931,true
6318,1136,1044,false
6319,1733,1452,false
6320,1033,1883,false
6321,1702,1374,true
6322,1842,1628,true
6323,1649,1603,false
6324,1565,1714,false
6325,1998,1932,false
6326,1158,1621,true
6327,1303,1745,false
6328,1764,1026,true
6329,1348,1707,false
6330,1129,1729,false
6331,1296,1498,true
6332,1018,1682,false
6333,1165,1678,false
6334,1350,1256,false
6335,1974,1739,false
6336,1523,1313,false
6337,1691,1939,true
6338,1278,1165,false
6339,1761,1383,false
6340,1820,1515,false
6341,1808,1193,false
6342,1228,1911,false
6343,1929,1481,false
6344,1856,1305,true
6345,1939,1057,true
6346,1654,1284,false
6347,1615,1761,false
6348,1635,1699,false
6349,1177,1855,false
6350,1161,1418,false
6351,1423,1637,true
6352,1866,1638,true
6353,1033,1913,true
6354,1017,1003,false
6355,1804,1461,false
6356,1674,1826,false
6357,1482,1773,true
6358,1777,1370,true
6359,1507,1828,false
6360,1546,1133,false
6361,1563,1567,true
6362,1197,1174,true
6363,1436,1109,true
6364,1728,1170,true
6365,1143,1005,false
6366,1808,1155,true
6367,1758,1321,true
6368,1904,1450,true
6369,1420,1343,false
6370,1113,1261,true
6371,1990,1845,true
6372,1327,1875,true
6373,1582,1514,false
6374,1359,1656,true
6375,1856,1647,true
6376,1133,1993,true
6377,1806,1213,false
6378,1713,1867,false
6379,1395,1697,true
6380,1328,1900,false
6381,1320,1628,true
6382,1437,1265,true
6383,1104,1870,false
6384,1870,1687,false
6385,1867,1398,true
6386,1667,1774,false
6387,1536,1974,true
6388,1854,1903,true
6389,1164,1748,true
6390,1747,1462,false
6391,1266,1726,false
6392,1886,1502,false
6393,1798,1900,false
6394,1459,1528,true
6395,1256,1058,true
6396,1312,1665,false
6397,1638,1396,false
6398,1264,1600,true
6399,1422,1302,true
6400,1823,1914,true
6401,1053,1886,true
6402,1519,1575,false
6403,1861,1819,true
6404,1833,1713,true
6405,1700,1894,false
6406,1980,1548,true
6407,1548,1432,false
6408,1746,1759,true
6409,1418,1778,true
6410,1871,1898,false
6411,1580,1682,false
6412,1545,1947,true
6413,1179,1567,false
6414,1483,1400,true
6415,1208,1046,false
6416,1794,1125,false
6417,1511,1175,true
6418,1961,1277,false
6419,1766,1323,true
6420,1625,1270,false
6421,1629,1730,true
6422,1836,1880,false
6423,1540,1230,true
6424,1035,1125,false
6425,1908,1620,false
6426,1988,1618,false
6427,1050,1288,true
6428,1567,1325,false
6429,1721,1376,true
6430,1989,1868,false
6431,1033,1386,true
6432,1752,1772,true
6433,1524,1240,true
6434,1857,1848,false
6435,1084,1178,true
6436,1648,1735,false
6437,1219,1632,true
6438,1526,1858,true
6439,1286,1392,true
6440,1044,1101,true
6441,1134,1549,false
6442,1702,1487,true
6443,1592,1855,false
6444,1315,1300,true
6445,1331,1232,true
6446,1568,1615,true
6447,1785,1203,true
6448,1217,1854,false
6449,1511,1266,true
6450,1893,1375,true
6451,1777,1245,false
6452,1863,1630,false
6453,1095,1240,false
6454,1447,1316,true
6455,1300,1628,false
6456,1102,1919,false
6457,1810,1446,true
6458,1509,1898,true
6459,1675,1582,true
6460,1691,1526,false
6461,1626,1913,true
6462,1642,1323,false
6463,1213,1821,false
6464,1202,1601,true
6465,1511,1624,true
6466,1449,1057,false
6467,1652,1958,true
6468,1416,1713,true
6469,1772,1779,true
6470,1561,1507,false
6471,1414,1759,true
6472,1222,1685,false
6473,1797,1914,false
6474,1805,1233,true
6475,1608,1234,true
6476,1031,1348,true
6477,1491,1397,true
6478,1488,1119,true
6479,1281,1491,false
6480,1204,1354,false
6481,1995,1817,false
6482,1717,1204,true
6483,1375,1851,false
6484,1701,1158,true
6485,1361,1954,false
6486,1912,1626,true
6487,1608,1768,false
6488,1081,1584,true
6489,1631,1247,true
6490,1407,1488,false
6491,1651,1107,false
6492,1214,1476,true
6493,1973,1571,true
6494,1855,1294,false
6495,1623,1084,true
6496,1764,1345,true
6497,1610,1123,false
6498,1958,1009,false
6499,1472,1373,true
6500,1386,1813,false
6501,1897,1467,false
6502,1831,1167,false
6503,1162,1821,false
6504,1217,1537,false
6505,1002,1028,true
6506,1746,1859,false
6507,1982,1156,false
6508,1251,1073,false
6509,1193,1778,false
6510,1563,1544,true
6511,1099,1922,false
6512,1427,1799,false
6513,1579,1791,true
6514,1180,1293,false
6515,1943,1965,true
6516,1274,1764,true
6517,1581,1529,false
6518,1866,1846,false
6519,1865,1011,true
6520,1021,1417,false
6521,1822,1055,false
6522,1996,1447,false
6523,1957,1171,true
6524,1118,1382,false
6525,1741,1938,true
6526,1856,1906,true
6527,1685,1894,true
6528,1126,1327,false
6529,1986,1377,true
6530,1083,1251,true
6531,1033,1868,false
6532,1877,1223,true
6533,1988,1664,true
6534,1634,1908,false
6535,1677,1929,true
6536,1134,1340,true
6537,1476,1374,true
6538,1680,1444,false
6539,1730,1432,true
6540,1706,1904,false
6541,1993,1487,true
6542,1031,1088,false
6543,1062,1684,false
6544,1330,1837,true
6545,1179,1298,true
6546,1562,1660,false
6547,1380,1997,false
6548,1063,1037,true
6549,1209,1937,false
6550,1192,1650,true
6551,1448,1640,false
6552,1258,1909,true
6553,1041,1335,true
6554,1285,1814,true
6555,1028,1025,true
6556,1948,1499,false
6557,1700,1223,true
6558,1095,1359,false
6559,1777,1479,true
6560,1234,1151,false
6561,1154,1097,true
6562,1045,1550,false
6563,1941,1859,false
6564,1393,1485,false
6565,1055,1371,true
6566,1423,1365,true
6567,1438,1591,false
6568,1050,1860,true
6569,1809,1457,false
6570,1713,1668,true
6571,1563,1488,false
6572,1119,1602,false
6573,1131,1661,true
6574,1746,1484,false
6575,1078,1616,true
6576,1346,1909,true
6577,1307,1754,false
6578,1452,1725,false
6579,1143,1836,true
6580,1772,1847,true
6581,1558,1928,false
6582,1778,1440,false
6583,1254,1025,false
6584,1658,1927,true
6585,1650,1506,true
6586,1972,1251,true
6587,1312,1169,false
6588,1171,1485,true
6589,1946,1329,false
6590,1011,1441,false
6591,1146,1545,true
6592,1511,1455,true
6593,1420,1524,false
6594,1303,1536,true
6595,1311,1796,false
6596,1655,1672,true
6597,1442,1842,true
6598,1143,1004,false
6599,1483,1236,true
6600,1999,1908,false
6601,1920,1559,false
6602,1992,1977,true
6603,1505,1636,false
6604,1899,1222,true
6605,1859,1430,false
6606,1599,1412,true
6607,1597,1084,true
6608,1379,1902,false
6609,1915,1325,false
6610,1088,1224,true
6611,1133,1845,false
6612,1521,1517,false
6613,1682,1415,true
6614,1202,1995,true
6615,1667,1200,false
6616,1861,1036,false
6617,1974,1224,true
6618,1806,1326,true
6619,1785,1814,false
6620,1875,1136,false
6621,1079,1756,true
6622,1987,1835,true
6623,1911,1661,false
6624,1427,1926,true
6625,1591,1681,false
6626,1122,1574,false
6627,1371,1184,true
6628,1921,1487,false
6629,1539,1525,false
6630,1336,1957,true
6631,1537,1320,false
6632,1354,1390,false
6633,1601,1598,true
6634,1718,1369,false
6635,1746,1432,true
6636,1790,1368,true
6637,1932,1127,true
6638,1710,1358,true
6639,1062,1263,true
6640,1288,1809,true
6641,1927,1137,false
6642,1426,1833,true
6643,1158,1275,false
6644,1122,1664,true
6645,1541,1763,false
6646,1671,1236,true
6647,1955,1100,true
6648,1199,1889,false
6649,1400,1368,true
6650,1350,1856,true
6651,1942,1664,true
6652,1222,1393,true
6653,1916,1848,false
6654,1312,1521,true
6655,1342,1447,false
6656,1030,1628,true
6657,1213,1995,true
6658,1117,1683,true
6659,1933,1310,false
6660,1835,1506,false
6661,1259,1185,true
6662,1773,1557,true
6663,1882,1583,false
6664,1088,1487,false
6665,1303,1345,false
6666,1989,1561,false
6667,1721,1448,false
6668,1001,1240,false
6669,1299,1992,true
6670,1313,1800,true
6671,1962,1973,true
6672,1810,1814,false
6673,1794,1927,false
6674,1548,1417,true
6675,1718,1879,true
6676,1722,1900,false
6677,1018,1792,true
6678,1886,1206,false
6679,1115,1389,false
6680,1152,1408,true
6681,1369,1841,true
6682,1511,1662,false
6683,1856,1508,true
6684,1774,1523,true
6685,1145,1954,false
6686,1194,1888,false
6687,1165,1550,true
6688,1829,1193,true
6689,1369,1320,true
6690,1956,1040,true
6691,1634,1959,false
6692,1815,1110,false
6693,1725,1329,false
6694,1571,1709,true
6695,1264,1205,false
6696,1481,1513,false
6697,1494,1838,true
6698,1398,1583,true
6699,1330,1321,false
6700,1408,1750,false
6701,1405,1325,false
6702,1035,1158,true
6703,1136,1346,true
6704,1679,1060,true
6705,1717,1499,false
6706,1379,1584,false
6707,1875,1111,false
6708,1333,1641,false
6709,1213,1393,false
6710,1419,1070,false
6711,1963,1618,false
6712,1051,1903,true
6713,1095,1887,false
6714,1202,1331,false
6715,1054,1700,false
6716,1463,1216,false
6717,1178,1333,false
6718,1082,1655,true
6719,1033,1351,true
6720,1719,1492,true
6721,1818,1445,false
6722,1711,1808,false
6723,1862,1500,false
6724,1003,1737,false
6725,1419,1967,false
6726,1683,1509,true
6727,1404,1653,false
6728,1476,1373,true
6729,1584,1984,false
6730,1509,1341,true
6731,1269,1909,false
6732,1553,1515,false
6733,1548,1390,true
6734,1926,1279,true
6735,1598,1848,false
6736,1721,1116,true
6737,1156,1023,true
6738,1008,1255,true
6739,1587,1452,true
6740,1404,1478,true
6741,1249,1548,true
6742,1523,1536,true
6743,1531,1941,true
6744,1673,1927,false
6745,1107,1697,true
6746,1549,1768,true
6747,1913,1806,true
6748,1760,1327,true
6749,1552,1147,false
6750,1550,1471,false
6751,1385,1559,false
6752,1088,1754,true
6753,1564,1618,false
6754,1139,1830,true
6755,1823,1112,false
6756,1087,1241,false
6757,1562,1058,true
6758,1359,1947,false
6759,1490,1801,true
6760,1007,1112,true
6761,1532,1218,true
6762,1308,1988,true
6763,1769,1834,true
6764,1091,1181,true
6765,1592,1553,true
6766,1127,1717,false
6767,1231,1558,true
6768,1991,1262,true
6769,1359,1321,false
6770,1057,1684,true
6771,1149,1476,false
6772,1677,1716,false
6773,1171,1741,true
6774,1343,1834,false
6775,1786,1962,true
6776,1615,1701,true
6777,1905,1935,true
6778,1414,1904,false
6779,1373,1089,true
6780,1811,1853,true
6781,1707,1802,false
6782,1660,1373,false
6783,1305,1954,false
6784,1933,1279,false
6785,1335,1492,false
6786,1187,1550,false
6787,1507,1956,true
6788,1047,1038,false
6789,1862,1342,true
6790,1243,1916,false
6791,1391,1390,false
6792,1327,1574,false
6793,1327,1896,true
6794,1809,1941,false
6795,1598,1642,true
6796,1970,1643,true
6797,1993,1619,false
6798,1261,1792,true
6799,1468,1165,false
6800,1914,1328,false
6801,1358,1724,true
6802,1754,1352,false
6803,1711,1586,true
6804,1307,1062,true
6805,1687,1579,false
6806,1390,1239,true
6807,1823,1508,true
6808,1843,1258,true
6809,1661,1299,false
6810,1944,1439,true
6811,1982,1407,true
6812,1998,1436,true
6813,1621,1691,false
6814,1916,1374,false
6815,1766,1800,false
6816,1439,1896,true
6817,1267,1609,true
6818,1334,1557,false
6819,1897,1435,false
6820,1234,1615,false
6821,1048,1078,true
6822,1041,1331,false
6823,1538,1702,true
6824,1971,1462,true
6825,1976,1711,false
6826,1516,1784,true
6827,1103,1692,false
6828,1449,1741,true
6829,1706,1522,false
6830,1781,1963,true
6831,1445,1246,true
6832,1870,1008,false
6833,1087,1052,false
6834,1280,1662,true
6835,1456,1880,true
6836,1626,1920,false
6837,1823,1260,false
6838,1718,1355,true
6839,1187,1976,true
6840,1359,1788,true
6841,1818,1792,false
6842,1716,1057,false
6843,1496,1116,true
6844,1641,1269,true
6845,1515,1351,true
6846,1587,1333,false
6847,1342,1189,false
6848,1018,1769,false
6849,1780,1525,false
6850,1246,1994,false
6851,1109,1286,true
6852,1512,1776,true
6853,1784,1999,true
6854,1988,1317,false
6855,1217,1692,true
6856,1254,1733,false
6857,1117,1899,true
6858,1634,1105,false
6859,1653,1491,true
6860,1590,1366,false
6861,1469,1192,true
6862,1663,1377,false
6863,1082,1869,false
6864,1307,1752,true
6865,1924,1096,true
6866,1297,1690,false
6867,1608,1440,false
6868,1822,1648,true
6869,1076,1145,true
6870,1159,1256,true
6871,1132,1853,true
6872,1635,1919,false
6873,1266,1712,false
6874,1005,1417,false
6875,1257,1211,false
6876,1951,1161,false
6877,1674,1668,false
6878,1924,1385,false
6879,1035,1440,true
6880,1225,1729,false
6881,1350,1998,false
6882,1481,1135,false
6883,1598,1011,false
6884,1795,1731,false
6885,1706,1310,false
6886,1714,1139,true
6887,1497,1006,false
6888,1308,1270,true
6889,1999,1709,true
6890,1053,1006,false
6891,1865,1637,false
6892,1143,1897,false
6893,1096,1363,false
6894,1935,1507,false
6895,1326,1612,true
6896,1547,1925,false
6897,1789,1221,true
6898,1374,1832,true
6899,1667,1328,true
6900,1035,1646,false
6901,1168,1739,true
6902,1900,1289,false
6903,1400,1440,false
6904,1095,1209,false
6905,1440,1098,true
6906,1426,1974,false
6907,1243,1922,true
6908,1421,1828,true
6909,1715,1232,false
6910,1352,1298,false
6911,1124,1320,false
6912,1088,1424,false
6913,1498,1224,true
6914,1939,1222,true
6915,1382,1081,false
6916,1670,1747,false
6917,1581,1690,false
6918,1643,1182,false
6919,1744,1994,true
6920,1507,1526,true
6921,1088,1807,true
6922,1645,1932,true
6923,1799,1875,true
6924,1986,1622,true
6925,1214,1316,true
6926,1525,1784,true
6927,1442,1833,false
6928,1637,1866,false
6929,1243,1319,true
6930,1961,1162,true
6931,1198,1135,true
6932,1418,1092,false
6933,1749,1289,true
6934,1950,1120,true
6935,1521,1260,true
6936,1056,1313,false
6937,1882,1780,false
6938,1919,1894,true
6939,1464,1601,true
6940,1686,1901,false
6941,1156,1117,false
6942,1788,1882,false
6943,1204,1567,true
6944,1893,1469,true
6945,1563,1980,true
6946,1264,1632,false
6947,1317,1377,false
6948,1181,1817,false
6949,1386,1008,false
6950,1717,1668,false
6951,1701,1729,false
6952,1486,1156,false
6953,1392,1617,true
6954,1308,1906,true
6955,1364,1827,true
6956,1732,1970,true
6957,1909,1155,false
6958,1363,1001,true
6959,1547,1728,false
6960,1564,1630,false
6961,1984,1056,false
6962,1650,1154,false
6963,1102,1565,true
6964,1730,1606,true
6965,1302,1846,false
6966,1239,1131,true
6967,1069,1998,true
6968,1108,1033,false
6969,1093,1136,false
6970,1689,1619,true
6971,1678,1757,false
6972,1746,1980,true
6973,1739,1207,false
6974,1363,1569,false
6975,1931,1333,true
6976,1052,1372,false
6977,1034,1454,true
6978,1466,1454,false
6979,1165,1153,false
6980,1538,1876,false
6981,1169,1976,true
6982,1018,1498,false
6983,1581,1539,true
6984,1860,1887,false
6985,1850,1862,true
6986,1210,1392,true
6987,1237,1615,false
6988,1992,1845,false
6989,1955,1760,true
6990,1257,1037,false
6991,1225,1987,true
6992,1992,1688,false
6993,1953,1012,false
6994,1697,1064,false
6995,1242,1916,true
6996,1636,1975,true
6997,1909,1222,true
6998,1685,1450,false
6999,1017,1913,false
7000,1011,1621,true
7001,1962,1373,true
7002,1780,1100,true
7003,1399,1643,true
7004,1428,1656,false
7005,1240,1909,true
7006,1457,1246,false
7007,1425,1247,true
7008,1974,1115,true
7009,1887,1754,true
7010,1253,1872,false
7011,1150,1281,true
7012,1988,1985,false
7013,1620,1200,false
7014,1718,1636,true
7015,1164,1358,false
7016,1017,1584,true
7017,1731,1865,true
7018,1036,1206,false
7019,1058,1852,false
7020,1863,1608,true
7021,1715,1092,false
7022,1939,1183,false
7023,1838,1444,true
7024,1423,1187,false
7025,1797,1053,true
7026,1929,1679,false
7027,1567,1616,true
7028,1599,1770,true
7029,1956,1278,false
7030,1340,1146,true
7031,1398,1936,true
7032,1584,1936,false
7033,1854,1440,false
7034,1258,1789,false
7035,1199,1491,false
7036,1918,1277,true
7037,1151,1922,false
7038,1947,1951,true
7039,1128,1801,false
7040,1912,1869,false
7041,1283,1266,false
7042,1359,1356,true
7043,1369,1181,false
7044,1276,1126,true
7045,1023,1397,false
7046,1414,1658,true
7047,1861,1434,false
7048,1111,1251,false
7049,1949,1603,true
7050,1963,1915,false
7051,1363,1455,false
7052,1421,1695,true
7053,1152,1635,true
7054,1425,1183,true
7055,1543,1878,true
7056,1561,1823,false
7057,1297,1508,true
7058,1741,1340,true
7059,1658,1574,true
7060,1281,1395,false
7061,1370,1340,false
7062,1389,1152,true
7063,1599,1405,true
7064,1737,1498,false
7065,1225,1015,false
7066,1056,1574,false
7067,1754,1857,false
7068,1592,1370,true
7069,1640,1252,true
7070,1324,1859,true
7071,1542,1310,true
7072,1309,1278,true
7073,1137,1203,false
7074,1716,1883,false
7075,1082,1889,false
7076,1336,1408,true
7077,1287,1175,true
7078,1667,1206,false
7079,1202,1634,false
7080,1954,1654,false
7081,1020,1154,true
7082,1536,1378,true
7083,1631,1950,false
7084,1747,1823,false
7085,1398,1147,true
7086,1446,1133,true
7087,1617,1793,true
7088,1687,1556,false
7089,1233,1481,true
7090,1339,1915,false
7091,1207,1946,true
7092,1716,1992,true
7093,1251,1264,true
7094,1751,1482,true
7095,1180,1476,true
7096,1888,1811,false
7097,1740,1445,false
7098,1295,1154,true
7099,1534,1205,false
7100,1383,1486,true
7101,1063,1965,false
7102,1298,1481,false
7103,1408,1869,false
7104,1509,1049,false
7105,1699,1983,true
7106,1511,1172,false
7107,2000,1627,true
7108,1539,1708,false
7109,1160,1089,false
7110,1944,1536,true
7111,1015,1779,false
7112,1533,1771,false
7113,1578,1233,true
7114,1347,1886,true
7115,1763,1702,true
7116,1351,1569,true
7117,1961,1540,false
7118,1505,1646,false
7119,1953,1463,false
7120,1938,1659,false
7121,1611,1433,true
7122,1228,1078,false
7123,1117,1537,false
7124,1140,1828,false
7125,1073,1700,false
7126,1581,1133,true
7127,1373,1533,false
7128,1584,1628,true
7129,1735,1188,true
7130,1401,1615,true
7131,1010,1565,false
7132,1519,1243,false
7133,1360,1821,true
7134,1335,1687,false
7135,1940,1411,false
7136,1460,1290,true
7137,1188,1888,true
7138,1980,1256,true
7139,1772,1294,false
7140,1315,1231,true
7141,1653,1237,false
7142,1423,1961,true
7143,1400,1599,true
7144,1391,1159,false
7145,1959,1362,true
7146,1951,1387,false
7147,1588,1136,true
7148,1641,1507,true
7149,1191,1484,true
7150,1474,1243,false
7151,1548,1297,false
7152,1100,1441,false
7153,1160,1615,false
7154,1422,1752,false
7155,1031,1917,true
7156,1352,1477,false
7157,1876,1996,true
7158,1081,1895,true
7159,1314,1682,true
7160,1607,1857,false
7161,1443,1591,true
7162,1698,1981,true
7163,1814,1199,false
7164,1441,1997,false
7165,1244,1703,false
7166,1910,1451,true
7167,1956,1262,true
7168,1735,1359,false
7169,1687,1448,true
7170,1078,1031,false
7171,1102,1312,true
7172,1581,1135,false
7173,1096,1163,false
7174,1917,1691,false
7175,1263,1514,false
7176,1113,1159,false
7177,1264,1223,true
7178,1688,1917,true
7179,1290,1967,false
7180,1991,1899,true
7181,1832,1421,false
7182,1433,1884,false
7183,1994,1690,false
7184,1615,1784,true
7185,1906,1358,false
7186,1581,1553,true
7187,1329,1063,true
7188,1771,1197,false
7189,1633,1956,false
7190,1221,1529,false
7191,1386,1164,true
7192,1092,1776,false
7193,1183,1234,true
7194,1094,1228,false
7195,1516,1750,true
7196,1534,1640,true
7197,1083,1686,true
7198,1924,1718,true
7199,1119,1620,false
7200,1813,1071,false
7201,1489,1939,true
7202,1024,1437,true
7203,1248,1798,false
7204,1091,1198,false
7205,1517,1388,false
7206,1773,1696,false
7207,1109,1349,true
7208,1570,1185,false
7209,1374,1532,false
7210,1909,1638,false
7211,1716,1509,false
7212,1108,1484,false
7213,1579,1627,true
7214,1701,1340,true
7215,1965,1767,true
7216,1361,1606,true
7217,1485,1589,true
7218,1054,1384,false
7219,1410,1418,false
7220,1336,1729,true
7221,1449,1715,false
7222,1814,1505,true
7223,1012,1528,false
7224,1211,1811,false
7225,1485,1044,true
7226,1034,1001,false
7227,1174,1341,false
7228,1753,1156,false
7229,1232,1576,true
7230,1864,1327,true
7231,1283,1958,true
7232,1381,1786,false
7233,1294,1998,false
7234,1301,1511,false
7235,1628,1930,false
7236,1413,1767,false
7237,1739,1216,false
7238,1753,1477,false
7239,1771,1472,false
7240,1874,1592,true
7241,1507,1071,true
7242,1596,1604,true
7243,1593,1212,true
7244,1828,1975,false
7245,1513,1732,false
7246,1472,1167,false
7247,1990,1055,false
7248,1605,1918,false
7249,1275,1515,true
7250,1572,1482,true
7251,1138,1449,false
7252,1392,1597,false
7253,1506,1544,true
7254,1296,1426,false
7255,1829,1109,true
7256,1828,1221,false
7257,1765,1883,true
7258,1804,1073,true
7259,1085,1869,true
7260,1592,1772,true
7261,1622,1241,true
7262,1040,1466,false
7263,1975,1373,false
7264,1858,1113,false
7265,1140,1574,true
7266,1087,1100,false
7267,1095,1197,true
7268,1563,1924,false
7269,1543,1701,true
7270,1449,1563,true
7271,1350,1942,false
7272,1891,1643,true
7273,1666,1770,true
7274,1518,1013,false
7275,1150,1798,false
7276,1035,1978,true
7277,1763,1169,true
7278,1619,1580,false
7279,1388,1679,false
7280,1267,1717,false
7281,1707,1675,true
7282,1398,1341,false
7283,1851,1866,false
7284,1147,1867,true
7285,1459,1735,false
7286,1436,1350,false
7287,1033,1910,true
7288,1439,1689,false
7289,1191,1641,true
7290,1959,1971,false
7291,1192,1638,false
7292,1674,1609,false
7293,1329,1160,false
7294,1690,1697,false
7295,1434,1038,false
7296,1351,1195,false
7297,1256,1558,false
7298,1276,1345,false
7299,1357,1591,false
7300,1112,1770,true
7301,1585,1597,false
7302,1278,1713,false
7303,1116,1653,false
7304,1623,1920,false
7305,1389,1156,true
7306,1119,1695,true
7307,1859,1071,false
7308,1006,1951,true
7309,1636,1018,false
7310,1832,1382,false
7311,1434,1808,false
7312,1079,1295,true
7313,1451,1868,false
7314,1565,1635,true
7315,1359,1560,false
7316,1509,1402,true
7317,1326,1914,false
7318,1197,1124,false
7319,1178,1866,true
7320,1729,1134,false
7321,1042,1434,true
7322,1683,1668,false
7323,1765,1730,false
7324,1648,1815,true
7325,1208,1939,false
7326,1368,1996,false
7327,1251,1914,true
7328,1829,1142,false
7329,1158,1588,true
7330,1390,1060,true
7331,1860,1052,true
7332,1362,1394,false
7333,1478,1182,false
7334,1469,1038,true
7335,1774,1954,true
7336,1513,1192,true
7337,1028,1972,false
7338,1474,1338,true
7339,1908,1791,true
7340,1887,1846,true
7341,1911,1036,false
7342,1197,1878,false
7343,1916,1796,true
7344,1163,1129,false
7345,1118,1697,true
7346,1328,1221,false
7347,1014,1418,false
7348,1891,1805,true
7349,1862,1499,true
7350,1859,1894,true
7351,1537,1857,true
7352,1198,1957,true
7353,1851,1363,true
7354,1330,1190,true
7355,1285,1936,false
7356,1268,1380,true
7357,1514,1616,true
7358,1541,1740,true
7359,1139,1915,true
7360,1409,1180,false
7361,1414,1158,true
7362,1274,1685,true
7363,1541,1101,true
7364,1480,1748,true
7365,1915,1618,false
7366,1892,1888,true
7367,1665,1386,true
7368,1955,1912,true
7369,1754,1729,true
7370,1580,1215,false
7371,1954,1607,true
7372,1230,1305,true
7373,1526,1988,true
7374,1363,1238,false
7375,1432,1552,false
7376,1817,1578,false
7377,1506,1691,true
7378,1832,1222,true
7379,1524,1327,true
7380,1599,1758,false
7381,1035,1752,true
7382,1294,1872,true
7383,1151,1368,true
7384,1832,1917,false
7385,1332,1861,true
7386,1514,1685,true
7387,1987,1927,true
7388,1566,1794,true
7389,1715,1595,true
7390,1489,1494,false
7391,1699,1353,true
7392,1527,1615,false
7393,1926,1694,true
7394,1705,1016,true
7395,1903,1135,false
7396,1805,1492,false
7397,1168,1193,false
7398,1874,1929,true
7399,1799,1293,true
7400,1147,1891,false
7401,1311,1501,false
7402,1417,1582,true
7403,1944,1304,true
7404,1189,1526,false
7405,1279,1712,true
7406,1653,1485,true
7407,1599,1323,true
7408,1785,1758,false
7409,1925,1388,true
7410,1889,1393,true
7411,1245,1950,false
7412,1474,1952,false
7413,1551,1296,false
7414,1682,1863,false
7415,1982,1549,true
7416,1528,1123,false
7417,1164,1698,true
7418,1202,1720,false
7419,1559,1089,true
7420,1330,1184,false
7421,1993,1859,true
7422,1879,1206,true
7423,1203,1791,true
7424,1266,1284,false
7425,1734,1061,false
7426,1327,1207,false
7427,1005,1252,false
7428,1916,1042,true
7429,1944,1081,false
7430,1058,1922,true
7431,1183,1460,false
7432,1902,1163,true
7433,1492,1901,false
7434,1589,1284,false
7435,1440,1880,false
7436,1533,1787,false
7437,1248,1302,true
7438,1975,1976,true
7439,1659,1280,false
7440,1571,1882,false
7441,1700,1271,false
7442,1419,1247,false
7443,1047,1794,true
7444,1062,1920,true
7445,1268,1774,false
7446,1676,1216,false
7447,1418,1965,true
7448,1630,1123,false
7449,1480,1715,true
7450,1575,1441,true
7451,1737,1183,true
7452,1029,1693,false
7453,1668,1133,true
7454,1441,1368,true
7455,1837,1249,false
7456,1464,1984,true
7457,1355,1667,true
7458,1479,1806,false
7459,1848,1128,true
7460,1819,1847,false
7461,1262,1077,false
7462,1096,1901,false
7463,1439,1614,true
7464,1485,1383,true
7465,1415,1267,true
7466,1689,1899,false
7467,1319,1705,true
7468,1912,1722,false
7469,1636,1097,false
7470,1517,1802,true
7471,1594,1859,false
7472,1767,1085,false
7473,1352,1390,false
7474,1013,1530,true
7475,1627,1607,false
7476,1919,1488,true
7477,1635,1945,true
7478,1465,1334,true
7479,1852,1871,true
7480,1665,1833,false
7481,1252,1178,false
7482,1095,1029,false
7483,1953,1901,false
7484,1003,1513,true
7485,1747,1467,false
7486,1764,1867,true
7487,1942,1956,false
7488,1995,1207,false
7489,1387,1247,false
7490,1247,1143,true
7491,1660,1885,false
7492,1621,1193,true
7493,1591,1761,false
7494,1355,1918,false
7495,1106,1419,false
7496,1178,1988,false
7497,1197,1709,false
7498,1076,1335,true
7499,1906,1811,true
7500,1169,1832,true
7501,1611,1368,true
7502,1482,1385,true
7503,1810,1884,true
7504,1266,1535,false
7505,1496,1921,false
7506,1846,1898,true
7507,1893,1582,true
7508,1470,1274,false
7509,1568,1555,false
7510,1851,1167,false
7511,1912,1198,false
7512,1787,1372,false
7513,1041,1940,true
7514,1410,1496,true
7515,1270,1984,false
7516,1295,1189,false
7517,1283,1230,false
7518,1475,1687,true
7519,1977,1110,true
7520,1352,1444,false
7521,1848,1327,true
7522,1706,1631,false
7523,1910,1578,true
7524,1019,1363,true
7525,1459,1691,true
7526,1360,1093,false
7527,1116,1387,true
7528,1489,1847,true
7529,1985,1279,true
7530,1523,1146,false
7531,1292,1118,false
7532,1519,1225,false
7533,1023,1050,true
7534,1108,1536,false
7535,1087,1047,false
7536,1997,1325,false
7537,1449,1771,true
7538,1210,1369,true
7539,1588,1071,false
7540,1858,1184,true
7541,1538,1904,false
7542,1578,1298,false
7543,1792,1717,true
7544,1916,1166,false
7545,1086,1541,true
7546,1081,1608,true
7547,1196,1486,false
7548,1880,1909,true
7549,1650,1842,false
7550,1235,1459,false
7551,1119,1883,false
7552,1351,1751,false
7553,1129,1218,false
7554,1330,1662,false
7555,1921,1171,true
7556,1838,1214,false
7557,1268,1552,true
7558,1720,1823,false
7559,1417,1746,false
7560,1944,1741,false
7561,1226,1170,false
7562,1841,1671,true
7563,1346,1706,true
7564,1495,1638,true
7565,1189,1534,false
7566,1588,1421,true
7567,1873,1045,false
7568,1083,1072,true
7569,1427,1716,false
7570,1303,1978,true
7571,1238,1353,true
7572,1562,1984,false
7573,1116,1706,false
7574,1069,1921,false
7575,1585,1067,false
7576,1647,1785,true
7577,1958,1243,true
7578,1970,1941,true
7579,1310,1999,true
7580,1082,1276,false
7581,1526,1590,false
7582,1306,1935,false
7583,1573,1342,true
7584,1921,1413,false
7585,1202,1657,false
7586,1241,1725,true
7587,1665,1282,false
7588,1488,1579,false
7589,1243,1313,true
7590,1755,1969,false
7591,1883,1463,true
7592,1517,1267,false
7593,1941,1475,false
7594,1480,1999,true
7595,1109,1865,true
7596,1132,1397,false
7597,1228,1354,true
7598,1632,1266,true
7599,1771,1012,true
7600,1752,1747,true
7601,1305,1910,true
7602,1117,1929,true
7603,1602,1192,true
7604,1237,1847,false
7605,1949,1183,false
7606,1236,1154,false
7607,1793,1204,true
7608,1563,1494,true
7609,1644,1519,true
7610,1445,1996,true
7611,1318,1529,true
7612,1894,1337,false
7613,1088,1716,false
7614,1106,1572,true
7615,1891,1443,true
7616,1672,1799,true
7617,1020,1994,false
7618,1417,1680,true
7619,1209,1919,false
7620,1977,1743,false
7621,1222,1153,true
7622,1118,1903,true
7623,1611,1334,false
7624,1377,1143,false
7625,1039,1151,true
7626,1884,1956,false
7627,1454,1151,false
7628,1311,1351,false
7629,1953,1478,true
7630,1766,1271,false
7631,1382,1002,false
7632,1925,1905,true
7633,1410,1153,true
7634,1359,1439,false
7635,1590,1846,true
7636,1394,1216,false
7637,1894,1144,true
7638,1545,1234,true
7639,1259,1543,false
7640,1607,1365,false
7641,1307,1470,false
7642,1731,1011,true
7643,1880,1949,true
7644,1519,1708,false
7645,1194,1340,true
7646,1986,1346,false
7647,1533,1648,true
7648,1481,1973,false
7649,1233,1941,false
7650,1277,1776,true
7651,1303,1673,true
7652,1888,1029,true
7653,1565,1388,false
7654,1499,1618,true
7655,1967,1630,false
7656,1600,1760,false
7657,1931,1999,true
7658,1709,1204,false
7659,1704,1668,true
7660,1095,1312,false
7661,1452,1310,true
7662,1590,1720,false
7663,1990,1673,false
7664,1768,1476,false
7665,1857,1633,false
7666,1954,1597,false
7667,1903,1188,false
7668,1902,1608,false
7669,1553,1585,true
7670,1905,1528,false
7671,1929,1684,false
7672,1455,1003,true
7673,1216,1874,false
7674,1562,1342,false
7675,1419,1811,true
7676,1717,1210,false
7677,1196,1692,true
7678,1285,1245,true
7679,1023,1380,true
7680,1498,1356,true
7681,1384,1309,true
7682,1159,1440,false
7683,1108,1550,true
7684,1655,1451,true
7685,1791,1893,true
7686,1895,1268,false
7687,1883,1733,false
7688,1578,1069,true
7689,1405,1117,false
7690,1836,1191,false
7691,1022,1254,true
7692,1270,1440,true
7693,1392,1778,false
7694,1387,1042,true
7695,1275,1377,true
7696,1436,1208,false
7697,1572,1770,false
7698,1862,1678,true
7699,1839,1056,false
7700,1444,1944,true
7701,1753,1862,false
7702,1131,1313,false
7703,1985,1340,false
7704,1993,1323,true
7705,1616,1558,false
7706,1045,1093,true
7707,1611,1168,true
7708,1276,1154,true
7709,1915,1354,true
7710,1313,1977,true
7711,1663,1419,true
7712,1293,1963,true
7713,1639,1536,true
7714,1280,1482,true
7715,1709,1006,false
7716,1683,1561,false
7717,1518,1549,false
7718,1886,1180,false
7719,1028,1348,false
7720,1306,1717,true
7721,1425,1421,false
7722,1134,1873,false
7723,1605,1690,true
7724,1524,1441,true
7725,1583,1372,false
7726,1382,1405,false
7727,1436,1679,true
7728,1872,1460,false
7729,1856,1965,true
7730,1696,1334,true
7731,1552,1284,true
7732,1026,1133,true
7733,1757,1124,true
7734,1014,1284,false
7735,1263,1864,true
7736,1843,1689,true
7737,1316,1762,false
7738,1287,1216,true
7739,1132,1301,false
7740,1648,1233,false
7741,1344,1545,true
7742,1941,1454,true
7743,1599,1600,false
7744,1939,1379,false
7745,1291,1199,false
7746,1614,1659,false
7747,1837,1899,true
7748,1153,1231,false
7749,1504,1450,true
7750,1641,1515,false
7751,1411,1605,true
7752,1688,1353,true
7753,1840,1729,true
7754,1945,1318,false
7755,1204,1102,false
7756,1260,1137,false
7757,1087,1029,false
7758,1538,1010,false
7759,1294,1918,true
7760,1828,1568,false
7761,1502,1463,false
7762,1436,1072,false
7763,1757,1121,true
7764,1278,1312,false
7765,1492,1139,true
7766,1455,1577,false
7767,1980,1311,true
7768,1805,1706,true
7769,1073,1640,true
7770,1519,1532,true
7771,1899,1548,true
7772,1880,1398,true
7773,1798,1373,false
7774,1671,1591,true
7775,1425,1416,true
7776,1669,1473,false
7777,1522,1549,true
7778,1801,1198,true
7779,1383,1677,true
7780,1241,1892,true
7781,1338,1603,true
7782,1310,1514,false
7783,1443,1710,false
7784,1830,1257,true
7785,1835,1803,false
7786,1001,1044,false
7787,1388,1203,false
7788,1325,1205,true
7789,1692,1718,false
7790,1361,1130,false
7791,1112,1031,true
7792,1093,1672,false
7793,1574,1711,true
7794,1626,1822,true
7795,1739,1683,false
7796,1204,1976,true
7797,1880,1871,true
7798,1434,1548,false
7799,1883,1801,false
7800,1374,1104,true
7801,1653,1178,false
7802,1560,1694,true
7803,1167,1644,true
7804,1328,1173,true
7805,1858,1007,true
7806,1064,1035,false
7807,1666,1047,true
7808,1857,1438,false
7809,1095,1631,false
7810,1831,1163,false
7811,1843,1326,true
7812,1970,1685,false
7813,1331,1675,false
7814,1233,1467,false
7815,1868,1084,true
7816,1179,1968,false
7817,1756,1644,false
7818,1758,1756,false
7819,1774,1154,false
7820,1714,1663,false
7821,1751,1332,true
7822,1504,1345,false
7823,1134,1944,false
7824,1093,1097,false
7825,1489,1486,true
7826,1119,1622,true
7827,1132,1294,true
7828,1654,1388,true
7829,1790,1018,false
7830,1281,1392,true
7831,1926,1593,true
7832,1561,1063,true
7833,1989,1596,false
7834,1716,1985,false
7835,1241,1166,false
7836,1607,1422,false
7837,1522,1218,true
7838,1308,1240,true
7839,1494,1241,true
7840,1018,1388,true
7841,1743,1070,false
7842,1237,1209,false
7843,1651,1036,false
7844,1810,1415,false
7845,1803,1406,false
7846,1063,1321,false
7847,1032,1240,false
7848,1510,1921,true
7849,1463,1034,false
7850,1931,1744,false
7851,1188,1862,true
7852,1036,1334,false
7853,1491,1873,true
7854,1763,1464,false
7855,1386,1768,false
7856,1366,1937,true
7857,1883,1008,false
7858,1244,1101,false
7859,1422,1052,true
7860,1674,1290,true
7861,1819,1449,true
7862,1864,1960,true
7863,1883,1044,false
7864,1961,1903,false
7865,1064,1895,true
7866,1932,1744,false
7867,1024,1422,false
7868,1879,1519,true
7869,1288,1674,false
7870,1077,1532,false
7871,1884,1940,true
7872,1376,1186,true
7873,1619,1281,true
7874,1329,1184,true
7875,1673,1016,true
7876,1939,1175,true
7877,1255,1075,true
7878,1755,1702,false
7879,1419,1926,true
7880,1788,1935,true
7881,1727,1706,false
7882,1576,1179,true
7883,1641,1520,false
7884,1728,1453,false
7885,1741,1297,true
7886,1141,1963,true
7887,1747,1541,false
7888,1830,1075,true
7889,1484,1644,true
7890,1871,1535,false
7891,1301,1310,true
7892,1731,1956,false
7893,1632,1716,false
7894,1215,1830,false
7895,1518,1877,true
7896,1805,1262,false
7897,1359,1191,false
7898,1653,1398,false
7899,1129,1015,false
7900,1098,1206,false
7901,1316,1714,true
7902,1703,1193,true
7903,1836,1795,false
7904,1429,1754,true
7905,1696,1245,false
7906,1659,1951,false
7907,1941,1707,true
7908,1107,1841,false
7909,1621,1607,true
7910,1790,1526,false
7911,1009,1083,true
7912,1509,1735,false
7913,1457,1183,true
7914,1785,1261,true
7915,1360,1599,false
7916,1545,1857,false
7917,1343,1561,false
7918,1707,1992,false
7919,1559,1917,false
7920,1264,1334,false
7921,1240,1065,true
7922,1873,1405,true
7923,1194,1379,false
7924,1399,1706,false
7925,1121,1466,true
7926,1353,1185,false
7927,1034,1104,false
7928,1389,1667,false
7929,1718,1578,true
7930,1329,1594,true
7931,1247,1209,false
7932,1360,1059,true
7933,1866,1884,false
7934,1703,1562,false
7935,1647,1573,false
7936,1048,1139,false
7937,1253,1554,false
7938,1816,1330,false
7939,1665,1825,false
7940,1410,1238,true
7941,1284,1661,true
7942,1900,1255,false
7943,1519,1914,false
7944,1594,1063,true
7945,1387,1144,false
7946,1773,1715,false
7947,1190,1496,true
7948,1280,1961,true
7949,1007,1571,false
7950,1893,1650,false
7951,1543,1069,true
7952,1815,1180,true
7953,1952,1879,true
7954,1207,1974,true
7955,1836,1922,true
7956,1934,1750,false
7957,1864,1943,false
7958,1384,1176,true
7959,1525,1079,true
7960,1314,1040,true
7961,1460,1818,false
7962,1041,1881,false
7963,1352,1740,false
7964,1742,1229,true
7965,1766,1125,false
7966,1669,1237,true
7967,1684,1223,false
7968,1112,1937,true
7969,1957,1295,false
7970,1334,1079,true
7971,1862,1750,true
7972,1295,1334,false
7973,1991,1927,true
7974,1550,1377,false
7975,1923,1540,true
7976,1811,1159,false
7977,1394,1901,false
7978,1316,1766,false
7979,1821,1970,true
7980,1255,1677,true
7981,1870,1429,false
7982,1033,1168,false
7983,1055,1081,false
7984,1901,1626,false
7985,1377,1164,true
7986,1264,1656,true
7987,1660,1779,true
7988,1472,1421,true
7989,1454,1675,true
7990,1503,1281,false
7991,1886,1037,false
7992,1907,1993,true
7993,1157,1514,false
7994,1506,1993,false
7995,1433,1427,false
7996,1013,1335,false
7997,1711,1192,false
7998,1071,1969,true
7999,1545,1292,true
8000,1971,1122,false
