id,username,pixel_avatar,interests,activity_score,is_online,is_moderator,is_public,tags_agregados
1,wmortimer0,rolinga,"[""hiking"", ""series"", ""skate"", ""cooking""]",59,false,false,false,"[""yoga"", ""movies""]"
2,gbernet1,gotica,"[""yoga"", ""skate"", ""knitting""]",37,false,false,true,"[""subculture"", ""cooking""]"
3,bbechley2,preppy,"[""style"", ""cooking""]",2,false,false,false,"[""subculture"", ""cooking"", ""skate"", ""gardening""]"
4,jvalentetti3,rolinga,"[""reading"", ""photography""]",3,false,false,true,"[""photography"", ""music"", ""hiking"", ""anime""]"
5,njonczyk4,rolinga,"[""reading"", ""painting"", ""birdwatching"", ""cooking""]",90,true,false,false,"[""subculture"", ""skate"", ""adolescente"", ""series""]"
6,abrafield5,rolinga,"[""traveling"", ""yoga"", ""anime""]",87,false,false,false,"[""music"", ""adolescente""]"
7,qiiannone6,rolinga,"[""alone"", ""series"", ""hiking""]",79,false,false,true,"[""style"", ""reading""]"
8,btruelock7,rolinga,"[""series"", ""hiking"", ""gardening"", ""traveling""]",55,false,false,false,"[""reading"", ""gardening"", ""alone""]"
9,mrosenbarg8,emo-boy,"[""movies"", ""birdwatching"", ""traveling"", ""music""]",35,false,false,true,"[""birdwatching"", ""photography""]"
10,cwalkowski9,flogger-girl,"[""movies"", ""music"", ""photography""]",83,false,false,false,"[""reading"", ""knitting"", ""skate""]"
11,cmcgiffiea,gotica,"[""adolescente"", ""painting"", ""cooking"", ""style""]",17,false,false,false,"[""birdwatching"", ""gardening"", ""music""]"
12,rricciardob,flogger-girl,"[""alone"", ""series"", ""birdwatching"", ""style""]",34,false,false,true,"[""photography"", ""series""]"
13,mcalderonelloc,preppy,"[""gardening"", ""cooking"", ""skate"", ""emo""]",16,true,false,false,"[""traveling"", ""photography"", ""alone"", ""cooking""]"
14,psavaged,preppy,"[""style"", ""traveling"", ""alone"", ""skate""]",16,true,false,false,"[""series"", ""cooking"", ""painting""]"
15,tbiskupe,punk,"[""traveling"", ""style"", ""subculture""]",56,false,false,false,"[""gardening"", ""knitting"", ""photography"", ""painting""]"
16,jfannonf,emo-boy,"[""music"", ""series"", ""knitting""]",41,false,false,false,"[""style"", ""traveling"", ""cooking"", ""series""]"
17,dfulepg,metalero,"[""style"", ""traveling"", ""cooking""]",37,false,false,false,"[""series"", ""anime"", ""subculture""]"
18,jjamblinh,gotica,"[""knitting"", ""skate"", ""music"", ""birdwatching""]",77,false,false,false,"[""traveling"", ""hiking"", ""painting"", ""anime""]"
19,dninottii,metalero,"[""photography"", ""knitting"", ""movies""]",86,false,false,true,"[""adolescente"", ""emo"", ""alone"", ""anime""]"
20,kcardisj,skater,"[""series"", ""alone""]",20,false,false,true,"[""hiking"", ""subculture"", ""traveling"", ""music""]"
21,ksitwellk,flogger-girl,"[""cooking"", ""adolescente"", ""painting"", ""yoga""]",80,false,false,true,"[""style"", ""cooking"", ""birdwatching"", ""traveling""]"
22,pbrightlingl,flogger,"[""movies"", ""reading"", ""emo""]",91,false,false,true,"[""reading"", ""subculture""]"
23,laddionisiom,hippie,"[""subculture"", ""traveling""]",28,false,false,false,"[""yoga"", ""alone"", ""painting""]"
24,lrenoln,rolinga,"[""subculture"", ""birdwatching""]",70,false,false,true,"[""movies"", ""traveling"", ""painting"", ""yoga""]"
25,wlefebreo,rolinga,"[""knitting"", ""movies"", ""style""]",91,false,false,false,"[""anime"", ""emo""]"
26,rebdinp,metalero,"[""style"", ""adolescente""]",35,false,false,false,"[""subculture"", ""birdwatching"", ""series"", ""emo""]"
27,sguidettiq,punk,"[""movies"", ""adolescente"", ""subculture"", ""birdwatching""]",78,false,false,true,"[""alone"", ""music"", ""cooking""]"
28,cgiercker,punk,"[""skate"", ""cooking"", ""series"", ""movies""]",57,false,false,false,"[""photography"", ""cooking"", ""series""]"
29,mgarnseys,emo-boy,"[""anime"", ""birdwatching""]",26,true,false,false,"[""hiking"", ""photography""]"
30,kkubyszekt,preppy,"[""skate"", ""anime""]",90,false,false,true,"[""birdwatching"", ""gardening"", ""emo"", ""cooking""]"
31,ejealu,flogger,"[""alone"", ""adolescente"", ""emo""]",60,false,false,false,"[""birdwatching"", ""gardening"", ""reading""]"
32,cmartschikv,rolinga,"[""skate"", ""birdwatching"", ""photography"", ""yoga""]",32,false,false,false,"[""hiking"", ""alone"", ""gardening"", ""style""]"
33,kimpsonw,emo-boy,"[""adolescente"", ""subculture""]",40,false,false,true,"[""emo"", ""movies"", ""anime""]"
34,qsteblesx,hippie,"[""series"", ""skate"", ""alone""]",16,false,false,true,"[""emo"", ""painting"", ""movies"", ""birdwatching""]"
35,mdawidsohny,metalero,"[""music"", ""knitting""]",15,false,false,false,"[""cooking"", ""series""]"
36,abakesz,flogger,"[""reading"", ""subculture"", ""style""]",79,true,false,true,"[""series"", ""anime"", ""style"", ""adolescente""]"
37,voutlaw10,rolinga,"[""hiking"", ""painting"", ""series""]",83,true,false,false,"[""style"", ""alone"", ""reading"", ""hiking""]"
38,bfransson11,punk,"[""adolescente"", ""cooking"", ""traveling"", ""reading""]",97,false,false,false,"[""music"", ""alone"", ""traveling""]"
39,ntwinberrow12,hippie,"[""knitting"", ""series"", ""style"", ""yoga""]",69,false,false,false,"[""gardening"", ""hiking""]"
40,ewalduck13,hippie,"[""music"", ""cooking""]",85,false,false,true,"[""cooking"", ""skate"", ""subculture"", ""hiking""]"
41,charbertson14,cumbiero,"[""series"", ""reading"", ""subculture"", ""gardening""]",6,false,false,true,"[""hiking"", ""traveling""]"
42,gduffan15,hippie,"[""birdwatching"", ""adolescente"", ""movies""]",21,false,false,true,"[""birdwatching"", ""movies"", ""alone"", ""painting""]"
43,tpenna16,emo-girl,"[""movies"", ""knitting"", ""skate"", ""traveling""]",48,false,false,false,"[""cooking"", ""skate"", ""series""]"
44,ekhalid17,flogger-girl,"[""emo"", ""knitting""]",58,false,false,true,"[""photography"", ""gardening""]"
45,nserot18,gotica,"[""alone"", ""style"", ""gardening""]",88,true,false,true,"[""skate"", ""birdwatching""]"
46,ogaythwaite19,emo-boy,"[""traveling"", ""anime"", ""movies"", ""knitting""]",43,false,false,true,"[""traveling"", ""music"", ""adolescente""]"
47,upalay1a,preppy,"[""subculture"", ""painting"", ""music""]",87,true,false,true,"[""series"", ""reading"", ""skate""]"
48,studge1b,gotica,"[""skate"", ""music"", ""hiking""]",28,false,false,false,"[""hiking"", ""subculture"", ""style""]"
49,fdebling1c,preppy,"[""gardening"", ""skate""]",73,false,false,true,"[""series"", ""movies"", ""emo"", ""traveling""]"
50,lbeggini1d,flogger-girl,"[""adolescente"", ""traveling"", ""movies"", ""series""]",39,false,false,true,"[""painting"", ""alone"", ""skate""]"
51,fcorke1e,cumbiero,"[""hiking"", ""adolescente"", ""movies""]",1,false,false,true,"[""movies"", ""reading"", ""gardening"", ""painting""]"
52,vminards1f,emo-girl,"[""birdwatching"", ""subculture""]",42,true,false,true,"[""adolescente"", ""photography"", ""painting"", ""gardening""]"
53,hdipple1g,metalero,"[""knitting"", ""series"", ""skate""]",83,false,false,true,"[""series"", ""photography"", ""gardening"", ""skate""]"
54,elombard1h,emo-boy,"[""alone"", ""subculture""]",28,false,false,false,"[""gardening"", ""anime"", ""reading"", ""traveling""]"
55,ekeitch1i,punk,"[""hiking"", ""photography"", ""anime""]",54,false,false,true,"[""knitting"", ""hiking""]"
56,sfellenor1j,punk,"[""alone"", ""knitting"", ""movies""]",60,false,false,true,"[""yoga"", ""music""]"
57,estallibrass1k,punk,"[""skate"", ""painting"", ""alone"", ""series""]",35,false,false,true,"[""music"", ""style"", ""knitting""]"
58,mbryns1l,gotica,"[""photography"", ""traveling"", ""subculture""]",11,false,false,true,"[""hiking"", ""adolescente""]"
59,kgurrado1m,rolinga,"[""photography"", ""subculture"", ""movies""]",43,false,false,false,"[""adolescente"", ""movies""]"
60,tvenny1n,flogger-girl,"[""traveling"", ""cooking"", ""movies"", ""knitting""]",72,false,false,false,"[""series"", ""gardening"", ""anime"", ""hiking""]"
61,slowcock1o,cumbiero,"[""subculture"", ""series"", ""yoga""]",27,false,false,false,"[""traveling"", ""photography"", ""gardening"", ""movies""]"
62,lmeynell1p,metalero,"[""anime"", ""subculture""]",48,false,false,false,"[""yoga"", ""music"", ""knitting"", ""painting""]"
63,scumbes1q,emo-boy,"[""yoga"", ""subculture"", ""birdwatching"", ""emo""]",64,false,false,true,"[""birdwatching"", ""cooking""]"
64,mavrahamoff1r,gotica,"[""series"", ""style"", ""painting"", ""knitting""]",93,false,false,true,"[""birdwatching"", ""photography"", ""painting""]"
65,calekseev1s,flogger-girl,"[""skate"", ""anime"", ""alone""]",80,false,false,false,"[""reading"", ""yoga"", ""birdwatching"", ""series""]"
66,rrobottom1t,flogger-girl,"[""birdwatching"", ""cooking"", ""style"", ""emo""]",1,true,false,true,"[""gardening"", ""series""]"
67,lcristofolini1u,flogger,"[""alone"", ""traveling""]",19,false,false,true,"[""traveling"", ""knitting"", ""alone"", ""gardening""]"
68,fjameson1v,metalero,"[""hiking"", ""emo""]",43,false,false,true,"[""style"", ""photography"", ""series"", ""painting""]"
69,pwisham1w,rolinga,"[""painting"", ""adolescente""]",95,false,false,true,"[""painting"", ""anime"", ""alone""]"
70,hpierucci1x,gotica,"[""subculture"", ""music""]",47,false,false,false,"[""anime"", ""subculture"", ""movies"", ""skate""]"
71,rmcgorley1y,punk,"[""painting"", ""gardening""]",52,false,false,true,"[""photography"", ""emo""]"
72,cmeins1z,metalero,"[""skate"", ""yoga"", ""style"", ""traveling""]",82,false,false,true,"[""subculture"", ""cooking""]"
73,gmeric20,flogger-girl,"[""anime"", ""cooking"", ""yoga"", ""traveling""]",43,false,false,true,"[""adolescente"", ""alone"", ""skate"", ""style""]"
74,nbasillon21,gotica,"[""adolescente"", ""painting"", ""hiking""]",42,false,false,true,"[""emo"", ""photography"", ""anime"", ""subculture""]"
75,dcarncross22,emo-boy,"[""subculture"", ""music"", ""painting""]",78,true,false,false,"[""hiking"", ""movies""]"
76,llante23,hippie,"[""knitting"", ""gardening"", ""hiking""]",3,true,false,false,"[""hiking"", ""emo""]"
77,amckerrow24,metalero,"[""anime"", ""cooking"", ""knitting"", ""subculture""]",5,false,false,false,"[""knitting"", ""traveling"", ""series""]"
78,acrystal25,cumbiero,"[""emo"", ""gardening"", ""cooking""]",74,false,false,true,"[""gardening"", ""yoga"", ""traveling"", ""emo""]"
79,rquartermaine26,preppy,"[""adolescente"", ""photography"", ""skate"", ""hiking""]",5,false,false,false,"[""music"", ""subculture""]"
80,iakhurst27,punk,"[""knitting"", ""music""]",97,true,false,true,"[""style"", ""knitting""]"
81,xmcgerraghty28,gotica,"[""adolescente"", ""emo""]",81,false,false,true,"[""gardening"", ""skate"", ""painting""]"
82,mlezemore29,hippie,"[""anime"", ""style"", ""yoga""]",61,true,false,true,"[""style"", ""music"", ""subculture""]"
83,ddmtrovic2a,rolinga,"[""gardening"", ""movies""]",68,false,false,true,"[""traveling"", ""alone"", ""reading""]"
84,ahindenburg2b,metalero,"[""cooking"", ""gardening""]",6,false,false,false,"[""movies"", ""yoga"", ""knitting"", ""anime""]"
85,pszwandt2c,skater,"[""knitting"", ""style"", ""series""]",45,true,false,false,"[""emo"", ""birdwatching"", ""movies"", ""series""]"
86,ngavrielly2d,hippie,"[""hiking"", ""emo"", ""anime"", ""movies""]",48,false,false,true,"[""alone"", ""emo"", ""knitting""]"
87,etumilty2e,skater,"[""alone"", ""painting""]",19,false,false,false,"[""series"", ""skate"", ""music""]"
88,mpauleit2f,hippie,"[""emo"", ""hiking""]",73,false,false,false,"[""knitting"", ""skate"", ""painting"", ""emo""]"
89,mpetrello2g,hippie,"[""subculture"", ""style"", ""knitting""]",0,true,false,false,"[""traveling"", ""cooking""]"
90,kmaddams2h,emo-girl,"[""style"", ""music""]",70,false,false,true,"[""alone"", ""cooking""]"
91,kvahl2i,punk,"[""gardening"", ""knitting""]",37,false,false,false,"[""anime"", ""knitting"", ""emo""]"
92,cschober2j,gotica,"[""style"", ""photography"", ""alone"", ""music""]",36,false,false,false,"[""cooking"", ""adolescente"", ""birdwatching"", ""alone""]"
93,tbacher2k,gotica,"[""alone"", ""series""]",6,false,false,false,"[""emo"", ""painting""]"
94,saxston2l,metalero,"[""painting"", ""subculture"", ""music""]",86,false,false,false,"[""knitting"", ""adolescente"", ""movies"", ""style""]"
95,ymchenry2m,flogger-girl,"[""traveling"", ""emo"", ""movies"", ""style""]",39,false,false,false,"[""hiking"", ""anime"", ""cooking"", ""reading""]"
96,mrutt2n,emo-girl,"[""hiking"", ""reading""]",22,false,false,false,"[""alone"", ""skate"", ""style"", ""anime""]"
97,cmarchiso2o,cumbiero,"[""painting"", ""photography"", ""yoga""]",37,false,false,false,"[""adolescente"", ""music"", ""style""]"
98,crobe2p,emo-girl,"[""alone"", ""traveling""]",99,true,false,true,"[""traveling"", ""photography"", ""cooking"", ""anime""]"
99,llonsbrough2q,hippie,"[""knitting"", ""skate"", ""traveling"", ""alone""]",26,false,false,true,"[""cooking"", ""yoga""]"
100,jbastin2r,gotica,"[""birdwatching"", ""anime"", ""subculture""]",74,true,false,false,"[""traveling"", ""painting"", ""emo"", ""knitting""]"
101,apinxton2s,gotica,"[""alone"", ""yoga"", ""skate"", ""painting""]",48,false,false,false,"[""yoga"", ""adolescente""]"
102,lplowes2t,metalero,"[""alone"", ""style"", ""subculture"", ""cooking""]",13,false,false,false,"[""knitting"", ""photography"", ""anime"", ""gardening""]"
103,cshucksmith2u,rolinga,"[""style"", ""alone"", ""painting"", ""anime""]",13,true,false,false,"[""series"", ""emo""]"
104,seglese2v,emo-boy,"[""skate"", ""birdwatching""]",59,false,false,true,"[""knitting"", ""alone""]"
105,vcrenshaw2w,flogger-girl,"[""alone"", ""anime"", ""emo"", ""movies""]",75,false,false,true,"[""series"", ""knitting"", ""reading"", ""gardening""]"
106,eross2x,flogger-girl,"[""emo"", ""cooking""]",81,false,false,false,"[""birdwatching"", ""movies"", ""painting""]"
107,chawtrey2y,hippie,"[""photography"", ""series"", ""anime""]",54,true,false,true,"[""subculture"", ""movies""]"
108,jlaffoleylane2z,hippie,"[""style"", ""painting"", ""movies""]",35,false,false,true,"[""series"", ""movies""]"
109,lbowstead30,hippie,"[""subculture"", ""traveling"", ""anime"", ""gardening""]",75,true,false,false,"[""traveling"", ""hiking"", ""movies""]"
110,fsterzaker31,emo-girl,"[""style"", ""hiking""]",88,false,false,false,"[""traveling"", ""painting""]"
111,acarek32,hippie,"[""birdwatching"", ""alone"", ""adolescente""]",10,false,false,true,"[""reading"", ""movies"", ""painting"", ""emo""]"
112,jmonro33,preppy,"[""movies"", ""hiking""]",70,false,false,true,"[""knitting"", ""music"", ""traveling"", ""reading""]"
113,spendergrast34,metalero,"[""skate"", ""movies""]",16,false,false,false,"[""yoga"", ""photography"", ""reading""]"
114,eandreev35,flogger-girl,"[""gardening"", ""emo""]",41,false,false,false,"[""anime"", ""painting"", ""music""]"
115,cchrister36,emo-girl,"[""emo"", ""music"", ""series""]",100,false,false,true,"[""alone"", ""painting""]"
116,volivas37,preppy,"[""photography"", ""yoga""]",92,false,false,true,"[""hiking"", ""style"", ""knitting""]"
117,rstollen38,rolinga,"[""adolescente"", ""skate""]",0,false,false,true,"[""subculture"", ""movies"", ""series"", ""hiking""]"
118,eskeldinge39,skater,"[""painting"", ""series"", ""adolescente""]",76,true,false,false,"[""yoga"", ""knitting""]"
119,mhannabuss3a,metalero,"[""anime"", ""photography"", ""movies"", ""style""]",66,false,false,true,"[""yoga"", ""skate""]"
120,ngatherer3b,emo-girl,"[""reading"", ""traveling"", ""adolescente""]",91,true,false,true,"[""adolescente"", ""hiking"", ""cooking""]"
121,dbennough3c,cumbiero,"[""yoga"", ""painting"", ""hiking""]",0,false,false,false,"[""alone"", ""knitting"", ""yoga""]"
122,lwillingam3d,hippie,"[""anime"", ""cooking"", ""emo""]",1,false,false,true,"[""painting"", ""style"", ""birdwatching"", ""photography""]"
123,celven3e,skater,"[""yoga"", ""reading"", ""photography""]",71,false,false,false,"[""photography"", ""series"", ""yoga"", ""skate""]"
124,lroose3f,emo-boy,"[""birdwatching"", ""anime"", ""alone""]",26,false,false,false,"[""subculture"", ""hiking"", ""birdwatching""]"
125,hdaviddi3g,preppy,"[""subculture"", ""traveling"", ""movies"", ""hiking""]",25,false,false,true,"[""subculture"", ""painting""]"
126,gwhifen3h,flogger-girl,"[""painting"", ""cooking""]",67,false,false,false,"[""traveling"", ""alone"", ""emo""]"
127,mportwaine3i,rolinga,"[""yoga"", ""gardening"", ""music"", ""birdwatching""]",1,false,false,false,"[""yoga"", ""series"", ""traveling""]"
128,wairdrie3j,hippie,"[""photography"", ""movies"", ""traveling"", ""birdwatching""]",32,true,false,true,"[""alone"", ""reading"", ""skate"", ""birdwatching""]"
129,acatt3k,skater,"[""subculture"", ""cooking""]",29,false,false,false,"[""skate"", ""anime"", ""gardening"", ""adolescente""]"
130,fhaydon3l,metalero,"[""music"", ""traveling"", ""adolescente"", ""gardening""]",93,false,false,true,"[""traveling"", ""skate"", ""knitting"", ""alone""]"
131,ginsley3m,flogger-girl,"[""birdwatching"", ""gardening"", ""series""]",100,false,false,false,"[""yoga"", ""skate"", ""hiking"", ""subculture""]"
132,bgalia3n,flogger,"[""hiking"", ""birdwatching""]",32,false,false,true,"[""traveling"", ""reading"", ""painting""]"
133,khatherall3o,cumbiero,"[""reading"", ""photography"", ""adolescente"", ""style""]",36,false,false,false,"[""traveling"", ""subculture"", ""skate""]"
134,kcannings3p,flogger,"[""traveling"", ""style"", ""emo""]",50,false,false,false,"[""series"", ""traveling"", ""skate""]"
135,lpalia3q,emo-girl,"[""traveling"", ""gardening"", ""subculture"", ""alone""]",22,false,false,true,"[""emo"", ""traveling"", ""yoga""]"
136,elenahan3r,rolinga,"[""adolescente"", ""photography"", ""series"", ""music""]",4,true,false,false,"[""hiking"", ""music"", ""movies"", ""reading""]"
137,smatteotti3s,skater,"[""cooking"", ""emo"", ""anime"", ""series""]",60,false,false,false,"[""style"", ""music""]"
138,smatschuk3t,gotica,"[""series"", ""movies""]",0,false,false,false,"[""cooking"", ""alone"", ""photography""]"
139,jalphonso3u,emo-boy,"[""series"", ""birdwatching""]",90,false,false,true,"[""emo"", ""knitting"", ""alone""]"
140,tdecastri3v,flogger,"[""knitting"", ""painting""]",53,false,false,false,"[""painting"", ""movies"", ""alone"", ""birdwatching""]"
141,mtapner3w,rolinga,"[""anime"", ""series"", ""birdwatching""]",83,false,false,false,"[""hiking"", ""gardening"", ""traveling"", ""painting""]"
142,jdraayer3x,preppy,"[""emo"", ""yoga"", ""painting""]",14,false,false,true,"[""yoga"", ""emo"", ""movies""]"
143,gknipe3y,preppy,"[""series"", ""painting""]",26,false,false,true,"[""series"", ""style"", ""painting"", ""hiking""]"
144,hbalharrie3z,emo-girl,"[""subculture"", ""movies"", ""gardening"", ""yoga""]",35,false,false,false,"[""birdwatching"", ""adolescente"", ""hiking""]"
145,vhindenburg40,hippie,"[""gardening"", ""skate""]",48,true,false,false,"[""hiking"", ""birdwatching"", ""yoga"", ""subculture""]"
146,oharkus41,flogger,"[""movies"", ""cooking"", ""style""]",76,false,false,true,"[""music"", ""birdwatching""]"
147,ebennetto42,emo-girl,"[""subculture"", ""yoga"", ""knitting""]",100,false,false,true,"[""movies"", ""emo"", ""alone""]"
148,smapledoram43,hippie,"[""photography"", ""painting"", ""traveling"", ""music""]",81,false,false,false,"[""anime"", ""traveling""]"
149,strudgion44,metalero,"[""gardening"", ""movies""]",17,true,false,false,"[""emo"", ""yoga"", ""adolescente""]"
150,dpessler45,emo-boy,"[""adolescente"", ""photography""]",44,true,false,true,"[""music"", ""yoga""]"
151,bcorson46,hippie,"[""yoga"", ""gardening"", ""skate""]",50,false,false,false,"[""hiking"", ""movies"", ""traveling"", ""gardening""]"
152,vrubinovitch47,flogger,"[""painting"", ""gardening"", ""subculture"", ""music""]",78,true,false,false,"[""painting"", ""alone"", ""movies""]"
153,swilles48,skater,"[""alone"", ""anime"", ""series""]",9,false,true,false,"[""painting"", ""adolescente""]"
154,fhundell49,gotica,"[""hiking"", ""anime""]",44,false,false,true,"[""painting"", ""yoga"", ""hiking"", ""gardening""]"
155,lkillby4a,metalero,"[""subculture"", ""gardening""]",80,true,false,true,"[""style"", ""anime""]"
156,tbriton4b,flogger,"[""cooking"", ""knitting"", ""painting""]",95,false,false,false,"[""reading"", ""gardening"", ""subculture""]"
157,jlimer4c,emo-girl,"[""knitting"", ""painting"", ""anime""]",11,false,false,false,"[""hiking"", ""music"", ""cooking"", ""emo""]"
158,gkob4d,punk,"[""photography"", ""subculture""]",24,false,false,false,"[""anime"", ""style"", ""knitting"", ""photography""]"
159,asouthcoat4e,emo-boy,"[""reading"", ""series""]",17,false,false,false,"[""traveling"", ""gardening"", ""painting"", ""style""]"
160,ccharrisson4f,flogger,"[""reading"", ""subculture"", ""style"", ""skate""]",64,false,false,false,"[""movies"", ""gardening"", ""cooking""]"
161,dstirman4g,gotica,"[""anime"", ""hiking""]",99,false,false,true,"[""hiking"", ""movies""]"
162,ssilversmidt4h,emo-girl,"[""emo"", ""yoga"", ""skate"", ""alone""]",43,false,false,false,"[""style"", ""alone"", ""yoga"", ""birdwatching""]"
163,slattey4i,rolinga,"[""birdwatching"", ""yoga""]",5,false,false,false,"[""adolescente"", ""movies"", ""knitting"", ""emo""]"
164,nstonham4j,skater,"[""subculture"", ""photography"", ""series""]",22,false,false,false,"[""birdwatching"", ""subculture"", ""skate"", ""reading""]"
165,aisacsson4k,rolinga,"[""knitting"", ""reading"", ""hiking"", ""yoga""]",33,false,false,true,"[""knitting"", ""series"", ""emo"", ""skate""]"
166,vtyzack4l,punk,"[""birdwatching"", ""movies"", ""reading""]",50,false,false,false,"[""reading"", ""painting""]"
167,mthurlborn4m,flogger,"[""photography"", ""alone""]",42,true,false,true,"[""reading"", ""photography"", ""series"", ""painting""]"
168,bhawkwood4n,flogger,"[""photography"", ""emo"", ""birdwatching""]",25,false,false,false,"[""alone"", ""traveling"", ""subculture""]"
169,mbifield4o,preppy,"[""photography"", ""movies"", ""skate"", ""birdwatching""]",57,true,false,true,"[""knitting"", ""yoga""]"
170,ngapper4p,preppy,"[""skate"", ""movies"", ""cooking""]",72,false,false,true,"[""birdwatching"", ""skate"", ""series""]"
171,scharsley4q,flogger-girl,"[""music"", ""painting"", ""hiking"", ""alone""]",8,false,true,false,"[""traveling"", ""music""]"
172,fsoutar4r,hippie,"[""adolescente"", ""style""]",96,false,false,false,"[""anime"", ""movies"", ""yoga"", ""style""]"
173,cdarker4s,skater,"[""cooking"", ""style"", ""painting"", ""movies""]",13,false,false,true,"[""painting"", ""cooking"", ""emo""]"
174,cbernardelli4t,punk,"[""gardening"", ""adolescente"", ""birdwatching""]",93,false,false,false,"[""skate"", ""traveling"", ""adolescente"", ""yoga""]"
175,daverill4u,skater,"[""reading"", ""adolescente"", ""anime""]",24,false,false,false,"[""emo"", ""hiking""]"
176,atrudgian4v,flogger,"[""skate"", ""anime""]",66,false,false,false,"[""movies"", ""subculture"", ""music""]"
177,mhawarden4w,skater,"[""painting"", ""birdwatching"", ""music"", ""traveling""]",79,true,false,true,"[""emo"", ""alone"", ""traveling"", ""knitting""]"
178,ostrathman4x,punk,"[""reading"", ""gardening""]",10,false,false,true,"[""series"", ""alone"", ""movies""]"
179,mmoutrayread4y,emo-boy,"[""adolescente"", ""painting"", ""series"", ""traveling""]",43,false,false,false,"[""music"", ""reading"", ""photography"", ""anime""]"
180,roven4z,skater,"[""music"", ""skate"", ""movies""]",49,false,false,true,"[""movies"", ""reading"", ""emo""]"
181,bmabbs50,cumbiero,"[""hiking"", ""painting""]",78,false,false,true,"[""skate"", ""alone""]"
182,ifrary51,cumbiero,"[""movies"", ""reading"", ""knitting"", ""alone""]",10,false,false,true,"[""series"", ""emo"", ""hiking""]"
183,nmcgraffin52,cumbiero,"[""adolescente"", ""alone"", ""hiking""]",14,false,false,false,"[""hiking"", ""photography"", ""subculture"", ""painting""]"
184,sscampion53,hippie,"[""music"", ""skate"", ""subculture""]",29,true,false,true,"[""anime"", ""skate"", ""knitting"", ""movies""]"
185,flauret54,preppy,"[""gardening"", ""anime"", ""birdwatching""]",62,false,false,false,"[""alone"", ""skate""]"
186,anacey55,flogger,"[""reading"", ""traveling"", ""movies""]",57,false,false,true,"[""reading"", ""birdwatching"", ""skate""]"
187,rstraughan56,metalero,"[""music"", ""knitting""]",20,false,false,false,"[""adolescente"", ""hiking"", ""painting""]"
188,bchetwin57,flogger,"[""subculture"", ""photography"", ""style"", ""painting""]",40,false,false,false,"[""cooking"", ""alone""]"
189,rspivie58,cumbiero,"[""adolescente"", ""skate""]",43,false,false,true,"[""reading"", ""anime"", ""adolescente""]"
190,arosterne59,hippie,"[""cooking"", ""gardening""]",96,false,false,true,"[""anime"", ""hiking""]"
191,cassaf5a,flogger,"[""painting"", ""music"", ""style"", ""reading""]",69,false,false,false,"[""photography"", ""movies""]"
192,rproger5b,punk,"[""music"", ""knitting""]",20,true,true,true,"[""gardening"", ""traveling""]"
193,agiraudou5c,emo-boy,"[""painting"", ""adolescente"", ""anime"", ""birdwatching""]",70,true,false,false,"[""photography"", ""reading"", ""skate""]"
194,ckach5d,punk,"[""traveling"", ""series"", ""adolescente"", ""music""]",51,false,false,true,"[""subculture"", ""skate"", ""reading""]"
195,pbraven5e,preppy,"[""emo"", ""series"", ""traveling""]",1,false,false,true,"[""reading"", ""subculture"", ""music"", ""style""]"
196,adunsmuir5f,flogger-girl,"[""movies"", ""series""]",23,false,false,true,"[""gardening"", ""cooking"", ""hiking""]"
197,bhastwall5g,skater,"[""hiking"", ""birdwatching"", ""painting"", ""style""]",77,true,false,true,"[""birdwatching"", ""music"", ""knitting"", ""traveling""]"
198,cfeechan5h,flogger-girl,"[""skate"", ""photography"", ""anime"", ""series""]",70,false,false,false,"[""adolescente"", ""subculture"", ""gardening"", ""movies""]"
199,eormes5i,preppy,"[""adolescente"", ""skate""]",69,true,false,true,"[""reading"", ""adolescente"", ""movies"", ""gardening""]"
200,hfollis5j,preppy,"[""painting"", ""reading"", ""movies""]",9,true,false,true,"[""yoga"", ""anime"", ""movies"", ""reading""]"
201,cmarrington5k,gotica,"[""traveling"", ""yoga""]",48,false,false,false,"[""style"", ""skate""]"
202,gparoni5l,hippie,"[""photography"", ""gardening""]",49,false,false,true,"[""style"", ""hiking""]"
203,ddongate5m,rolinga,"[""anime"", ""knitting""]",84,false,false,false,"[""skate"", ""emo"", ""photography"", ""series""]"
204,jpimbley5n,cumbiero,"[""painting"", ""movies""]",69,false,false,true,"[""adolescente"", ""traveling"", ""music""]"
205,cosment5o,punk,"[""alone"", ""emo"", ""skate"", ""gardening""]",70,true,false,true,"[""movies"", ""series"", ""knitting"", ""cooking""]"
206,aturk5p,emo-girl,"[""alone"", ""anime"", ""reading"", ""painting""]",51,false,false,true,"[""gardening"", ""music"", ""hiking"", ""yoga""]"
207,tpiers5q,gotica,"[""skate"", ""style"", ""reading""]",78,false,false,false,"[""movies"", ""painting"", ""yoga"", ""subculture""]"
208,mtwort5r,hippie,"[""music"", ""skate""]",71,false,false,false,"[""style"", ""alone""]"
209,espread5s,emo-girl,"[""style"", ""photography"", ""anime"", ""hiking""]",10,false,false,false,"[""movies"", ""birdwatching"", ""yoga"", ""gardening""]"
210,dskip5t,metalero,"[""movies"", ""style"", ""painting"", ""traveling""]",28,false,false,false,"[""birdwatching"", ""subculture"", ""emo"", ""style""]"
211,mempringham5u,punk,"[""hiking"", ""gardening"", ""birdwatching""]",38,false,false,false,"[""alone"", ""style"", ""movies""]"
212,vnolton5v,flogger-girl,"[""adolescente"", ""reading"", ""cooking""]",91,false,false,false,"[""style"", ""knitting"", ""skate"", ""subculture""]"
213,wlamshead5w,metalero,"[""reading"", ""hiking"", ""alone"", ""cooking""]",71,false,false,false,"[""style"", ""skate"", ""hiking""]"
214,csamsonsen5x,skater,"[""subculture"", ""yoga"", ""style""]",91,false,false,false,"[""knitting"", ""music""]"
215,dvousden5y,flogger-girl,"[""skate"", ""reading"", ""subculture""]",86,false,false,false,"[""music"", ""series""]"
216,gshooter5z,preppy,"[""music"", ""birdwatching""]",1,true,false,true,"[""yoga"", ""style""]"
217,lnorvell60,emo-girl,"[""traveling"", ""adolescente""]",46,false,false,false,"[""gardening"", ""traveling"", ""reading"", ""adolescente""]"
218,esinnatt61,cumbiero,"[""anime"", ""alone"", ""movies""]",50,false,false,false,"[""cooking"", ""series"", ""yoga""]"
219,dcockshtt62,emo-boy,"[""movies"", ""subculture"", ""style"", ""birdwatching""]",35,false,false,true,"[""subculture"", ""hiking"", ""anime"", ""gardening""]"
220,jedgecumbe63,rolinga,"[""painting"", ""anime""]",98,false,false,true,"[""skate"", ""subculture""]"
221,dharrington64,emo-girl,"[""subculture"", ""cooking"", ""yoga"", ""painting""]",62,false,false,false,"[""gardening"", ""yoga"", ""series"", ""anime""]"
222,ldibartolomeo65,flogger,"[""series"", ""reading"", ""traveling""]",80,false,false,false,"[""painting"", ""knitting""]"
223,hangood66,cumbiero,"[""style"", ""photography"", ""cooking"", ""anime""]",85,true,false,true,"[""painting"", ""emo""]"
224,tmays67,flogger-girl,"[""anime"", ""hiking"", ""adolescente""]",34,false,false,true,"[""adolescente"", ""traveling""]"
225,dmcmorran68,hippie,"[""traveling"", ""photography"", ""knitting""]",1,true,false,true,"[""reading"", ""subculture"", ""yoga""]"
226,jwickey69,skater,"[""emo"", ""style"", ""traveling"", ""alone""]",8,false,true,false,"[""adolescente"", ""skate"", ""reading""]"
227,mcranmere6a,metalero,"[""hiking"", ""movies""]",23,false,false,true,"[""traveling"", ""anime""]"
228,cpach6b,flogger,"[""gardening"", ""emo"", ""skate""]",14,true,false,false,"[""adolescente"", ""anime"", ""emo""]"
229,glangworthy6c,emo-girl,"[""reading"", ""cooking"", ""alone"", ""emo""]",76,false,false,false,"[""reading"", ""hiking"", ""photography""]"
230,adjurkovic6d,skater,"[""alone"", ""music"", ""emo""]",55,false,false,true,"[""series"", ""reading"", ""music"", ""alone""]"
231,hpinke6e,emo-girl,"[""photography"", ""traveling""]",45,false,false,true,"[""reading"", ""series"", ""anime""]"
232,kcarlisi6f,preppy,"[""traveling"", ""skate"", ""reading"", ""series""]",21,false,false,false,"[""style"", ""alone""]"
233,ccade6g,hippie,"[""traveling"", ""alone""]",92,false,false,false,"[""emo"", ""reading"", ""cooking""]"
234,hbatterton6h,emo-girl,"[""subculture"", ""traveling""]",29,true,false,true,"[""yoga"", ""subculture"", ""cooking"", ""skate""]"
235,charwick6i,emo-boy,"[""skate"", ""subculture"", ""painting"", ""reading""]",87,false,false,true,"[""style"", ""series""]"
236,avangeffen6j,emo-boy,"[""music"", ""cooking"", ""skate""]",85,false,false,false,"[""photography"", ""series"", ""birdwatching"", ""adolescente""]"
237,tbalharrie6k,emo-girl,"[""yoga"", ""hiking"", ""anime"", ""movies""]",65,false,false,true,"[""photography"", ""anime"", ""music""]"
238,afieldstone6l,punk,"[""cooking"", ""subculture""]",13,false,false,false,"[""emo"", ""adolescente""]"
239,rvanstone6m,metalero,"[""gardening"", ""hiking"", ""knitting""]",64,true,false,true,"[""series"", ""alone"", ""yoga""]"
240,ecanniffe6n,flogger,"[""cooking"", ""style""]",76,false,false,false,"[""subculture"", ""alone"", ""birdwatching"", ""gardening""]"
241,amaceveley6o,skater,"[""cooking"", ""knitting"", ""painting""]",58,false,false,false,"[""hiking"", ""cooking"", ""style""]"
242,gkenaway6p,cumbiero,"[""emo"", ""painting""]",92,false,false,false,"[""music"", ""knitting""]"
243,tbrixham6q,gotica,"[""music"", ""subculture"", ""anime"", ""hiking""]",13,false,false,true,"[""emo"", ""painting"", ""reading""]"
244,jmelton6r,gotica,"[""music"", ""style"", ""cooking""]",90,true,false,true,"[""reading"", ""subculture"", ""birdwatching""]"
245,lhartlebury6s,skater,"[""style"", ""hiking"", ""adolescente"", ""anime""]",85,false,false,false,"[""gardening"", ""emo"", ""traveling"", ""style""]"
246,apurvess6t,emo-boy,"[""series"", ""birdwatching"", ""traveling"", ""yoga""]",100,false,false,true,"[""emo"", ""series"", ""photography"", ""gardening""]"
247,tgelardi6u,flogger,"[""knitting"", ""birdwatching""]",84,true,false,false,"[""subculture"", ""skate"", ""music""]"
248,gmeininger6v,preppy,"[""adolescente"", ""movies"", ""subculture"", ""hiking""]",39,false,false,false,"[""skate"", ""hiking""]"
249,hhuster6w,emo-boy,"[""anime"", ""emo""]",9,false,false,false,"[""style"", ""photography"", ""music"", ""emo""]"
250,cmacmenemy6x,flogger-girl,"[""hiking"", ""skate"", ""emo""]",84,false,false,true,"[""music"", ""birdwatching"", ""photography"", ""gardening""]"
251,hmorecomb6y,rolinga,"[""adolescente"", ""gardening"", ""subculture""]",73,false,false,false,"[""cooking"", ""hiking"", ""photography""]"
252,mblazi6z,emo-boy,"[""painting"", ""skate""]",12,true,false,true,"[""music"", ""birdwatching"", ""cooking"", ""emo""]"
253,aseston70,gotica,"[""knitting"", ""birdwatching"", ""anime"", ""photography""]",27,false,false,false,"[""yoga"", ""music"", ""series"", ""adolescente""]"
254,mgawkroge71,emo-girl,"[""hiking"", ""series"", ""birdwatching"", ""knitting""]",82,false,false,false,"[""gardening"", ""music"", ""series""]"
255,lroskell72,rolinga,"[""knitting"", ""photography""]",28,false,false,true,"[""series"", ""adolescente"", ""photography"", ""alone""]"
256,dgladman73,emo-boy,"[""birdwatching"", ""emo"", ""hiking""]",50,false,false,true,"[""music"", ""reading""]"
257,saveline74,flogger-girl,"[""subculture"", ""cooking"", ""birdwatching""]",66,false,false,true,"[""style"", ""photography"", ""gardening""]"
258,kismead75,punk,"[""subculture"", ""reading"", ""skate""]",93,true,false,false,"[""painting"", ""series"", ""cooking""]"
259,mhartnup76,rolinga,"[""adolescente"", ""photography"", ""knitting""]",13,true,false,false,"[""music"", ""cooking"", ""traveling"", ""subculture""]"
260,cgascoine77,gotica,"[""photography"", ""cooking"", ""knitting""]",35,false,false,true,"[""yoga"", ""alone""]"
261,ekemmett78,emo-boy,"[""alone"", ""knitting"", ""adolescente""]",2,true,false,true,"[""birdwatching"", ""hiking""]"
262,egrubey79,flogger,"[""skate"", ""gardening""]",36,false,false,true,"[""reading"", ""birdwatching""]"
263,stalby7a,hippie,"[""adolescente"", ""series"", ""emo"", ""birdwatching""]",88,false,false,true,"[""birdwatching"", ""subculture"", ""traveling""]"
264,soveral7b,hippie,"[""series"", ""photography"", ""reading""]",50,true,false,false,"[""reading"", ""adolescente"", ""emo""]"
265,cmongenot7c,skater,"[""anime"", ""hiking"", ""yoga""]",96,true,false,false,"[""music"", ""painting"", ""adolescente""]"
266,vmanass7d,hippie,"[""reading"", ""adolescente"", ""subculture"", ""alone""]",18,true,false,false,"[""skate"", ""photography"", ""music"", ""style""]"
267,cvedyashkin7e,emo-girl,"[""knitting"", ""anime"", ""traveling""]",43,true,false,false,"[""cooking"", ""hiking""]"
268,mtewnion7f,cumbiero,"[""music"", ""emo"", ""photography""]",24,false,false,false,"[""subculture"", ""painting""]"
269,dbartens7g,preppy,"[""birdwatching"", ""painting""]",95,false,false,true,"[""hiking"", ""subculture""]"
270,sstarsmore7h,metalero,"[""knitting"", ""music"", ""skate"", ""movies""]",97,false,false,false,"[""music"", ""yoga""]"
271,jaddie7i,flogger,"[""knitting"", ""yoga""]",94,false,false,true,"[""yoga"", ""alone"", ""birdwatching"", ""hiking""]"
272,aknibbs7j,flogger-girl,"[""yoga"", ""alone""]",68,false,false,true,"[""alone"", ""reading""]"
273,wburrows7k,hippie,"[""subculture"", ""series"", ""style"", ""anime""]",76,false,false,false,"[""cooking"", ""yoga"", ""movies"", ""birdwatching""]"
274,tcurley7l,metalero,"[""painting"", ""traveling""]",17,false,false,false,"[""anime"", ""birdwatching"", ""hiking""]"
275,lgreaser7m,cumbiero,"[""music"", ""adolescente"", ""traveling"", ""skate""]",60,false,false,false,"[""photography"", ""cooking""]"
276,emathan7n,flogger,"[""painting"", ""cooking"", ""gardening""]",26,false,false,true,"[""gardening"", ""knitting""]"
277,gruprechter7o,metalero,"[""adolescente"", ""series"", ""gardening""]",61,false,false,true,"[""subculture"", ""alone"", ""gardening"", ""adolescente""]"
278,csaby7p,flogger-girl,"[""music"", ""painting""]",99,false,false,true,"[""emo"", ""style""]"
279,mgrayston7q,cumbiero,"[""emo"", ""hiking""]",32,true,true,false,"[""reading"", ""music""]"
280,ceddison7r,punk,"[""birdwatching"", ""music""]",100,false,false,false,"[""skate"", ""anime"", ""yoga""]"
281,wmulliss7s,flogger-girl,"[""birdwatching"", ""knitting""]",7,false,false,false,"[""cooking"", ""skate"", ""alone"", ""adolescente""]"
282,akingzett7t,rolinga,"[""alone"", ""gardening""]",34,false,false,true,"[""anime"", ""style""]"
283,skimmince7u,hippie,"[""movies"", ""music"", ""subculture"", ""knitting""]",70,false,false,true,"[""movies"", ""knitting"", ""birdwatching""]"
284,helsmore7v,preppy,"[""series"", ""hiking"", ""gardening""]",8,false,false,false,"[""photography"", ""adolescente""]"
285,aluckcuck7w,hippie,"[""alone"", ""painting""]",59,false,false,false,"[""painting"", ""emo""]"
286,mmanach7x,metalero,"[""series"", ""yoga""]",33,false,false,false,"[""knitting"", ""emo"", ""adolescente""]"
287,rsawers7y,emo-girl,"[""traveling"", ""yoga"", ""painting"", ""adolescente""]",3,false,false,false,"[""style"", ""cooking"", ""series""]"
288,latherton7z,metalero,"[""emo"", ""cooking""]",30,false,false,true,"[""yoga"", ""anime"", ""music"", ""alone""]"
289,vmouser80,cumbiero,"[""skate"", ""hiking"", ""subculture"", ""yoga""]",46,false,false,true,"[""music"", ""alone"", ""series""]"
290,dciccottio81,flogger-girl,"[""series"", ""subculture""]",80,false,false,true,"[""anime"", ""yoga""]"
291,dandric82,emo-girl,"[""gardening"", ""music""]",3,false,false,true,"[""style"", ""movies"", ""cooking""]"
292,ebalharry83,gotica,"[""cooking"", ""yoga"", ""music"", ""birdwatching""]",31,false,false,false,"[""adolescente"", ""reading"", ""yoga""]"
293,cribou84,emo-girl,"[""adolescente"", ""series"", ""hiking""]",92,false,false,false,"[""music"", ""hiking"", ""subculture""]"
294,spatey85,rolinga,"[""series"", ""knitting"", ""adolescente""]",76,false,false,true,"[""hiking"", ""traveling"", ""subculture"", ""painting""]"
295,bjob86,gotica,"[""photography"", ""hiking""]",36,false,false,false,"[""series"", ""emo"", ""traveling""]"
296,dtyson87,preppy,"[""yoga"", ""style"", ""reading""]",94,false,false,false,"[""reading"", ""traveling"", ""style""]"
297,caleksandrov88,rolinga,"[""reading"", ""adolescente""]",83,false,false,false,"[""alone"", ""anime"", ""adolescente""]"
298,vvanhove89,preppy,"[""painting"", ""adolescente"", ""reading""]",19,false,false,false,"[""hiking"", ""painting""]"
299,ggronaver8a,metalero,"[""painting"", ""adolescente"", ""series""]",19,false,false,true,"[""hiking"", ""series"", ""reading""]"
300,jsexty8b,metalero,"[""music"", ""emo""]",19,false,false,false,"[""series"", ""music"", ""hiking"", ""reading""]"
301,mtumini8c,metalero,"[""anime"", ""cooking""]",80,false,false,false,"[""music"", ""alone"", ""knitting"", ""style""]"
302,cwrintmore8d,metalero,"[""emo"", ""painting"", ""alone"", ""reading""]",41,false,false,false,"[""music"", ""movies""]"
303,nwillbourne8e,emo-boy,"[""photography"", ""skate""]",7,true,false,true,"[""hiking"", ""music"", ""reading"", ""adolescente""]"
304,ogrimsell8f,hippie,"[""music"", ""photography""]",4,false,false,true,"[""adolescente"", ""painting"", ""yoga""]"
305,mmarkwell8g,metalero,"[""emo"", ""movies""]",64,false,false,false,"[""photography"", ""hiking""]"
306,kstatton8h,punk,"[""adolescente"", ""alone"", ""traveling""]",26,true,false,false,"[""movies"", ""style"", ""music"", ""cooking""]"
307,dhallahan8i,flogger-girl,"[""adolescente"", ""anime""]",9,false,false,true,"[""anime"", ""hiking"", ""birdwatching"", ""traveling""]"
308,bbraybrookes8j,emo-boy,"[""alone"", ""music"", ""hiking""]",65,false,false,true,"[""photography"", ""alone"", ""music"", ""yoga""]"
309,travenhills8k,punk,"[""painting"", ""adolescente"", ""emo"", ""subculture""]",93,false,false,true,"[""style"", ""adolescente"", ""series"", ""birdwatching""]"
310,gtwinning8l,skater,"[""gardening"", ""reading"", ""knitting"", ""emo""]",80,false,false,true,"[""reading"", ""adolescente""]"
311,freadwood8m,emo-girl,"[""hiking"", ""knitting"", ""emo""]",44,true,false,false,"[""anime"", ""yoga"", ""skate"", ""series""]"
312,jlepiscopi8n,emo-girl,"[""knitting"", ""traveling"", ""movies""]",1,false,false,true,"[""style"", ""cooking"", ""series""]"
313,mwinterflood8o,metalero,"[""anime"", ""alone"", ""music"", ""photography""]",88,false,false,true,"[""birdwatching"", ""series""]"
314,avasyunichev8p,skater,"[""music"", ""traveling""]",13,false,false,true,"[""gardening"", ""emo""]"
315,tseden8q,metalero,"[""skate"", ""adolescente"", ""style"", ""traveling""]",33,true,false,true,"[""photography"", ""traveling"", ""yoga""]"
316,bmufford8r,metalero,"[""adolescente"", ""hiking"", ""cooking"", ""painting""]",78,false,false,false,"[""photography"", ""series"", ""cooking"", ""hiking""]"
317,tpitcock8s,flogger,"[""painting"", ""skate""]",46,false,false,true,"[""alone"", ""anime""]"
318,slacasa8t,cumbiero,"[""cooking"", ""photography"", ""subculture"", ""style""]",50,true,false,true,"[""hiking"", ""alone"", ""subculture"", ""cooking""]"
319,ngarthland8u,gotica,"[""music"", ""subculture""]",21,false,false,true,"[""style"", ""traveling""]"
320,rsertin8v,cumbiero,"[""yoga"", ""style""]",2,false,true,false,"[""birdwatching"", ""style"", ""subculture""]"
321,jdillicate8w,gotica,"[""painting"", ""style"", ""cooking"", ""knitting""]",70,false,false,true,"[""reading"", ""style"", ""photography"", ""knitting""]"
322,gadriani8x,hippie,"[""knitting"", ""alone"", ""music"", ""anime""]",91,false,false,true,"[""yoga"", ""gardening"", ""knitting"", ""series""]"
323,jmcravey8y,skater,"[""subculture"", ""painting"", ""music""]",86,false,false,false,"[""gardening"", ""alone""]"
324,drameaux8z,rolinga,"[""music"", ""gardening"", ""emo""]",46,false,false,false,"[""yoga"", ""reading""]"
325,agennings90,preppy,"[""adolescente"", ""alone"", ""style"", ""painting""]",15,false,false,true,"[""emo"", ""photography"", ""knitting"", ""alone""]"
326,jphilippson91,emo-boy,"[""subculture"", ""cooking""]",30,false,false,true,"[""anime"", ""hiking"", ""knitting"", ""gardening""]"
327,ningrey92,hippie,"[""painting"", ""adolescente"", ""yoga""]",12,false,false,false,"[""adolescente"", ""knitting"", ""alone"", ""painting""]"
328,nsolleme93,rolinga,"[""anime"", ""reading"", ""subculture""]",87,false,false,true,"[""skate"", ""anime""]"
329,mzisneros94,rolinga,"[""subculture"", ""emo"", ""gardening""]",30,false,false,false,"[""painting"", ""emo""]"
330,padenot95,preppy,"[""alone"", ""hiking""]",39,false,false,true,"[""hiking"", ""yoga""]"
331,jcassell96,flogger,"[""adolescente"", ""series"", ""subculture"", ""painting""]",39,false,false,true,"[""birdwatching"", ""alone""]"
332,dmacmenamin97,punk,"[""reading"", ""alone"", ""style"", ""cooking""]",73,false,false,true,"[""photography"", ""gardening""]"
333,mwilloughby98,skater,"[""knitting"", ""anime"", ""adolescente""]",63,false,false,true,"[""birdwatching"", ""traveling""]"
334,bhoyer99,cumbiero,"[""knitting"", ""hiking""]",12,false,false,true,"[""movies"", ""reading""]"
335,bpryde9a,hippie,"[""cooking"", ""style"", ""birdwatching""]",11,false,false,true,"[""painting"", ""style""]"
336,jbarrasse9b,emo-boy,"[""anime"", ""series"", ""gardening"", ""skate""]",33,false,true,false,"[""movies"", ""hiking"", ""subculture"", ""birdwatching""]"
337,jabrashkin9c,punk,"[""adolescente"", ""series"", ""reading""]",0,false,false,true,"[""skate"", ""hiking"", ""style""]"
338,fjaffray9d,skater,"[""movies"", ""style""]",93,false,false,true,"[""style"", ""painting"", ""hiking"", ""adolescente""]"
339,kscarasbrick9e,metalero,"[""knitting"", ""gardening"", ""anime""]",64,false,false,true,"[""music"", ""cooking""]"
340,hbegent9f,skater,"[""painting"", ""skate""]",82,false,false,true,"[""photography"", ""painting"", ""yoga""]"
341,daisbett9g,gotica,"[""movies"", ""painting"", ""reading""]",4,false,false,true,"[""cooking"", ""reading""]"
342,gfrier9h,metalero,"[""knitting"", ""skate"", ""cooking""]",69,false,false,true,"[""gardening"", ""style"", ""subculture""]"
343,creadings9i,emo-girl,"[""movies"", ""adolescente"", ""anime""]",28,true,false,true,"[""hiking"", ""skate"", ""anime""]"
344,galbutt9j,rolinga,"[""series"", ""cooking"", ""style"", ""skate""]",72,true,false,false,"[""photography"", ""painting""]"
345,istubs9k,preppy,"[""knitting"", ""style"", ""alone""]",86,false,false,true,"[""yoga"", ""traveling""]"
346,rbruyntjes9l,flogger,"[""birdwatching"", ""reading""]",68,false,false,false,"[""hiking"", ""painting"", ""series""]"
347,lshilito9m,flogger,"[""cooking"", ""painting""]",94,false,false,true,"[""photography"", ""birdwatching"", ""movies""]"
348,cogrowgane9n,rolinga,"[""cooking"", ""reading"", ""series"", ""emo""]",5,false,false,true,"[""adolescente"", ""alone"", ""cooking"", ""movies""]"
349,ceagles9o,emo-boy,"[""music"", ""series"", ""painting""]",88,true,false,false,"[""birdwatching"", ""music"", ""painting""]"
350,bfeldon9p,emo-boy,"[""subculture"", ""skate"", ""gardening""]",30,false,false,true,"[""style"", ""alone""]"
351,cschonfelder9q,emo-boy,"[""traveling"", ""anime""]",78,false,false,true,"[""photography"", ""movies"", ""subculture"", ""alone""]"
352,ldrivers9r,emo-girl,"[""reading"", ""cooking"", ""movies""]",65,false,false,true,"[""painting"", ""emo""]"
353,chulbert9s,flogger,"[""gardening"", ""movies""]",39,true,false,true,"[""photography"", ""reading"", ""knitting"", ""subculture""]"
354,mproske9t,emo-girl,"[""birdwatching"", ""style""]",71,false,false,true,"[""subculture"", ""alone""]"
355,acollen9u,flogger-girl,"[""traveling"", ""style"", ""adolescente""]",99,false,false,false,"[""style"", ""subculture"", ""adolescente""]"
356,bdent9v,flogger-girl,"[""gardening"", ""movies"", ""alone"", ""adolescente""]",63,false,false,true,"[""subculture"", ""photography"", ""music"", ""cooking""]"
357,maspy9w,punk,"[""alone"", ""anime""]",86,false,false,false,"[""style"", ""birdwatching"", ""adolescente""]"
358,gfishley9x,emo-girl,"[""photography"", ""music"", ""reading""]",33,false,false,true,"[""movies"", ""knitting""]"
359,amaciaszek9y,hippie,"[""cooking"", ""birdwatching"", ""hiking"", ""traveling""]",73,false,false,false,"[""movies"", ""style""]"
360,ctreby9z,skater,"[""cooking"", ""style"", ""adolescente""]",19,false,false,false,"[""traveling"", ""knitting"", ""movies""]"
361,mjolina0,rolinga,"[""knitting"", ""traveling"", ""subculture"", ""hiking""]",19,true,false,false,"[""emo"", ""hiking""]"
362,ljirouteka1,emo-girl,"[""yoga"", ""adolescente"", ""reading""]",84,true,false,false,"[""style"", ""series""]"
363,dendrighia2,preppy,"[""knitting"", ""series"", ""hiking"", ""traveling""]",76,false,true,true,"[""traveling"", ""series"", ""photography""]"
364,bseilera3,gotica,"[""movies"", ""adolescente""]",87,false,false,false,"[""painting"", ""reading""]"
365,dchilleya4,gotica,"[""subculture"", ""music"", ""series""]",86,false,false,false,"[""gardening"", ""style"", ""knitting"", ""yoga""]"
366,loshielsa5,cumbiero,"[""reading"", ""alone"", ""adolescente"", ""skate""]",69,false,false,true,"[""series"", ""reading"", ""adolescente"", ""cooking""]"
367,mschwerina6,emo-boy,"[""music"", ""skate"", ""reading""]",30,false,false,false,"[""yoga"", ""subculture"", ""reading""]"
368,amacbeana7,punk,"[""movies"", ""painting"", ""hiking""]",3,false,false,true,"[""series"", ""gardening"", ""knitting"", ""subculture""]"
369,hservanta8,cumbiero,"[""music"", ""anime""]",14,false,false,false,"[""series"", ""gardening"", ""anime""]"
370,gduetschea9,flogger,"[""gardening"", ""emo"", ""anime"", ""birdwatching""]",13,false,false,true,"[""music"", ""yoga"", ""alone"", ""traveling""]"
371,jsheeaa,gotica,"[""traveling"", ""painting""]",44,false,false,true,"[""gardening"", ""emo"", ""traveling"", ""knitting""]"
372,chartlyab,emo-boy,"[""series"", ""alone"", ""skate""]",61,false,false,false,"[""knitting"", ""hiking"", ""style"", ""photography""]"
373,wduggetac,flogger,"[""subculture"", ""photography""]",94,false,false,true,"[""cooking"", ""subculture""]"
374,lberlingad,flogger-girl,"[""emo"", ""yoga""]",81,false,false,false,"[""movies"", ""anime"", ""adolescente""]"
375,rswalwellae,punk,"[""gardening"", ""skate"", ""style"", ""birdwatching""]",74,false,false,true,"[""skate"", ""music""]"
376,gjarnellaf,skater,"[""knitting"", ""style"", ""reading"", ""movies""]",51,false,false,false,"[""hiking"", ""style""]"
377,shagyardag,flogger,"[""series"", ""anime"", ""style""]",82,false,false,true,"[""anime"", ""cooking"", ""alone"", ""movies""]"
378,gsweetenah,emo-boy,"[""subculture"", ""birdwatching""]",88,false,false,true,"[""music"", ""yoga"", ""hiking"", ""traveling""]"
379,jvernallsai,punk,"[""alone"", ""subculture""]",88,true,false,false,"[""alone"", ""skate"", ""cooking"", ""gardening""]"
380,gbidewellaj,gotica,"[""photography"", ""skate"", ""music"", ""cooking""]",36,false,true,false,"[""skate"", ""cooking"", ""traveling"", ""reading""]"
381,mhelkinak,emo-boy,"[""anime"", ""movies""]",56,true,false,true,"[""emo"", ""knitting""]"
382,gdawdaryal,metalero,"[""traveling"", ""series"", ""music""]",85,false,false,true,"[""skate"", ""adolescente"", ""traveling"", ""music""]"
383,jlevertonam,gotica,"[""yoga"", ""hiking"", ""painting"", ""adolescente""]",34,false,false,true,"[""hiking"", ""anime"", ""traveling""]"
384,ddredgean,emo-boy,"[""birdwatching"", ""painting"", ""gardening""]",60,false,false,true,"[""alone"", ""traveling""]"
385,trosenstielao,emo-girl,"[""knitting"", ""anime""]",44,true,false,true,"[""traveling"", ""photography""]"
386,chassewellap,skater,"[""subculture"", ""skate"", ""anime""]",64,false,false,true,"[""anime"", ""skate"", ""emo""]"
387,vcheseaq,emo-boy,"[""anime"", ""birdwatching""]",82,false,false,true,"[""anime"", ""alone"", ""gardening"", ""subculture""]"
388,ftinemanar,gotica,"[""hiking"", ""movies"", ""music""]",68,false,false,false,"[""music"", ""emo""]"
389,gbalogunas,preppy,"[""gardening"", ""movies""]",41,false,true,true,"[""skate"", ""adolescente"", ""movies"", ""subculture""]"
390,hderellat,rolinga,"[""series"", ""skate"", ""photography"", ""anime""]",61,false,false,false,"[""subculture"", ""alone""]"
391,lsaenzau,preppy,"[""knitting"", ""painting"", ""photography"", ""anime""]",62,false,false,true,"[""series"", ""knitting"", ""alone""]"
392,cfishlyav,rolinga,"[""traveling"", ""anime""]",43,false,false,false,"[""birdwatching"", ""series"", ""style""]"
393,wmadgettaw,preppy,"[""yoga"", ""anime"", ""birdwatching"", ""style""]",56,false,false,true,"[""painting"", ""gardening"", ""anime"", ""series""]"
394,wploughwrightax,preppy,"[""yoga"", ""style""]",42,false,false,false,"[""yoga"", ""reading"", ""emo""]"
395,lborderay,punk,"[""gardening"", ""traveling"", ""reading""]",82,false,false,true,"[""alone"", ""emo"", ""yoga""]"
396,zwillgrassaz,cumbiero,"[""knitting"", ""alone"", ""yoga""]",84,true,false,false,"[""gardening"", ""music"", ""knitting"", ""traveling""]"
397,afullerloveb0,preppy,"[""anime"", ""reading"", ""movies""]",97,false,false,true,"[""birdwatching"", ""alone"", ""series""]"
398,cventurab1,metalero,"[""gardening"", ""emo"", ""traveling""]",46,true,false,true,"[""subculture"", ""skate"", ""reading"", ""movies""]"
399,ggaliab2,emo-girl,"[""painting"", ""alone"", ""adolescente""]",92,false,false,false,"[""yoga"", ""style"", ""photography""]"
400,cgotherb3,gotica,"[""movies"", ""music"", ""traveling""]",2,false,false,true,"[""yoga"", ""emo"", ""birdwatching"", ""series""]"
401,sneashamb4,cumbiero,"[""emo"", ""hiking""]",14,false,true,true,"[""birdwatching"", ""knitting"", ""anime"", ""yoga""]"
402,mtredinnickb5,metalero,"[""skate"", ""style""]",91,false,false,false,"[""gardening"", ""movies""]"
403,rlardeuxb6,gotica,"[""photography"", ""gardening""]",61,false,false,false,"[""adolescente"", ""style""]"
404,rdurrantb7,emo-girl,"[""photography"", ""reading""]",63,false,false,false,"[""style"", ""hiking"", ""series""]"
405,tmickelwrightb8,punk,"[""music"", ""yoga"", ""emo""]",3,true,false,true,"[""photography"", ""adolescente""]"
406,mquaintanceb9,preppy,"[""adolescente"", ""skate""]",77,true,false,true,"[""birdwatching"", ""cooking""]"
407,kheimesba,emo-girl,"[""series"", ""yoga"", ""emo""]",22,false,false,false,"[""series"", ""music"", ""traveling"", ""hiking""]"
408,hsidwickbb,emo-boy,"[""series"", ""subculture""]",80,false,false,true,"[""adolescente"", ""traveling"", ""gardening"", ""emo""]"
409,stredgoldbc,metalero,"[""traveling"", ""adolescente"", ""reading""]",77,false,false,false,"[""painting"", ""movies"", ""adolescente"", ""alone""]"
410,amcterrellybd,emo-boy,"[""anime"", ""photography"", ""style"", ""traveling""]",84,false,false,false,"[""music"", ""yoga"", ""anime"", ""knitting""]"
411,esibarybe,preppy,"[""gardening"", ""hiking"", ""skate"", ""series""]",87,false,false,true,"[""emo"", ""music"", ""yoga"", ""painting""]"
412,jackermanbf,metalero,"[""style"", ""traveling"", ""emo""]",91,false,false,true,"[""reading"", ""series"", ""skate"", ""music""]"
413,hdugdalebg,rolinga,"[""emo"", ""style"", ""traveling"", ""cooking""]",43,true,false,true,"[""style"", ""emo""]"
414,hmaccolebh,emo-girl,"[""painting"", ""adolescente""]",60,false,false,true,"[""alone"", ""emo"", ""photography"", ""anime""]"
415,lchritchlowbi,flogger-girl,"[""alone"", ""music""]",96,false,false,true,"[""painting"", ""series"", ""cooking"", ""photography""]"
416,hburdisbj,hippie,"[""subculture"", ""emo""]",49,true,false,true,"[""music"", ""cooking""]"
417,ldeenybk,emo-boy,"[""series"", ""gardening"", ""photography"", ""music""]",20,false,false,false,"[""traveling"", ""birdwatching"", ""music"", ""anime""]"
418,lgwatkinsbl,punk,"[""series"", ""traveling"", ""subculture""]",34,false,false,true,"[""birdwatching"", ""music"", ""skate"", ""gardening""]"
419,mtorresbm,flogger,"[""knitting"", ""adolescente"", ""gardening"", ""traveling""]",44,false,false,true,"[""yoga"", ""movies""]"
420,mlamondbn,flogger-girl,"[""movies"", ""music"", ""style""]",15,true,false,true,"[""style"", ""hiking"", ""cooking""]"
421,dtrevillionbo,flogger-girl,"[""emo"", ""style""]",84,false,false,false,"[""emo"", ""alone"", ""birdwatching"", ""series""]"
422,ggiorgionebp,cumbiero,"[""subculture"", ""emo""]",86,false,false,false,"[""yoga"", ""alone"", ""anime""]"
423,swiburnbq,metalero,"[""knitting"", ""subculture""]",73,true,false,true,"[""music"", ""subculture"", ""photography""]"
424,amarkbr,metalero,"[""skate"", ""cooking"", ""yoga"", ""anime""]",95,false,false,true,"[""knitting"", ""movies"", ""style""]"
425,cleestutbs,gotica,"[""emo"", ""anime"", ""movies"", ""subculture""]",84,false,false,true,"[""yoga"", ""hiking"", ""cooking"", ""movies""]"
426,rchapebt,metalero,"[""reading"", ""birdwatching""]",23,false,false,false,"[""movies"", ""subculture"", ""series"", ""anime""]"
427,mdjurevicbu,rolinga,"[""birdwatching"", ""knitting""]",42,false,false,true,"[""anime"", ""series"", ""traveling"", ""subculture""]"
428,araynesbv,preppy,"[""knitting"", ""cooking"", ""skate"", ""traveling""]",50,false,false,false,"[""yoga"", ""series""]"
429,rsharkeybw,emo-girl,"[""skate"", ""painting"", ""cooking""]",45,false,false,true,"[""knitting"", ""photography"", ""music"", ""cooking""]"
430,cgravattbx,emo-boy,"[""music"", ""hiking"", ""traveling""]",38,false,false,true,"[""anime"", ""traveling""]"
431,cgimenoby,preppy,"[""style"", ""cooking"", ""traveling""]",92,true,false,true,"[""knitting"", ""emo""]"
432,lmckmurriebz,rolinga,"[""photography"", ""gardening"", ""birdwatching"", ""anime""]",50,false,false,true,"[""traveling"", ""reading""]"
433,fallansonc0,punk,"[""birdwatching"", ""alone""]",86,true,false,false,"[""music"", ""yoga"", ""birdwatching""]"
434,vtesseymanc1,flogger-girl,"[""photography"", ""birdwatching"", ""knitting"", ""skate""]",25,false,false,true,"[""birdwatching"", ""gardening"", ""skate""]"
435,rclapstonc2,rolinga,"[""knitting"", ""adolescente"", ""cooking"", ""hiking""]",3,false,false,true,"[""photography"", ""traveling""]"
436,gbisphamc3,metalero,"[""music"", ""birdwatching"", ""hiking"", ""alone""]",24,false,false,false,"[""birdwatching"", ""skate"", ""subculture"", ""anime""]"
437,tmccoskerc4,flogger-girl,"[""knitting"", ""movies""]",46,false,false,false,"[""series"", ""anime"", ""adolescente"", ""hiking""]"
438,ptaberc5,metalero,"[""alone"", ""painting"", ""reading"", ""knitting""]",53,false,false,true,"[""birdwatching"", ""anime"", ""gardening""]"
439,gmellodeyc6,emo-girl,"[""photography"", ""yoga""]",41,false,false,false,"[""alone"", ""traveling"", ""skate""]"
440,pmarquessc7,gotica,"[""subculture"", ""birdwatching""]",63,false,false,true,"[""adolescente"", ""cooking"", ""skate""]"
441,aodeoranc8,flogger,"[""alone"", ""birdwatching"", ""gardening""]",11,true,false,false,"[""knitting"", ""yoga""]"
442,amauricec9,rolinga,"[""anime"", ""movies""]",33,true,false,true,"[""gardening"", ""birdwatching"", ""music""]"
443,kherreroca,emo-boy,"[""photography"", ""skate""]",45,false,false,false,"[""adolescente"", ""knitting""]"
444,bjanicekcb,emo-boy,"[""subculture"", ""adolescente"", ""yoga"", ""style""]",44,false,false,true,"[""birdwatching"", ""painting""]"
445,csporlecc,preppy,"[""traveling"", ""movies"", ""adolescente"", ""style""]",92,false,false,false,"[""emo"", ""painting"", ""alone""]"
446,mpookecd,punk,"[""cooking"", ""gardening"", ""reading"", ""painting""]",98,false,false,true,"[""birdwatching"", ""series""]"
447,khollowsce,preppy,"[""skate"", ""hiking"", ""style"", ""cooking""]",53,false,false,false,"[""knitting"", ""movies""]"
448,rpuckrincf,hippie,"[""emo"", ""hiking""]",97,false,false,true,"[""emo"", ""movies""]"
449,obenkocg,metalero,"[""traveling"", ""emo""]",42,false,false,false,"[""photography"", ""gardening"", ""knitting""]"
450,tdelucech,preppy,"[""hiking"", ""skate"", ""movies""]",11,true,false,true,"[""knitting"", ""adolescente""]"
451,vmorphetci,skater,"[""photography"", ""skate""]",97,false,false,true,"[""photography"", ""music""]"
452,babsolomcj,gotica,"[""adolescente"", ""painting"", ""traveling"", ""gardening""]",69,false,false,false,"[""anime"", ""skate"", ""cooking""]"
453,ckittlessck,punk,"[""birdwatching"", ""adolescente""]",21,false,false,true,"[""adolescente"", ""yoga""]"
454,bsilsoncl,flogger-girl,"[""alone"", ""skate"", ""subculture"", ""painting""]",56,true,false,true,"[""alone"", ""reading"", ""birdwatching""]"
455,tbottrillcm,gotica,"[""anime"", ""knitting"", ""style""]",34,false,false,false,"[""skate"", ""painting"", ""style"", ""reading""]"
456,dthowcn,flogger,"[""birdwatching"", ""anime""]",25,true,false,false,"[""music"", ""alone"", ""emo""]"
457,mbuttingco,emo-boy,"[""birdwatching"", ""yoga"", ""knitting"", ""emo""]",53,true,false,false,"[""gardening"", ""birdwatching""]"
458,msahlstromcp,hippie,"[""knitting"", ""series"", ""gardening""]",31,false,false,true,"[""adolescente"", ""yoga""]"
459,ltilstoncq,metalero,"[""birdwatching"", ""skate"", ""series"", ""subculture""]",44,false,false,true,"[""knitting"", ""yoga"", ""cooking"", ""series""]"
460,nminmaghcr,metalero,"[""photography"", ""cooking"", ""painting""]",7,false,false,true,"[""gardening"", ""birdwatching"", ""anime""]"
461,lwoodroofcs,flogger-girl,"[""reading"", ""gardening"", ""style""]",60,false,false,false,"[""adolescente"", ""photography""]"
462,jgartlandct,hippie,"[""photography"", ""reading"", ""hiking""]",46,false,false,true,"[""traveling"", ""painting"", ""hiking"", ""yoga""]"
463,jhawkcu,emo-boy,"[""adolescente"", ""skate""]",78,true,false,false,"[""cooking"", ""skate"", ""gardening"", ""movies""]"
464,cgrishkovcv,skater,"[""style"", ""reading"", ""knitting"", ""yoga""]",41,false,false,true,"[""painting"", ""alone"", ""birdwatching"", ""knitting""]"
465,mmingercw,cumbiero,"[""birdwatching"", ""cooking""]",12,false,false,false,"[""birdwatching"", ""painting""]"
466,tbaildoncx,metalero,"[""subculture"", ""reading"", ""adolescente"", ""emo""]",4,false,false,true,"[""style"", ""subculture""]"
467,epresdeecy,rolinga,"[""cooking"", ""subculture""]",75,false,false,true,"[""knitting"", ""traveling""]"
468,etorettacz,punk,"[""anime"", ""knitting"", ""adolescente"", ""reading""]",1,false,false,true,"[""photography"", ""skate"", ""adolescente""]"
469,dlucockd0,emo-girl,"[""subculture"", ""style""]",96,true,false,true,"[""alone"", ""photography""]"
470,ptregeard1,punk,"[""yoga"", ""painting"", ""adolescente"", ""cooking""]",60,false,false,false,"[""alone"", ""subculture""]"
471,atankardd2,punk,"[""painting"", ""photography"", ""knitting"", ""alone""]",49,false,false,true,"[""cooking"", ""alone"", ""adolescente""]"
472,bbrydsond3,gotica,"[""traveling"", ""music""]",43,true,false,true,"[""anime"", ""painting""]"
473,jodgaardd4,gotica,"[""alone"", ""style"", ""knitting""]",27,false,false,false,"[""hiking"", ""emo""]"
474,irudgerdd5,hippie,"[""subculture"", ""movies"", ""photography""]",18,false,false,false,"[""reading"", ""birdwatching"", ""anime"", ""knitting""]"
475,kalburyd6,cumbiero,"[""skate"", ""alone"", ""anime"", ""birdwatching""]",66,false,false,true,"[""series"", ""anime"", ""cooking""]"
476,aasquezd7,emo-girl,"[""knitting"", ""series""]",25,true,false,true,"[""reading"", ""yoga"", ""hiking""]"
477,mruggsd8,hippie,"[""painting"", ""birdwatching"", ""style""]",35,false,false,false,"[""skate"", ""gardening"", ""subculture""]"
478,wstearleyd9,gotica,"[""series"", ""knitting""]",35,false,false,true,"[""yoga"", ""style""]"
479,yblountda,emo-girl,"[""traveling"", ""movies"", ""subculture""]",6,false,false,true,"[""alone"", ""style"", ""cooking""]"
480,wperellidb,rolinga,"[""skate"", ""birdwatching""]",53,false,false,true,"[""skate"", ""adolescente"", ""emo""]"
481,nburnhilldc,gotica,"[""yoga"", ""movies"", ""photography""]",14,true,false,true,"[""hiking"", ""gardening""]"
482,abestalldd,rolinga,"[""painting"", ""adolescente""]",25,false,false,false,"[""subculture"", ""skate""]"
483,dwicklende,emo-girl,"[""alone"", ""reading""]",95,true,false,true,"[""subculture"", ""style"", ""yoga""]"
484,hboalerdf,metalero,"[""anime"", ""knitting""]",72,false,false,true,"[""music"", ""series"", ""reading"", ""alone""]"
485,treanydg,punk,"[""traveling"", ""gardening""]",80,false,false,true,"[""anime"", ""photography"", ""subculture"", ""movies""]"
486,dgilbarddh,rolinga,"[""cooking"", ""birdwatching"", ""gardening""]",22,false,false,true,"[""birdwatching"", ""music"", ""yoga""]"
487,mblackboroughdi,punk,"[""subculture"", ""birdwatching"", ""adolescente"", ""knitting""]",98,true,false,true,"[""reading"", ""traveling""]"
488,gsangwindj,emo-boy,"[""painting"", ""hiking""]",10,false,false,true,"[""subculture"", ""music""]"
489,aiwanowskidk,skater,"[""yoga"", ""movies""]",12,false,false,true,"[""adolescente"", ""birdwatching"", ""skate""]"
490,lhenkedl,rolinga,"[""hiking"", ""music"", ""subculture"", ""painting""]",90,false,false,false,"[""knitting"", ""painting"", ""gardening""]"
491,fredhillsdm,punk,"[""subculture"", ""hiking""]",8,false,false,false,"[""cooking"", ""emo"", ""alone""]"
492,eocarrandn,flogger-girl,"[""knitting"", ""cooking"", ""skate"", ""gardening""]",33,false,false,true,"[""knitting"", ""music"", ""painting""]"
493,atombsdo,hippie,"[""traveling"", ""hiking""]",60,false,false,false,"[""skate"", ""reading"", ""adolescente"", ""style""]"
494,erobynsdp,flogger-girl,"[""photography"", ""yoga"", ""reading"", ""birdwatching""]",20,false,false,false,"[""gardening"", ""painting"", ""subculture"", ""hiking""]"
495,wpelldq,emo-girl,"[""yoga"", ""movies""]",75,true,false,true,"[""alone"", ""gardening"", ""anime""]"
496,jallittdr,gotica,"[""hiking"", ""subculture"", ""knitting""]",91,false,false,false,"[""emo"", ""yoga"", ""movies""]"
497,erainsdonds,gotica,"[""series"", ""skate"", ""photography"", ""cooking""]",44,false,false,true,"[""style"", ""music""]"
498,bjainedt,metalero,"[""gardening"", ""anime"", ""traveling"", ""reading""]",87,false,false,false,"[""alone"", ""traveling""]"
499,jkeyseldu,hippie,"[""movies"", ""birdwatching"", ""series"", ""music""]",37,false,false,true,"[""anime"", ""subculture"", ""reading"", ""knitting""]"
500,divanyushindv,emo-girl,"[""hiking"", ""traveling"", ""style""]",43,true,false,false,"[""emo"", ""skate"", ""cooking"", ""hiking""]"
501,rpembridgedw,rolinga,"[""skate"", ""photography"", ""hiking""]",13,true,false,true,"[""alone"", ""style"", ""adolescente""]"
502,lsillwooddx,cumbiero,"[""series"", ""birdwatching""]",29,false,false,false,"[""knitting"", ""skate"", ""cooking"", ""photography""]"
503,cwickhamdy,metalero,"[""yoga"", ""painting""]",63,false,false,false,"[""cooking"", ""style"", ""adolescente"", ""gardening""]"
504,ihebbesdz,metalero,"[""birdwatching"", ""knitting"", ""skate"", ""gardening""]",36,false,false,false,"[""hiking"", ""alone"", ""yoga""]"
505,rannotte0,gotica,"[""emo"", ""alone"", ""yoga""]",95,false,false,false,"[""knitting"", ""music"", ""alone""]"
506,aculvere1,emo-boy,"[""anime"", ""knitting"", ""series"", ""movies""]",74,false,false,true,"[""style"", ""traveling""]"
507,gstreadere2,hippie,"[""painting"", ""subculture"", ""knitting"", ""emo""]",23,false,false,true,"[""gardening"", ""anime""]"
508,mbraggintone3,cumbiero,"[""reading"", ""hiking"", ""yoga""]",6,false,false,true,"[""yoga"", ""alone"", ""adolescente"", ""movies""]"
509,daidlere4,cumbiero,"[""style"", ""adolescente"", ""birdwatching"", ""photography""]",34,true,false,false,"[""cooking"", ""gardening"", ""birdwatching"", ""anime""]"
510,iroone5,preppy,"[""skate"", ""adolescente""]",91,false,false,false,"[""series"", ""skate""]"
511,myorstone6,cumbiero,"[""birdwatching"", ""adolescente"", ""cooking""]",67,true,false,false,"[""series"", ""photography"", ""yoga"", ""cooking""]"
512,cdunphye7,punk,"[""photography"", ""painting"", ""style""]",42,true,false,false,"[""painting"", ""emo"", ""traveling"", ""gardening""]"
513,jwilldere8,gotica,"[""adolescente"", ""music"", ""photography""]",43,false,false,true,"[""painting"", ""alone""]"
514,hmighelie9,preppy,"[""hiking"", ""photography""]",8,false,false,false,"[""emo"", ""alone"", ""gardening"", ""yoga""]"
515,kentwhistleea,flogger-girl,"[""subculture"", ""adolescente""]",30,false,false,false,"[""gardening"", ""photography"", ""knitting"", ""cooking""]"
516,bleaknereb,rolinga,"[""traveling"", ""reading"", ""yoga"", ""gardening""]",78,false,false,false,"[""knitting"", ""gardening""]"
517,pczajkowskaec,emo-girl,"[""adolescente"", ""cooking"", ""yoga"", ""style""]",74,false,false,false,"[""hiking"", ""traveling"", ""reading""]"
518,tpietzkered,flogger-girl,"[""movies"", ""reading""]",18,false,false,true,"[""series"", ""reading""]"
519,vkenanee,punk,"[""birdwatching"", ""style"", ""music""]",35,false,false,false,"[""painting"", ""yoga""]"
520,arowdellef,cumbiero,"[""gardening"", ""photography""]",72,false,false,true,"[""anime"", ""photography"", ""traveling"", ""skate""]"
521,vadamiakeg,flogger,"[""adolescente"", ""birdwatching"", ""photography""]",73,false,false,false,"[""hiking"", ""adolescente""]"
522,agilpillaneh,flogger-girl,"[""series"", ""yoga"", ""style""]",17,false,false,true,"[""adolescente"", ""style""]"
523,rmcwardei,skater,"[""painting"", ""style""]",71,false,false,false,"[""alone"", ""hiking"", ""traveling"", ""knitting""]"
524,fkayesej,emo-boy,"[""adolescente"", ""reading"", ""emo"", ""subculture""]",11,false,false,true,"[""adolescente"", ""emo"", ""music"", ""movies""]"
525,bzealanderek,skater,"[""photography"", ""traveling""]",95,false,false,true,"[""movies"", ""anime""]"
526,lwhykeel,emo-boy,"[""skate"", ""photography"", ""alone""]",56,false,false,false,"[""reading"", ""subculture""]"
527,akristufekem,gotica,"[""anime"", ""music"", ""emo""]",48,false,false,true,"[""gardening"", ""birdwatching"", ""photography"", ""adolescente""]"
528,hrupkeen,punk,"[""painting"", ""birdwatching"", ""traveling"", ""series""]",75,false,false,false,"[""cooking"", ""alone"", ""traveling""]"
529,dbreakeyeo,skater,"[""movies"", ""cooking"", ""painting"", ""reading""]",100,false,false,true,"[""style"", ""photography""]"
530,azarbep,cumbiero,"[""birdwatching"", ""knitting"", ""music"", ""movies""]",37,false,false,true,"[""style"", ""painting""]"
531,kjozsefeq,gotica,"[""yoga"", ""gardening"", ""hiking""]",89,false,false,true,"[""adolescente"", ""movies"", ""hiking""]"
532,mhatzarer,rolinga,"[""knitting"", ""movies"", ""reading"", ""adolescente""]",93,true,false,false,"[""alone"", ""movies"", ""photography"", ""adolescente""]"
533,iberninies,punk,"[""adolescente"", ""traveling""]",55,false,false,true,"[""gardening"", ""series"", ""traveling""]"
534,bsnedenet,hippie,"[""series"", ""music"", ""anime""]",70,false,false,false,"[""birdwatching"", ""yoga""]"
535,hpeaceyeu,emo-boy,"[""series"", ""alone"", ""gardening""]",95,false,false,true,"[""cooking"", ""photography"", ""gardening"", ""subculture""]"
536,rmcureev,flogger-girl,"[""hiking"", ""birdwatching"", ""series""]",12,false,false,false,"[""yoga"", ""adolescente"", ""traveling"", ""alone""]"
537,sroothamew,emo-girl,"[""traveling"", ""reading"", ""hiking""]",71,false,false,true,"[""birdwatching"", ""painting"", ""cooking"", ""subculture""]"
538,dklusex,metalero,"[""emo"", ""skate""]",30,false,false,true,"[""subculture"", ""photography"", ""reading"", ""skate""]"
539,tspataroey,rolinga,"[""emo"", ""anime"", ""movies"", ""series""]",95,false,false,false,"[""knitting"", ""traveling"", ""cooking""]"
540,ntwintermanez,metalero,"[""movies"", ""yoga"", ""painting""]",95,false,false,false,"[""anime"", ""painting"", ""series"", ""adolescente""]"
541,sbatterbeef0,emo-boy,"[""emo"", ""gardening"", ""skate""]",67,false,false,false,"[""subculture"", ""traveling"", ""knitting""]"
542,flarvorf1,punk,"[""movies"", ""skate"", ""emo""]",26,false,false,true,"[""alone"", ""painting"", ""emo""]"
543,asawdonf2,emo-boy,"[""traveling"", ""adolescente"", ""emo""]",18,false,false,false,"[""painting"", ""adolescente""]"
544,ceaglestonef3,gotica,"[""gardening"", ""photography"", ""anime""]",45,true,false,false,"[""reading"", ""knitting"", ""hiking""]"
545,mpaddlef4,emo-girl,"[""movies"", ""painting"", ""skate"", ""subculture""]",3,true,false,true,"[""alone"", ""series""]"
546,pherleyf5,rolinga,"[""hiking"", ""skate"", ""anime"", ""knitting""]",95,true,false,false,"[""reading"", ""style"", ""knitting"", ""cooking""]"
547,ccowpef6,metalero,"[""gardening"", ""painting"", ""photography"", ""skate""]",21,false,false,true,"[""emo"", ""alone""]"
548,rthewsf7,emo-girl,"[""adolescente"", ""traveling""]",1,false,false,true,"[""subculture"", ""gardening""]"
549,abaskervillef8,emo-girl,"[""anime"", ""music""]",51,false,false,false,"[""adolescente"", ""alone""]"
550,anaerupf9,cumbiero,"[""birdwatching"", ""knitting"", ""emo"", ""style""]",10,false,false,true,"[""style"", ""traveling"", ""photography""]"
551,amallockfa,skater,"[""cooking"", ""painting""]",66,false,true,true,"[""hiking"", ""emo"", ""anime"", ""traveling""]"
552,iripingfb,cumbiero,"[""subculture"", ""traveling"", ""emo"", ""painting""]",23,true,false,false,"[""gardening"", ""music"", ""birdwatching"", ""anime""]"
553,bgoadefc,metalero,"[""music"", ""hiking""]",95,true,false,true,"[""yoga"", ""alone"", ""hiking"", ""music""]"
554,imannersfd,flogger,"[""hiking"", ""style""]",8,false,false,true,"[""knitting"", ""painting""]"
555,lrackleyfe,punk,"[""movies"", ""cooking""]",41,false,false,false,"[""alone"", ""hiking"", ""cooking"", ""gardening""]"
556,bbarnewilleff,punk,"[""yoga"", ""birdwatching""]",98,false,true,false,"[""reading"", ""emo"", ""traveling""]"
557,dtebbfg,punk,"[""series"", ""photography"", ""hiking""]",34,false,false,true,"[""photography"", ""movies"", ""music""]"
558,cdonativofh,gotica,"[""photography"", ""painting"", ""style""]",34,false,false,false,"[""knitting"", ""series""]"
559,amattiellofi,hippie,"[""hiking"", ""painting""]",8,true,false,true,"[""reading"", ""skate"", ""traveling"", ""music""]"
560,joraefj,cumbiero,"[""knitting"", ""yoga"", ""subculture""]",3,false,false,true,"[""movies"", ""series""]"
561,mewbanchefk,rolinga,"[""cooking"", ""series""]",92,false,false,false,"[""adolescente"", ""movies""]"
562,bpionterfl,emo-boy,"[""gardening"", ""cooking"", ""movies"", ""yoga""]",59,false,false,true,"[""series"", ""knitting""]"
563,dphateplacefm,emo-girl,"[""subculture"", ""painting"", ""adolescente"", ""style""]",7,true,false,false,"[""anime"", ""birdwatching"", ""alone""]"
564,sgovanfn,flogger,"[""traveling"", ""style""]",39,true,false,false,"[""traveling"", ""gardening"", ""music"", ""photography""]"
565,jscanlinfo,cumbiero,"[""skate"", ""alone"", ""hiking""]",23,false,false,false,"[""painting"", ""adolescente"", ""hiking""]"
566,aitzakfp,cumbiero,"[""anime"", ""gardening"", ""series""]",10,false,false,false,"[""cooking"", ""alone""]"
567,rvanichkinfq,flogger-girl,"[""cooking"", ""emo"", ""traveling""]",23,false,false,true,"[""painting"", ""emo""]"
568,rsangefr,flogger-girl,"[""painting"", ""reading""]",62,false,false,false,"[""yoga"", ""music""]"
569,whammettfs,flogger,"[""movies"", ""anime"", ""traveling""]",36,false,false,false,"[""knitting"", ""style"", ""alone"", ""yoga""]"
570,mjosselsonft,rolinga,"[""emo"", ""style"", ""painting"", ""cooking""]",97,true,false,false,"[""style"", ""subculture"", ""gardening""]"
571,pstilesfu,flogger,"[""cooking"", ""series"", ""style"", ""yoga""]",29,false,false,false,"[""gardening"", ""subculture"", ""emo"", ""cooking""]"
572,sharcombefv,emo-girl,"[""music"", ""traveling""]",74,false,false,false,"[""cooking"", ""hiking"", ""alone"", ""subculture""]"
573,odantonifw,flogger,"[""cooking"", ""yoga"", ""knitting"", ""movies""]",67,false,false,false,"[""birdwatching"", ""anime"", ""subculture"", ""alone""]"
574,crothonfx,cumbiero,"[""alone"", ""style""]",63,false,false,true,"[""cooking"", ""knitting"", ""photography"", ""yoga""]"
575,scainsfy,emo-girl,"[""cooking"", ""anime"", ""style""]",82,false,false,false,"[""gardening"", ""traveling""]"
576,awillarsfz,emo-girl,"[""traveling"", ""yoga"", ""movies""]",55,false,false,true,"[""painting"", ""hiking""]"
577,hgauldg0,flogger,"[""adolescente"", ""reading"", ""birdwatching""]",66,true,false,true,"[""style"", ""music""]"
578,tlockeryg1,punk,"[""photography"", ""style""]",2,false,false,true,"[""gardening"", ""painting""]"
579,pdufaurg2,punk,"[""style"", ""yoga""]",7,false,false,true,"[""music"", ""movies"", ""painting"", ""cooking""]"
580,escatcharg3,skater,"[""reading"", ""gardening"", ""movies"", ""series""]",46,true,false,true,"[""photography"", ""gardening""]"
581,dwaterstoneg4,hippie,"[""knitting"", ""skate""]",13,false,true,true,"[""gardening"", ""cooking"", ""photography"", ""knitting""]"
582,greadyg5,gotica,"[""reading"", ""anime"", ""traveling"", ""movies""]",56,false,false,true,"[""movies"", ""painting""]"
583,sdiggerg6,flogger-girl,"[""skate"", ""adolescente"", ""style""]",47,true,false,false,"[""anime"", ""birdwatching"", ""painting"", ""photography""]"
584,mandreuzzig7,gotica,"[""photography"", ""knitting""]",93,false,false,false,"[""hiking"", ""music"", ""style""]"
585,cchessillg8,flogger-girl,"[""hiking"", ""series"", ""birdwatching""]",29,false,false,false,"[""alone"", ""gardening"", ""skate""]"
586,kkleszinskig9,metalero,"[""style"", ""photography"", ""alone"", ""emo""]",53,false,false,false,"[""painting"", ""anime""]"
587,sbattiega,emo-girl,"[""traveling"", ""emo"", ""music""]",9,false,false,true,"[""gardening"", ""alone""]"
588,jmehmetgb,preppy,"[""series"", ""gardening"", ""yoga"", ""anime""]",9,false,false,true,"[""anime"", ""gardening"", ""birdwatching"", ""painting""]"
589,lmcgeadygc,emo-girl,"[""cooking"", ""gardening"", ""subculture"", ""adolescente""]",10,false,false,true,"[""knitting"", ""skate"", ""adolescente"", ""reading""]"
590,sionngd,hippie,"[""photography"", ""gardening"", ""painting""]",43,true,false,false,"[""subculture"", ""reading"", ""style"", ""movies""]"
591,ssowterge,flogger-girl,"[""skate"", ""series"", ""gardening""]",55,true,false,true,"[""birdwatching"", ""yoga""]"
592,aburnegf,rolinga,"[""traveling"", ""cooking"", ""anime"", ""gardening""]",51,false,false,true,"[""skate"", ""series"", ""emo"", ""reading""]"
593,lfransemaigg,emo-boy,"[""series"", ""emo""]",51,false,false,false,"[""series"", ""traveling"", ""knitting"", ""reading""]"
594,bfranekgh,emo-boy,"[""yoga"", ""emo"", ""style"", ""alone""]",75,false,false,false,"[""style"", ""music"", ""emo""]"
595,alevittgi,hippie,"[""gardening"", ""reading"", ""subculture"", ""knitting""]",16,true,false,false,"[""knitting"", ""adolescente"", ""anime""]"
596,ssertingj,cumbiero,"[""hiking"", ""gardening""]",28,false,false,true,"[""music"", ""emo"", ""style""]"
597,erobelowgk,punk,"[""knitting"", ""cooking"", ""alone""]",15,false,false,true,"[""subculture"", ""skate""]"
598,mtowrissgl,flogger,"[""series"", ""hiking""]",59,false,false,true,"[""traveling"", ""gardening"", ""subculture""]"
599,rmaudlingm,rolinga,"[""hiking"", ""reading""]",32,false,false,true,"[""gardening"", ""adolescente""]"
600,rwandsgn,flogger,"[""movies"", ""style"", ""photography""]",11,false,false,true,"[""knitting"", ""subculture"", ""hiking"", ""movies""]"
601,dslarkego,rolinga,"[""series"", ""style"", ""gardening"", ""cooking""]",54,false,false,true,"[""style"", ""music"", ""skate"", ""alone""]"
602,tmiskingp,emo-girl,"[""painting"", ""knitting""]",97,true,false,true,"[""anime"", ""reading"", ""hiking"", ""style""]"
603,dsummerskillgq,preppy,"[""emo"", ""movies""]",25,false,false,true,"[""hiking"", ""anime"", ""photography""]"
604,srosiegr,hippie,"[""adolescente"", ""gardening"", ""knitting""]",73,true,false,true,"[""painting"", ""gardening"", ""music"", ""alone""]"
605,tnoonegs,emo-boy,"[""anime"", ""painting""]",15,true,false,false,"[""music"", ""emo""]"
606,jbonairegt,cumbiero,"[""knitting"", ""series"", ""traveling"", ""alone""]",25,false,false,true,"[""birdwatching"", ""gardening""]"
607,njaumetgu,metalero,"[""style"", ""skate""]",58,false,false,false,"[""emo"", ""skate"", ""cooking""]"
608,amiddlemistgv,rolinga,"[""knitting"", ""gardening""]",62,true,false,false,"[""painting"", ""music""]"
609,lsentinellagw,hippie,"[""series"", ""music"", ""anime""]",43,false,false,true,"[""movies"", ""cooking"", ""anime"", ""knitting""]"
610,jridulfogx,gotica,"[""anime"", ""subculture"", ""reading""]",54,false,false,true,"[""gardening"", ""emo"", ""adolescente""]"
611,bcollmangy,flogger-girl,"[""skate"", ""music"", ""yoga""]",63,false,false,false,"[""painting"", ""style"", ""alone""]"
612,vlunegz,skater,"[""knitting"", ""style"", ""skate""]",7,false,true,true,"[""cooking"", ""traveling""]"
613,emcdavitth0,gotica,"[""skate"", ""emo"", ""subculture""]",89,false,false,true,"[""anime"", ""photography"", ""movies"", ""hiking""]"
614,nmcmenamieh1,rolinga,"[""photography"", ""subculture""]",6,false,true,false,"[""emo"", ""subculture"", ""alone"", ""movies""]"
615,bheughh2,metalero,"[""gardening"", ""movies"", ""painting""]",77,true,false,true,"[""yoga"", ""reading"", ""birdwatching""]"
616,omuskh3,emo-boy,"[""cooking"", ""adolescente"", ""yoga"", ""subculture""]",54,false,false,true,"[""movies"", ""adolescente"", ""alone"", ""yoga""]"
617,jsydeh4,emo-girl,"[""skate"", ""music"", ""painting"", ""emo""]",83,false,false,true,"[""hiking"", ""adolescente""]"
618,jbartalinih5,flogger,"[""style"", ""music""]",25,false,false,true,"[""subculture"", ""anime""]"
619,glefleyh6,emo-girl,"[""birdwatching"", ""alone""]",49,false,false,true,"[""music"", ""style""]"
620,pthorph7,gotica,"[""painting"", ""music""]",27,false,false,false,"[""reading"", ""series"", ""music""]"
621,fknapph8,flogger,"[""photography"", ""birdwatching"", ""emo"", ""subculture""]",45,true,false,true,"[""reading"", ""subculture"", ""painting"", ""style""]"
622,hbrocklesbyh9,hippie,"[""alone"", ""birdwatching"", ""yoga"", ""hiking""]",69,false,false,true,"[""music"", ""knitting""]"
623,gculpha,skater,"[""cooking"", ""adolescente"", ""painting"", ""emo""]",84,false,false,true,"[""music"", ""knitting"", ""subculture""]"
624,hpriorhb,gotica,"[""skate"", ""music"", ""adolescente"", ""style""]",89,false,false,false,"[""style"", ""anime"", ""yoga""]"
625,dglavinhc,flogger-girl,"[""traveling"", ""movies""]",77,false,false,false,"[""movies"", ""photography"", ""subculture"", ""painting""]"
626,kbrugemannhd,punk,"[""anime"", ""gardening"", ""subculture"", ""skate""]",45,false,false,false,"[""gardening"", ""subculture"", ""music"", ""cooking""]"
627,bshearsbyhe,flogger,"[""traveling"", ""series"", ""alone""]",87,false,false,true,"[""reading"", ""subculture""]"
628,bmccronehf,rolinga,"[""photography"", ""painting"", ""traveling"", ""emo""]",49,false,false,true,"[""style"", ""knitting""]"
629,bwarringtonhg,gotica,"[""cooking"", ""subculture""]",29,false,false,false,"[""style"", ""traveling""]"
630,nrimellhh,hippie,"[""music"", ""series"", ""gardening""]",54,false,false,true,"[""skate"", ""subculture"", ""painting""]"
631,rbogayshi,emo-boy,"[""birdwatching"", ""subculture"", ""reading"", ""music""]",80,false,false,false,"[""birdwatching"", ""adolescente"", ""emo"", ""skate""]"
632,dkollachhj,flogger,"[""series"", ""music""]",97,false,false,true,"[""series"", ""traveling""]"
633,sdallenderhk,hippie,"[""style"", ""subculture"", ""emo""]",89,false,false,true,"[""photography"", ""yoga"", ""style""]"
634,mkillnerhl,gotica,"[""photography"", ""series"", ""gardening""]",72,false,true,true,"[""music"", ""knitting"", ""adolescente"", ""traveling""]"
635,ghalwardhm,emo-boy,"[""emo"", ""subculture""]",35,false,false,false,"[""alone"", ""hiking""]"
636,amacleodhn,hippie,"[""music"", ""subculture"", ""yoga"", ""hiking""]",20,false,false,true,"[""painting"", ""alone"", ""movies""]"
637,aconeybeerho,flogger,"[""painting"", ""adolescente"", ""skate""]",29,true,false,true,"[""traveling"", ""skate""]"
638,rrovehp,emo-girl,"[""yoga"", ""music"", ""series"", ""subculture""]",77,false,false,true,"[""music"", ""style"", ""painting""]"
639,sgogganhq,emo-boy,"[""reading"", ""emo"", ""adolescente"", ""anime""]",33,false,false,false,"[""alone"", ""traveling"", ""painting""]"
640,tbirminghamhr,preppy,"[""painting"", ""adolescente"", ""anime"", ""hiking""]",13,false,false,false,"[""knitting"", ""adolescente""]"
641,jberkhs,emo-girl,"[""reading"", ""traveling"", ""photography"", ""emo""]",72,true,false,true,"[""subculture"", ""traveling""]"
642,ecoyeht,emo-boy,"[""hiking"", ""reading""]",64,false,false,false,"[""series"", ""adolescente"", ""traveling""]"
643,lsimonellihu,rolinga,"[""traveling"", ""style"", ""painting"", ""photography""]",92,false,false,false,"[""anime"", ""movies"", ""skate""]"
644,msteaninghv,punk,"[""yoga"", ""traveling"", ""movies"", ""knitting""]",69,false,false,true,"[""music"", ""traveling""]"
645,ccusworthhw,emo-boy,"[""photography"", ""yoga""]",76,false,false,false,"[""skate"", ""series"", ""alone"", ""birdwatching""]"
646,fhiddsleyhx,preppy,"[""movies"", ""traveling"", ""birdwatching"", ""gardening""]",32,true,false,true,"[""adolescente"", ""alone""]"
647,jprogerhy,flogger,"[""hiking"", ""knitting"", ""music"", ""birdwatching""]",78,true,false,true,"[""skate"", ""knitting""]"
648,egodliphz,skater,"[""series"", ""skate"", ""subculture"", ""gardening""]",2,true,false,false,"[""movies"", ""hiking"", ""anime""]"
649,mronaldi0,rolinga,"[""style"", ""gardening"", ""subculture""]",43,false,false,true,"[""series"", ""birdwatching""]"
650,sarnaudeti1,rolinga,"[""series"", ""style"", ""reading"", ""alone""]",71,false,false,true,"[""gardening"", ""hiking"", ""cooking""]"
651,ijentini2,flogger,"[""yoga"", ""emo"", ""alone""]",64,false,false,false,"[""style"", ""knitting"", ""birdwatching"", ""gardening""]"
652,tkemmeti3,metalero,"[""adolescente"", ""style"", ""knitting""]",15,false,false,false,"[""emo"", ""traveling"", ""knitting""]"
653,kjacqueminoti4,emo-girl,"[""painting"", ""emo"", ""style""]",0,false,false,false,"[""knitting"", ""yoga"", ""movies""]"
654,bhinkenseni5,emo-girl,"[""anime"", ""music"", ""emo"", ""reading""]",90,true,false,false,"[""movies"", ""emo""]"
655,ctedahli6,punk,"[""subculture"", ""knitting""]",11,false,false,false,"[""style"", ""movies"", ""gardening""]"
656,krobelowi7,cumbiero,"[""painting"", ""subculture""]",62,false,false,true,"[""gardening"", ""movies"", ""cooking""]"
657,gbrodleyi8,hippie,"[""reading"", ""traveling"", ""photography""]",17,false,false,false,"[""hiking"", ""photography""]"
658,cspadazzii9,punk,"[""style"", ""traveling"", ""subculture"", ""gardening""]",8,false,false,true,"[""birdwatching"", ""series"", ""subculture""]"
659,awindlessia,hippie,"[""emo"", ""music"", ""knitting""]",21,true,false,false,"[""photography"", ""movies"", ""yoga"", ""anime""]"
660,hloganib,gotica,"[""subculture"", ""music"", ""birdwatching"", ""knitting""]",78,false,false,true,"[""photography"", ""yoga""]"
661,ahacardic,emo-boy,"[""music"", ""reading"", ""cooking""]",4,false,false,true,"[""movies"", ""knitting"", ""style"", ""skate""]"
662,mmulvihillid,flogger,"[""anime"", ""alone""]",38,false,false,false,"[""subculture"", ""knitting"", ""alone"", ""yoga""]"
663,eenriqueie,emo-girl,"[""anime"", ""painting"", ""hiking""]",68,false,false,false,"[""music"", ""movies"", ""gardening"", ""alone""]"
664,ldimondif,gotica,"[""birdwatching"", ""yoga""]",31,false,false,true,"[""music"", ""hiking""]"
665,tdavilleig,metalero,"[""skate"", ""adolescente"", ""gardening"", ""alone""]",91,false,false,false,"[""painting"", ""reading"", ""alone"", ""hiking""]"
666,awipflerih,metalero,"[""skate"", ""cooking""]",49,false,false,true,"[""hiking"", ""skate"", ""movies"", ""yoga""]"
667,fscottesmoorii,skater,"[""anime"", ""knitting"", ""subculture""]",81,false,false,false,"[""cooking"", ""painting"", ""series"", ""skate""]"
668,mprendergrastij,punk,"[""alone"", ""cooking"", ""hiking""]",58,false,false,true,"[""reading"", ""cooking"", ""movies"", ""adolescente""]"
669,vmiddlehurstik,gotica,"[""birdwatching"", ""reading"", ""alone"", ""photography""]",5,false,false,true,"[""alone"", ""yoga""]"
670,dcarelessil,rolinga,"[""birdwatching"", ""alone"", ""hiking""]",41,true,false,true,"[""painting"", ""reading"", ""gardening""]"
671,gilettim,flogger,"[""alone"", ""reading"", ""hiking""]",35,false,false,false,"[""adolescente"", ""traveling"", ""movies""]"
672,ebeccerain,metalero,"[""anime"", ""painting""]",87,false,false,true,"[""anime"", ""yoga"", ""knitting""]"
673,fskettio,flogger-girl,"[""adolescente"", ""photography""]",25,false,false,true,"[""cooking"", ""skate"", ""photography"", ""adolescente""]"
674,lsprigingsip,punk,"[""subculture"", ""yoga"", ""music""]",73,false,false,false,"[""subculture"", ""yoga""]"
675,arickelliq,flogger,"[""reading"", ""knitting"", ""yoga"", ""anime""]",19,false,false,true,"[""skate"", ""knitting"", ""hiking"", ""photography""]"
676,mscarceir,flogger-girl,"[""birdwatching"", ""style""]",57,true,false,false,"[""gardening"", ""yoga""]"
677,arussis,gotica,"[""skate"", ""knitting""]",13,true,false,true,"[""anime"", ""painting"", ""birdwatching""]"
678,emoehlerit,flogger,"[""cooking"", ""birdwatching"", ""skate""]",58,false,false,false,"[""reading"", ""adolescente"", ""alone""]"
679,tscardafieldiu,emo-boy,"[""style"", ""music"", ""gardening"", ""anime""]",94,false,false,true,"[""painting"", ""style"", ""reading""]"
680,bcoldicottiv,gotica,"[""music"", ""cooking"", ""gardening""]",59,false,false,true,"[""hiking"", ""series"", ""painting"", ""birdwatching""]"
681,dprahliw,flogger-girl,"[""music"", ""emo""]",36,false,false,true,"[""subculture"", ""emo""]"
682,abuickix,emo-girl,"[""photography"", ""adolescente"", ""cooking""]",7,false,false,false,"[""skate"", ""anime"", ""movies"", ""reading""]"
683,eclifftiy,preppy,"[""music"", ""alone"", ""yoga"", ""style""]",4,false,false,false,"[""skate"", ""movies"", ""style"", ""music""]"
684,mgutridgeiz,preppy,"[""series"", ""hiking"", ""cooking"", ""skate""]",73,false,false,false,"[""adolescente"", ""series"", ""alone"", ""movies""]"
685,mmanstonj0,metalero,"[""subculture"", ""alone""]",11,false,false,false,"[""movies"", ""reading"", ""photography""]"
686,bdoylyj1,metalero,"[""music"", ""adolescente"", ""emo"", ""birdwatching""]",9,false,false,false,"[""hiking"", ""photography"", ""reading""]"
687,ehydesj2,flogger-girl,"[""birdwatching"", ""emo"", ""painting"", ""cooking""]",43,false,false,false,"[""hiking"", ""alone"", ""style""]"
688,ngomerj3,punk,"[""traveling"", ""adolescente"", ""emo""]",72,false,false,false,"[""series"", ""knitting"", ""movies"", ""gardening""]"
689,vwillemanj4,skater,"[""reading"", ""subculture""]",100,false,false,true,"[""series"", ""style"", ""photography""]"
690,ecrannj5,metalero,"[""hiking"", ""alone"", ""yoga"", ""gardening""]",85,false,false,true,"[""yoga"", ""style"", ""painting""]"
691,nvanlintj6,gotica,"[""hiking"", ""music"", ""knitting""]",33,false,false,true,"[""yoga"", ""skate""]"
692,jrappaj7,metalero,"[""music"", ""photography"", ""knitting""]",6,true,false,false,"[""movies"", ""gardening"", ""anime"", ""reading""]"
693,lmccarrickj8,preppy,"[""movies"", ""traveling"", ""music""]",55,false,false,true,"[""emo"", ""traveling""]"
694,jgrzeskowskij9,gotica,"[""alone"", ""adolescente"", ""emo""]",74,false,false,false,"[""knitting"", ""photography""]"
695,esterricksja,hippie,"[""knitting"", ""skate"", ""series"", ""yoga""]",60,false,false,false,"[""series"", ""emo""]"
696,gsigginjb,metalero,"[""series"", ""photography"", ""anime"", ""movies""]",75,true,false,false,"[""photography"", ""hiking"", ""knitting"", ""movies""]"
697,jashlinjc,flogger,"[""photography"", ""painting"", ""music""]",20,false,false,true,"[""adolescente"", ""movies"", ""gardening""]"
698,rsonesjd,hippie,"[""birdwatching"", ""emo""]",54,true,false,true,"[""anime"", ""photography"", ""knitting""]"
699,amackeyje,emo-boy,"[""cooking"", ""hiking""]",5,false,false,true,"[""movies"", ""traveling"", ""gardening""]"
700,gdiklejf,flogger,"[""reading"", ""gardening"", ""emo""]",28,true,false,true,"[""painting"", ""music"", ""skate""]"
701,tcravenjg,cumbiero,"[""yoga"", ""anime"", ""adolescente"", ""skate""]",57,false,false,true,"[""painting"", ""series"", ""reading""]"
702,icordinglyjh,punk,"[""cooking"", ""subculture""]",24,true,false,false,"[""style"", ""alone"", ""cooking"", ""painting""]"
703,aantragji,emo-boy,"[""alone"", ""skate"", ""hiking"", ""anime""]",56,false,false,false,"[""series"", ""knitting"", ""painting""]"
704,ioseltonjj,emo-girl,"[""movies"", ""music"", ""style"", ""birdwatching""]",42,false,false,false,"[""knitting"", ""yoga""]"
705,jwadesonjk,emo-boy,"[""skate"", ""knitting"", ""subculture"", ""painting""]",38,false,false,true,"[""reading"", ""birdwatching"", ""photography"", ""painting""]"
706,gpetersenjl,skater,"[""photography"", ""alone"", ""gardening"", ""music""]",41,true,false,false,"[""alone"", ""painting""]"
707,bgrainjm,hippie,"[""adolescente"", ""anime"", ""gardening"", ""alone""]",43,false,false,true,"[""emo"", ""knitting"", ""reading""]"
708,dtedahljn,cumbiero,"[""birdwatching"", ""subculture"", ""cooking"", ""style""]",68,true,false,true,"[""alone"", ""traveling"", ""skate"", ""cooking""]"
709,dgerritzenjo,hippie,"[""style"", ""photography"", ""movies"", ""painting""]",12,false,false,true,"[""skate"", ""traveling"", ""music"", ""yoga""]"
710,eackrilljp,cumbiero,"[""gardening"", ""skate"", ""style"", ""music""]",39,false,false,true,"[""adolescente"", ""yoga"", ""skate""]"
711,fdundendalejq,rolinga,"[""yoga"", ""gardening"", ""adolescente"", ""style""]",86,false,false,true,"[""painting"", ""emo""]"
712,bwerlockjr,skater,"[""anime"", ""alone"", ""yoga"", ""reading""]",77,false,false,false,"[""hiking"", ""subculture"", ""anime""]"
713,ffallowesjs,cumbiero,"[""music"", ""gardening""]",22,false,false,false,"[""style"", ""painting""]"
714,sberriejt,emo-girl,"[""adolescente"", ""cooking"", ""subculture""]",45,false,false,false,"[""photography"", ""reading"", ""emo""]"
715,naitchisonju,flogger,"[""knitting"", ""hiking"", ""photography""]",35,false,false,true,"[""subculture"", ""knitting"", ""reading""]"
716,elambertazzijv,punk,"[""knitting"", ""birdwatching"", ""series"", ""reading""]",83,false,false,true,"[""anime"", ""photography""]"
717,psherrattjw,punk,"[""reading"", ""yoga""]",23,false,false,true,"[""emo"", ""yoga"", ""birdwatching""]"
718,fjanicijevicjx,rolinga,"[""emo"", ""painting""]",4,false,false,true,"[""gardening"", ""yoga"", ""photography""]"
719,atycejy,skater,"[""adolescente"", ""yoga""]",71,false,false,false,"[""reading"", ""anime"", ""adolescente"", ""painting""]"
720,bgladtbachjz,preppy,"[""hiking"", ""style""]",91,true,false,false,"[""hiking"", ""music"", ""gardening"", ""traveling""]"
721,fminicok0,skater,"[""traveling"", ""cooking"", ""alone""]",6,false,false,false,"[""music"", ""series"", ""alone"", ""gardening""]"
722,vcamelik1,skater,"[""yoga"", ""painting"", ""skate""]",66,false,true,false,"[""emo"", ""painting""]"
723,abartoshevichk2,flogger-girl,"[""photography"", ""knitting""]",56,false,false,true,"[""skate"", ""subculture"", ""style"", ""series""]"
724,abelchamk3,cumbiero,"[""series"", ""music"", ""traveling"", ""reading""]",21,false,false,true,"[""yoga"", ""adolescente"", ""emo""]"
725,ddullardk4,skater,"[""skate"", ""movies"", ""subculture"", ""anime""]",66,false,false,false,"[""alone"", ""hiking"", ""painting"", ""knitting""]"
726,ydensonk5,metalero,"[""birdwatching"", ""knitting"", ""series""]",58,false,false,false,"[""anime"", ""gardening"", ""adolescente"", ""photography""]"
727,wdecourseyk6,skater,"[""cooking"", ""traveling"", ""style""]",74,false,false,true,"[""cooking"", ""anime""]"
728,lcreesek7,flogger-girl,"[""anime"", ""alone"", ""birdwatching"", ""cooking""]",81,false,false,true,"[""subculture"", ""cooking""]"
729,bgainsborok8,metalero,"[""painting"", ""music"", ""traveling""]",46,false,false,false,"[""gardening"", ""yoga""]"
730,bagneyk9,emo-girl,"[""knitting"", ""adolescente"", ""hiking""]",21,false,false,false,"[""music"", ""yoga"", ""hiking"", ""emo""]"
731,laccombka,emo-girl,"[""birdwatching"", ""adolescente""]",68,false,false,true,"[""skate"", ""gardening"", ""movies""]"
732,mvallenderkb,skater,"[""movies"", ""yoga""]",81,false,false,false,"[""style"", ""cooking""]"
733,nohrtmannkc,cumbiero,"[""movies"", ""gardening"", ""photography"", ""adolescente""]",20,true,false,true,"[""style"", ""painting""]"
734,eathertonkd,emo-girl,"[""subculture"", ""movies"", ""reading"", ""alone""]",66,true,false,false,"[""yoga"", ""anime"", ""style""]"
735,krichenke,rolinga,"[""painting"", ""gardening""]",89,false,false,true,"[""adolescente"", ""yoga"", ""music""]"
736,dpierrokf,flogger-girl,"[""anime"", ""series"", ""photography""]",38,false,false,false,"[""reading"", ""cooking"", ""traveling""]"
737,ssparrowhawkkg,gotica,"[""music"", ""style"", ""photography"", ""traveling""]",18,false,false,false,"[""skate"", ""emo"", ""yoga""]"
738,emarquezkh,emo-boy,"[""adolescente"", ""painting""]",62,true,false,false,"[""birdwatching"", ""music"", ""hiking""]"
739,pscutterki,hippie,"[""adolescente"", ""music"", ""movies"", ""traveling""]",2,false,true,true,"[""knitting"", ""style"", ""emo""]"
740,sbenfellkj,metalero,"[""emo"", ""gardening""]",32,true,false,false,"[""emo"", ""music"", ""cooking"", ""movies""]"
741,ddreghornkk,metalero,"[""painting"", ""subculture"", ""traveling"", ""reading""]",41,false,false,true,"[""gardening"", ""traveling"", ""painting"", ""emo""]"
742,schatenierkl,preppy,"[""skate"", ""yoga"", ""series"", ""reading""]",95,false,false,false,"[""series"", ""adolescente"", ""anime""]"
743,jcotterrillkm,rolinga,"[""movies"", ""traveling"", ""style""]",91,false,false,false,"[""music"", ""photography""]"
744,jboulekn,gotica,"[""cooking"", ""anime"", ""reading"", ""yoga""]",71,false,false,true,"[""traveling"", ""reading"", ""subculture"", ""series""]"
745,dclowserko,preppy,"[""series"", ""skate""]",27,false,false,true,"[""photography"", ""movies"", ""birdwatching""]"
746,jdeeveykp,emo-girl,"[""gardening"", ""movies""]",61,false,false,true,"[""photography"", ""reading""]"
747,bpiddickkq,flogger-girl,"[""anime"", ""yoga"", ""birdwatching"", ""alone""]",68,false,false,false,"[""movies"", ""gardening"", ""yoga"", ""anime""]"
748,kdegowekr,flogger-girl,"[""music"", ""movies"", ""cooking""]",89,false,true,true,"[""emo"", ""subculture""]"
749,vsaddingtonks,skater,"[""music"", ""birdwatching"", ""adolescente"", ""yoga""]",92,false,false,false,"[""series"", ""yoga"", ""knitting""]"
750,obolsoverkt,emo-boy,"[""skate"", ""anime"", ""emo""]",11,true,false,false,"[""series"", ""traveling""]"
751,twheatlandku,hippie,"[""painting"", ""adolescente"", ""cooking""]",75,false,false,false,"[""emo"", ""birdwatching""]"
752,pvescovokv,flogger,"[""cooking"", ""alone""]",50,false,false,true,"[""alone"", ""movies""]"
753,dhummkw,punk,"[""anime"", ""alone"", ""series""]",62,false,false,false,"[""anime"", ""series"", ""yoga""]"
754,lbeattykx,gotica,"[""series"", ""birdwatching"", ""style""]",81,false,false,false,"[""cooking"", ""yoga"", ""movies"", ""anime""]"
755,fmattky,emo-girl,"[""gardening"", ""photography"", ""series""]",33,false,false,false,"[""adolescente"", ""series""]"
756,evarnalskz,gotica,"[""anime"", ""birdwatching"", ""series""]",98,false,false,true,"[""gardening"", ""anime"", ""birdwatching"", ""alone""]"
757,ktrenearl0,flogger-girl,"[""alone"", ""anime""]",99,false,false,true,"[""series"", ""knitting"", ""reading"", ""movies""]"
758,zkrzyzanowskil1,preppy,"[""alone"", ""series"", ""adolescente"", ""music""]",44,false,false,false,"[""knitting"", ""movies"", ""traveling""]"
759,mphippinl2,metalero,"[""birdwatching"", ""adolescente"", ""cooking""]",80,false,false,true,"[""skate"", ""traveling""]"
760,alohmeyerl3,cumbiero,"[""hiking"", ""traveling"", ""style""]",77,false,true,true,"[""photography"", ""painting"", ""series"", ""gardening""]"
761,calredl4,flogger-girl,"[""knitting"", ""subculture"", ""series"", ""style""]",73,false,false,true,"[""gardening"", ""skate"", ""emo"", ""birdwatching""]"
762,klunckl5,punk,"[""painting"", ""gardening""]",93,true,false,true,"[""traveling"", ""adolescente"", ""anime"", ""hiking""]"
763,crockl6,gotica,"[""style"", ""birdwatching""]",94,false,false,true,"[""alone"", ""style"", ""photography"", ""gardening""]"
764,mlerwayl7,gotica,"[""subculture"", ""anime"", ""photography"", ""hiking""]",60,true,true,false,"[""movies"", ""birdwatching"", ""skate""]"
765,smuddlel8,rolinga,"[""subculture"", ""style"", ""movies"", ""hiking""]",97,false,false,false,"[""photography"", ""traveling"", ""alone"", ""style""]"
766,mwawerl9,emo-boy,"[""emo"", ""birdwatching"", ""knitting""]",58,false,true,false,"[""cooking"", ""painting""]"
767,nomullallyla,skater,"[""music"", ""series""]",18,false,false,false,"[""birdwatching"", ""anime"", ""hiking"", ""emo""]"
768,ddegliabbatilb,metalero,"[""birdwatching"", ""anime""]",24,false,false,false,"[""subculture"", ""photography""]"
769,lelveslc,hippie,"[""alone"", ""skate"", ""cooking""]",87,false,false,false,"[""birdwatching"", ""subculture"", ""anime""]"
770,aharmantld,emo-girl,"[""anime"", ""traveling""]",63,false,false,false,"[""music"", ""gardening"", ""alone""]"
771,wparkinsle,emo-girl,"[""music"", ""emo"", ""style""]",70,false,false,false,"[""yoga"", ""subculture""]"
772,rboulgerlf,emo-girl,"[""painting"", ""adolescente""]",74,true,false,false,"[""traveling"", ""skate"", ""alone"", ""gardening""]"
773,ssmolanlg,skater,"[""knitting"", ""movies"", ""yoga"", ""style""]",0,true,false,false,"[""birdwatching"", ""style"", ""cooking"", ""anime""]"
774,tfewlasslh,skater,"[""gardening"", ""movies"", ""style""]",85,false,false,true,"[""skate"", ""emo""]"
775,bcopplestoneli,metalero,"[""anime"", ""subculture"", ""style""]",65,false,true,false,"[""reading"", ""knitting"", ""yoga""]"
776,ablindermannlj,flogger-girl,"[""photography"", ""adolescente""]",95,false,false,true,"[""knitting"", ""music"", ""cooking""]"
777,jhastinlk,gotica,"[""reading"", ""adolescente"", ""cooking"", ""series""]",33,false,false,false,"[""traveling"", ""gardening"", ""anime"", ""emo""]"
778,drainvillell,flogger-girl,"[""subculture"", ""traveling"", ""knitting""]",68,false,false,false,"[""series"", ""yoga"", ""anime""]"
779,kvoadenlm,emo-boy,"[""alone"", ""movies"", ""birdwatching""]",16,false,false,true,"[""reading"", ""style"", ""emo""]"
780,sdochartyln,metalero,"[""subculture"", ""emo"", ""series""]",52,true,false,true,"[""yoga"", ""style"", ""hiking""]"
781,rcuzenlo,flogger,"[""emo"", ""style"", ""yoga"", ""knitting""]",23,false,false,false,"[""photography"", ""skate""]"
782,aradmorelp,hippie,"[""knitting"", ""anime""]",93,false,false,false,"[""birdwatching"", ""painting""]"
783,kcloselq,flogger,"[""knitting"", ""style""]",90,false,false,true,"[""skate"", ""traveling""]"
784,hsetchelllr,rolinga,"[""emo"", ""gardening""]",37,false,false,true,"[""subculture"", ""birdwatching""]"
785,lstoppsls,flogger-girl,"[""alone"", ""reading""]",16,false,false,true,"[""alone"", ""music""]"
786,rboakelt,preppy,"[""subculture"", ""adolescente"", ""traveling"", ""series""]",61,false,false,false,"[""hiking"", ""photography""]"
787,ccorsorlu,metalero,"[""emo"", ""gardening""]",49,false,false,true,"[""knitting"", ""skate"", ""cooking"", ""yoga""]"
788,kkubackilv,metalero,"[""skate"", ""subculture""]",5,false,false,true,"[""yoga"", ""hiking"", ""birdwatching""]"
789,ljermylw,emo-girl,"[""movies"", ""knitting"", ""anime""]",20,false,false,false,"[""painting"", ""hiking"", ""series"", ""birdwatching""]"
790,msalzburgerlx,cumbiero,"[""anime"", ""painting"", ""yoga""]",32,false,false,false,"[""style"", ""cooking"", ""adolescente""]"
791,hbenchly,skater,"[""anime"", ""style"", ""subculture"", ""music""]",34,false,false,false,"[""reading"", ""style""]"
792,rphillislz,preppy,"[""painting"", ""knitting"", ""gardening""]",35,false,false,false,"[""series"", ""gardening""]"
793,acrinionm0,preppy,"[""series"", ""traveling"", ""emo"", ""adolescente""]",21,false,false,false,"[""alone"", ""gardening"", ""subculture"", ""yoga""]"
794,lbiscom1,cumbiero,"[""anime"", ""photography"", ""yoga"", ""subculture""]",12,false,false,false,"[""subculture"", ""anime"", ""movies""]"
795,azahorm2,cumbiero,"[""movies"", ""style"", ""cooking"", ""anime""]",22,false,false,true,"[""reading"", ""painting""]"
796,rmcrobertsm3,flogger-girl,"[""reading"", ""traveling"", ""photography""]",8,false,false,true,"[""cooking"", ""alone"", ""style""]"
797,mbeynonm4,flogger-girl,"[""birdwatching"", ""movies""]",60,false,false,true,"[""movies"", ""skate"", ""cooking""]"
798,gtarbattm5,preppy,"[""style"", ""cooking"", ""hiking"", ""skate""]",46,false,false,false,"[""adolescente"", ""skate""]"
799,epumphreysm6,flogger,"[""reading"", ""painting""]",23,false,false,true,"[""hiking"", ""subculture"", ""yoga"", ""alone""]"
800,esireym7,skater,"[""traveling"", ""painting""]",4,false,false,false,"[""knitting"", ""movies""]"
801,awilacotm8,flogger,"[""birdwatching"", ""style""]",89,false,false,true,"[""emo"", ""movies"", ""style""]"
802,amartm9,flogger-girl,"[""music"", ""painting"", ""anime""]",65,true,false,true,"[""painting"", ""reading""]"
803,sskinma,cumbiero,"[""yoga"", ""traveling"", ""cooking""]",90,false,false,true,"[""series"", ""alone"", ""knitting"", ""photography""]"
804,cworrillmb,cumbiero,"[""traveling"", ""birdwatching"", ""cooking""]",38,false,false,false,"[""anime"", ""adolescente"", ""birdwatching"", ""photography""]"
805,atuxellmc,emo-boy,"[""hiking"", ""cooking""]",55,false,false,true,"[""movies"", ""skate""]"
806,nrivelinmd,rolinga,"[""traveling"", ""photography"", ""subculture""]",37,false,true,true,"[""style"", ""adolescente"", ""series""]"
807,bpeakme,metalero,"[""subculture"", ""music"", ""gardening"", ""alone""]",50,false,false,true,"[""reading"", ""alone""]"
808,ttraskmf,emo-girl,"[""painting"", ""hiking""]",43,false,false,true,"[""anime"", ""alone""]"
809,svearncombemg,punk,"[""birdwatching"", ""reading"", ""photography""]",47,false,false,false,"[""reading"", ""traveling"", ""yoga"", ""style""]"
810,rabrehartmh,preppy,"[""adolescente"", ""knitting"", ""subculture""]",74,false,false,true,"[""anime"", ""hiking"", ""gardening""]"
811,mharvardmi,punk,"[""photography"", ""traveling"", ""knitting"", ""reading""]",89,false,false,true,"[""style"", ""photography"", ""alone""]"
812,ibuckwellmj,cumbiero,"[""painting"", ""yoga""]",98,true,false,true,"[""gardening"", ""emo"", ""knitting""]"
813,bteffreymk,preppy,"[""adolescente"", ""knitting"", ""birdwatching""]",88,true,false,true,"[""skate"", ""anime"", ""birdwatching"", ""traveling""]"
814,ereightleyml,rolinga,"[""yoga"", ""movies"", ""alone"", ""knitting""]",97,false,true,true,"[""alone"", ""yoga"", ""music"", ""gardening""]"
815,dreginamm,emo-boy,"[""adolescente"", ""movies""]",21,false,true,true,"[""skate"", ""traveling""]"
816,cespinetmn,punk,"[""painting"", ""photography"", ""subculture"", ""alone""]",62,false,false,false,"[""style"", ""alone"", ""series""]"
817,nlongfordmo,skater,"[""painting"", ""traveling""]",92,false,false,true,"[""anime"", ""skate"", ""reading"", ""birdwatching""]"
818,astutelymp,skater,"[""reading"", ""skate"", ""yoga""]",100,false,false,true,"[""yoga"", ""alone"", ""traveling""]"
819,areevesmq,preppy,"[""skate"", ""cooking"", ""gardening"", ""knitting""]",76,false,false,true,"[""style"", ""knitting"", ""movies"", ""cooking""]"
820,mskittlemr,gotica,"[""skate"", ""reading""]",76,false,false,false,"[""subculture"", ""style"", ""photography"", ""adolescente""]"
821,afrancoisms,emo-boy,"[""skate"", ""reading""]",43,false,false,false,"[""birdwatching"", ""photography"", ""reading""]"
822,drubertimt,rolinga,"[""music"", ""adolescente"", ""painting"", ""subculture""]",27,true,false,true,"[""gardening"", ""movies""]"
823,kivakhnovmu,metalero,"[""subculture"", ""anime"", ""movies"", ""reading""]",97,false,true,true,"[""gardening"", ""cooking"", ""knitting"", ""hiking""]"
824,khebnermv,emo-girl,"[""anime"", ""series""]",69,false,false,false,"[""style"", ""adolescente"", ""traveling"", ""gardening""]"
825,tbrinkworthmw,emo-boy,"[""alone"", ""traveling""]",36,false,false,true,"[""traveling"", ""birdwatching""]"
826,emccoveneymx,flogger,"[""emo"", ""movies""]",14,false,false,true,"[""gardening"", ""skate""]"
827,ybloysmy,metalero,"[""yoga"", ""traveling""]",79,false,false,false,"[""skate"", ""painting"", ""anime"", ""movies""]"
828,cdallmz,flogger-girl,"[""painting"", ""skate"", ""yoga""]",43,false,false,false,"[""subculture"", ""style"", ""adolescente"", ""gardening""]"
829,bkleeweinn0,rolinga,"[""skate"", ""gardening"", ""alone"", ""adolescente""]",93,false,false,false,"[""skate"", ""knitting"", ""birdwatching"", ""anime""]"
830,oclaricoatesn1,hippie,"[""subculture"", ""reading"", ""yoga"", ""style""]",12,false,false,true,"[""knitting"", ""adolescente"", ""music""]"
831,edurrann2,emo-boy,"[""anime"", ""knitting"", ""yoga"", ""adolescente""]",39,false,false,false,"[""yoga"", ""traveling"", ""gardening"", ""reading""]"
832,kweinbergn3,cumbiero,"[""traveling"", ""adolescente""]",37,true,false,true,"[""skate"", ""painting"", ""style""]"
833,kpickthornn4,cumbiero,"[""adolescente"", ""traveling"", ""gardening"", ""alone""]",78,false,false,true,"[""hiking"", ""birdwatching""]"
834,lmeashamn5,emo-girl,"[""hiking"", ""yoga"", ""subculture"", ""photography""]",68,false,false,false,"[""adolescente"", ""subculture""]"
835,lbaudonen6,rolinga,"[""reading"", ""traveling"", ""gardening"", ""cooking""]",90,false,false,false,"[""style"", ""knitting"", ""hiking""]"
836,tfugglen7,emo-boy,"[""anime"", ""yoga"", ""reading"", ""emo""]",1,true,false,true,"[""adolescente"", ""cooking""]"
837,acarrackn8,emo-boy,"[""birdwatching"", ""knitting"", ""adolescente""]",46,false,false,true,"[""reading"", ""gardening"", ""movies""]"
838,yjankiewiczn9,flogger,"[""movies"", ""anime"", ""hiking""]",85,false,false,false,"[""alone"", ""painting""]"
839,ahasemanna,gotica,"[""knitting"", ""adolescente"", ""music""]",10,true,false,true,"[""knitting"", ""subculture"", ""movies"", ""photography""]"
840,emarinnb,gotica,"[""series"", ""painting""]",44,false,false,false,"[""reading"", ""gardening"", ""style""]"
841,ddawtrync,flogger,"[""knitting"", ""subculture""]",30,false,false,true,"[""traveling"", ""cooking"", ""reading"", ""gardening""]"
842,bnekrewsnd,hippie,"[""music"", ""cooking"", ""alone""]",22,true,false,true,"[""alone"", ""photography"", ""birdwatching""]"
843,abifieldne,flogger,"[""photography"", ""adolescente"", ""emo""]",21,true,false,false,"[""series"", ""birdwatching"", ""movies"", ""anime""]"
844,dimesennf,flogger,"[""style"", ""series""]",6,false,false,false,"[""traveling"", ""reading"", ""movies"", ""emo""]"
845,cpictonng,metalero,"[""birdwatching"", ""series"", ""adolescente""]",22,false,false,false,"[""style"", ""birdwatching"", ""yoga"", ""alone""]"
846,ggregernh,skater,"[""skate"", ""style"", ""reading"", ""movies""]",90,false,false,true,"[""cooking"", ""traveling""]"
847,elidgateni,skater,"[""adolescente"", ""painting"", ""birdwatching"", ""skate""]",30,false,false,true,"[""skate"", ""reading"", ""yoga"", ""traveling""]"
848,mgommeynj,flogger-girl,"[""reading"", ""knitting"", ""painting"", ""hiking""]",46,false,false,true,"[""birdwatching"", ""reading"", ""photography""]"
849,mhantuschnk,punk,"[""yoga"", ""style"", ""music""]",11,false,false,true,"[""subculture"", ""anime"", ""yoga"", ""knitting""]"
850,wbahlmannnl,skater,"[""reading"", ""music"", ""alone""]",37,false,false,true,"[""style"", ""emo""]"
851,tboolsennm,emo-girl,"[""alone"", ""traveling"", ""cooking""]",22,true,false,false,"[""music"", ""yoga"", ""cooking"", ""birdwatching""]"
852,jlucocknn,gotica,"[""music"", ""photography"", ""emo""]",63,false,false,false,"[""movies"", ""yoga"", ""anime"", ""emo""]"
853,cfairclothno,gotica,"[""gardening"", ""series""]",49,false,false,false,"[""skate"", ""reading"", ""cooking""]"
854,cpaternonp,cumbiero,"[""subculture"", ""anime"", ""gardening""]",2,false,false,false,"[""series"", ""painting"", ""cooking"", ""photography""]"
855,nsootsnq,rolinga,"[""skate"", ""photography"", ""traveling"", ""emo""]",17,false,false,true,"[""yoga"", ""cooking"", ""hiking""]"
856,iarnauducnr,gotica,"[""cooking"", ""knitting"", ""alone"", ""series""]",85,false,false,true,"[""gardening"", ""style""]"
857,afullerlovens,punk,"[""hiking"", ""anime"", ""traveling"", ""cooking""]",61,false,false,false,"[""series"", ""birdwatching"", ""hiking""]"
858,mluetchfordnt,hippie,"[""photography"", ""series"", ""painting"", ""hiking""]",95,true,false,false,"[""reading"", ""hiking"", ""adolescente""]"
859,chardsnu,emo-boy,"[""painting"", ""knitting"", ""photography""]",36,false,false,false,"[""alone"", ""gardening"", ""anime""]"
860,etashnv,flogger-girl,"[""photography"", ""knitting""]",100,false,false,true,"[""painting"", ""alone"", ""style""]"
861,ccolvillnw,metalero,"[""knitting"", ""alone"", ""photography""]",19,true,false,true,"[""anime"", ""alone"", ""painting"", ""birdwatching""]"
862,kwiggettnx,flogger-girl,"[""reading"", ""music""]",65,false,false,true,"[""style"", ""emo"", ""anime""]"
863,rellwandny,rolinga,"[""emo"", ""yoga""]",86,false,false,false,"[""birdwatching"", ""music"", ""emo"", ""adolescente""]"
864,ppurcellnz,cumbiero,"[""music"", ""series"", ""style""]",75,false,false,true,"[""series"", ""hiking"", ""painting"", ""traveling""]"
865,anormavilleo0,hippie,"[""birdwatching"", ""photography"", ""cooking""]",95,false,false,true,"[""adolescente"", ""alone"", ""reading""]"
866,mlongeao1,emo-boy,"[""movies"", ""yoga"", ""birdwatching"", ""painting""]",92,false,false,true,"[""movies"", ""knitting""]"
867,lloidlo2,flogger-girl,"[""series"", ""music"", ""hiking""]",83,false,false,false,"[""painting"", ""emo"", ""anime""]"
868,nreadero3,cumbiero,"[""series"", ""adolescente""]",19,false,false,false,"[""subculture"", ""anime""]"
869,tpendrigho4,punk,"[""reading"", ""skate"", ""gardening"", ""style""]",87,false,false,true,"[""adolescente"", ""subculture"", ""emo""]"
870,lordo5,skater,"[""series"", ""traveling"", ""photography"", ""reading""]",50,false,false,true,"[""knitting"", ""style"", ""gardening""]"
871,hbaversoro6,flogger-girl,"[""skate"", ""movies"", ""traveling"", ""adolescente""]",50,false,false,true,"[""yoga"", ""series""]"
872,sboyato7,rolinga,"[""yoga"", ""skate""]",65,false,false,false,"[""traveling"", ""anime""]"
873,edanielskio8,skater,"[""adolescente"", ""painting"", ""gardening""]",96,true,false,true,"[""movies"", ""knitting"", ""cooking"", ""skate""]"
874,khalifaxo9,flogger,"[""cooking"", ""knitting"", ""reading"", ""adolescente""]",61,true,false,false,"[""anime"", ""emo""]"
875,fdiggonsoa,flogger,"[""yoga"", ""emo"", ""series""]",88,false,false,true,"[""series"", ""music"", ""emo"", ""painting""]"
876,jhalmkinob,emo-girl,"[""hiking"", ""yoga"", ""anime""]",85,false,false,false,"[""yoga"", ""subculture"", ""knitting"", ""hiking""]"
877,sjardineoc,preppy,"[""traveling"", ""music""]",67,false,false,true,"[""skate"", ""birdwatching""]"
878,ghawfordod,flogger-girl,"[""photography"", ""adolescente"", ""skate""]",38,false,false,true,"[""series"", ""gardening""]"
879,dshentonoe,hippie,"[""yoga"", ""reading"", ""knitting""]",14,false,true,true,"[""traveling"", ""series"", ""movies""]"
880,ccornnerof,flogger-girl,"[""hiking"", ""music"", ""reading""]",98,false,true,false,"[""adolescente"", ""gardening"", ""reading"", ""traveling""]"
881,bcarousog,hippie,"[""style"", ""adolescente""]",50,false,false,true,"[""movies"", ""alone"", ""photography"", ""birdwatching""]"
882,jcrookshankoh,flogger-girl,"[""subculture"", ""traveling"", ""painting""]",90,false,false,true,"[""adolescente"", ""hiking"", ""movies"", ""reading""]"
883,chuleattoi,metalero,"[""traveling"", ""gardening""]",76,false,false,true,"[""photography"", ""anime""]"
884,dbertomeuoj,metalero,"[""skate"", ""painting"", ""gardening"", ""music""]",33,false,false,false,"[""gardening"", ""reading"", ""subculture"", ""music""]"
885,troskillyok,hippie,"[""gardening"", ""traveling"", ""emo""]",29,false,false,true,"[""yoga"", ""knitting""]"
886,hvennol,cumbiero,"[""reading"", ""photography"", ""series""]",13,false,false,false,"[""skate"", ""anime""]"
887,smateuom,hippie,"[""reading"", ""painting""]",12,false,false,false,"[""hiking"", ""alone"", ""traveling""]"
888,rlukeschon,cumbiero,"[""yoga"", ""hiking"", ""traveling""]",73,true,false,true,"[""gardening"", ""movies""]"
889,ccuddehyoo,metalero,"[""traveling"", ""music"", ""movies""]",97,true,false,false,"[""photography"", ""skate""]"
890,rfludderop,skater,"[""movies"", ""traveling""]",75,false,false,false,"[""skate"", ""knitting"", ""cooking"", ""birdwatching""]"
891,gtironoq,flogger,"[""reading"", ""emo"", ""movies"", ""knitting""]",2,false,false,true,"[""painting"", ""series"", ""adolescente""]"
892,hyarwoodor,metalero,"[""yoga"", ""series"", ""painting""]",29,true,false,true,"[""anime"", ""subculture"", ""painting"", ""style""]"
893,akeebleos,punk,"[""alone"", ""hiking"", ""style""]",63,false,false,false,"[""cooking"", ""painting"", ""music""]"
894,podyvoieot,preppy,"[""gardening"", ""traveling""]",55,false,false,true,"[""series"", ""alone"", ""anime"", ""style""]"
895,tlauridsenou,gotica,"[""traveling"", ""subculture""]",19,false,false,false,"[""gardening"", ""music"", ""adolescente"", ""photography""]"
896,vchalfantov,rolinga,"[""painting"", ""music""]",26,false,false,true,"[""series"", ""skate"", ""photography""]"
897,vfaceow,cumbiero,"[""painting"", ""subculture"", ""cooking""]",69,false,false,true,"[""skate"", ""anime""]"
898,vcockramox,cumbiero,"[""skate"", ""movies"", ""reading""]",25,false,false,false,"[""hiking"", ""reading""]"
899,fjanwayoy,hippie,"[""music"", ""knitting"", ""subculture"", ""series""]",1,false,false,true,"[""birdwatching"", ""hiking""]"
900,fkersleyoz,metalero,"[""photography"", ""cooking"", ""style""]",67,false,false,true,"[""emo"", ""subculture"", ""style""]"
901,epocockp0,cumbiero,"[""knitting"", ""music"", ""painting"", ""yoga""]",55,true,false,false,"[""gardening"", ""style""]"
902,jsteedp1,rolinga,"[""knitting"", ""gardening"", ""painting"", ""alone""]",85,true,false,false,"[""style"", ""hiking""]"
903,rwerrettp2,punk,"[""subculture"", ""reading"", ""style"", ""skate""]",33,false,false,true,"[""alone"", ""hiking"", ""skate""]"
904,mansteadp3,gotica,"[""traveling"", ""emo""]",23,false,false,true,"[""reading"", ""traveling""]"
905,tchessp4,preppy,"[""music"", ""birdwatching"", ""reading"", ""traveling""]",84,false,false,true,"[""alone"", ""series"", ""gardening"", ""birdwatching""]"
906,sstonehamp5,flogger-girl,"[""traveling"", ""reading""]",14,false,false,true,"[""reading"", ""subculture""]"
907,dhaylandp6,emo-girl,"[""style"", ""hiking"", ""music""]",6,false,false,true,"[""cooking"", ""knitting"", ""series"", ""birdwatching""]"
908,igilbertp7,punk,"[""emo"", ""birdwatching""]",40,true,false,true,"[""style"", ""yoga""]"
909,amcgraffinp8,metalero,"[""yoga"", ""photography""]",76,true,false,false,"[""movies"", ""series""]"
910,jperkinp9,metalero,"[""anime"", ""painting""]",70,false,false,false,"[""birdwatching"", ""yoga""]"
911,bbagsterpa,skater,"[""style"", ""reading""]",25,false,false,false,"[""cooking"", ""movies"", ""painting""]"
912,gguillotonpb,skater,"[""series"", ""subculture"", ""movies"", ""music""]",98,false,false,false,"[""alone"", ""subculture"", ""skate"", ""photography""]"
913,mhofpc,preppy,"[""hiking"", ""series"", ""music"", ""emo""]",80,true,false,true,"[""gardening"", ""knitting"", ""subculture""]"
914,eglayzerpd,emo-girl,"[""style"", ""knitting"", ""movies""]",67,false,false,false,"[""yoga"", ""gardening"", ""movies""]"
915,tmelsompe,punk,"[""traveling"", ""skate"", ""yoga"", ""reading""]",23,false,false,true,"[""music"", ""yoga""]"
916,edahlbompf,emo-boy,"[""hiking"", ""alone"", ""gardening""]",31,false,false,false,"[""movies"", ""traveling"", ""yoga"", ""cooking""]"
917,foughtonpg,gotica,"[""hiking"", ""painting""]",18,false,false,false,"[""subculture"", ""style"", ""adolescente"", ""traveling""]"
918,sscoldingph,gotica,"[""anime"", ""knitting"", ""series"", ""movies""]",47,false,false,true,"[""movies"", ""yoga"", ""painting"", ""series""]"
919,sjeenspi,rolinga,"[""traveling"", ""subculture"", ""skate"", ""adolescente""]",72,false,false,false,"[""yoga"", ""skate""]"
920,astenningspj,hippie,"[""photography"", ""gardening"", ""reading""]",82,false,false,false,"[""cooking"", ""adolescente""]"
921,arickwordpk,metalero,"[""painting"", ""alone""]",0,false,false,true,"[""skate"", ""painting"", ""movies"", ""emo""]"
922,mswatmanpl,rolinga,"[""emo"", ""birdwatching"", ""anime""]",21,false,false,false,"[""subculture"", ""alone"", ""yoga"", ""reading""]"
923,scarlettopm,flogger,"[""birdwatching"", ""yoga"", ""style"", ""painting""]",48,false,false,false,"[""style"", ""music""]"
924,ikleanthouspn,flogger,"[""knitting"", ""music"", ""movies""]",86,true,false,false,"[""series"", ""painting"", ""reading""]"
925,fwickrathpo,metalero,"[""photography"", ""gardening"", ""skate""]",83,false,false,true,"[""adolescente"", ""knitting"", ""hiking"", ""traveling""]"
926,rsewillpp,hippie,"[""painting"", ""skate"", ""subculture"", ""hiking""]",47,false,false,true,"[""photography"", ""cooking"", ""adolescente""]"
927,kclimopq,punk,"[""style"", ""anime"", ""skate""]",55,true,false,false,"[""birdwatching"", ""subculture""]"
928,rgaskpr,cumbiero,"[""gardening"", ""style"", ""cooking""]",100,false,false,false,"[""knitting"", ""photography"", ""skate""]"
929,idorricottps,flogger,"[""alone"", ""movies""]",8,false,false,false,"[""cooking"", ""gardening"", ""emo""]"
930,pgillsonpt,flogger-girl,"[""alone"", ""painting""]",81,false,false,false,"[""skate"", ""yoga"", ""adolescente"", ""hiking""]"
931,cscotchbrookpu,rolinga,"[""birdwatching"", ""adolescente"", ""painting""]",58,false,false,true,"[""yoga"", ""subculture"", ""birdwatching"", ""cooking""]"
932,mfiggerpv,hippie,"[""subculture"", ""photography"", ""yoga""]",51,false,false,true,"[""gardening"", ""alone"", ""hiking"", ""adolescente""]"
933,jhaskewpw,gotica,"[""reading"", ""gardening"", ""skate""]",8,true,false,false,"[""skate"", ""knitting"", ""cooking""]"
934,ncaruthpx,emo-girl,"[""skate"", ""painting"", ""gardening"", ""birdwatching""]",5,false,false,false,"[""knitting"", ""emo"", ""adolescente""]"
935,fpeetepy,rolinga,"[""series"", ""cooking"", ""painting"", ""anime""]",1,false,false,true,"[""anime"", ""adolescente"", ""hiking""]"
936,bsweetlovepz,rolinga,"[""style"", ""knitting"", ""reading"", ""subculture""]",73,false,true,false,"[""painting"", ""style"", ""yoga"", ""traveling""]"
937,vcoadyq0,hippie,"[""yoga"", ""subculture""]",28,false,false,true,"[""alone"", ""series""]"
938,gmilliereq1,hippie,"[""gardening"", ""alone"", ""subculture""]",7,false,false,false,"[""alone"", ""gardening"", ""adolescente""]"
939,cginleyq2,metalero,"[""painting"", ""music""]",75,false,false,false,"[""music"", ""gardening"", ""cooking""]"
940,eeldersq3,flogger-girl,"[""cooking"", ""hiking"", ""gardening""]",45,false,true,true,"[""reading"", ""series"", ""knitting"", ""adolescente""]"
941,ksiemensq4,gotica,"[""music"", ""reading"", ""alone""]",17,false,false,true,"[""photography"", ""hiking"", ""subculture"", ""series""]"
942,gfieldhouseq5,gotica,"[""photography"", ""cooking"", ""anime""]",77,false,false,false,"[""subculture"", ""alone"", ""painting""]"
943,llinfittq6,rolinga,"[""cooking"", ""emo""]",62,false,false,false,"[""knitting"", ""yoga""]"
944,glemonq7,preppy,"[""yoga"", ""painting""]",51,false,false,false,"[""gardening"", ""yoga""]"
945,cgoltonq8,emo-boy,"[""birdwatching"", ""alone"", ""emo""]",48,false,false,true,"[""knitting"", ""music""]"
946,agraithq9,emo-boy,"[""music"", ""knitting"", ""photography"", ""birdwatching""]",54,true,false,false,"[""gardening"", ""hiking"", ""reading"", ""knitting""]"
947,cbreukelmanqa,hippie,"[""skate"", ""knitting"", ""style""]",29,false,true,false,"[""series"", ""cooking"", ""anime""]"
948,lneathqb,flogger-girl,"[""anime"", ""emo"", ""cooking"", ""style""]",14,false,false,true,"[""movies"", ""series"", ""adolescente""]"
949,kdixieqc,rolinga,"[""series"", ""anime""]",94,false,false,false,"[""style"", ""movies"", ""birdwatching"", ""traveling""]"
950,yzanolliqd,punk,"[""skate"", ""yoga"", ""traveling"", ""photography""]",21,false,false,true,"[""gardening"", ""emo"", ""movies""]"
951,vbrazurqe,emo-boy,"[""style"", ""hiking""]",95,false,false,true,"[""movies"", ""music"", ""photography"", ""alone""]"
952,aroistoneqf,flogger-girl,"[""style"", ""reading"", ""subculture"", ""yoga""]",54,false,false,true,"[""movies"", ""gardening"", ""subculture"", ""series""]"
953,mgateleyqg,emo-girl,"[""traveling"", ""knitting""]",46,false,false,true,"[""movies"", ""style"", ""alone"", ""painting""]"
954,mogglebieqh,preppy,"[""gardening"", ""adolescente"", ""anime"", ""reading""]",20,true,false,false,"[""music"", ""emo""]"
955,gbrewettqi,preppy,"[""birdwatching"", ""subculture"", ""painting""]",18,false,false,true,"[""photography"", ""movies""]"
956,eculpinqj,flogger,"[""photography"", ""style"", ""alone""]",93,false,false,true,"[""adolescente"", ""cooking"", ""emo""]"
957,aegdaleqk,hippie,"[""series"", ""skate"", ""subculture"", ""adolescente""]",56,true,false,false,"[""birdwatching"", ""yoga""]"
958,aolivazziql,preppy,"[""skate"", ""emo"", ""subculture"", ""style""]",93,true,false,true,"[""knitting"", ""style"", ""subculture""]"
959,rquakleyqm,skater,"[""painting"", ""style""]",83,true,false,true,"[""emo"", ""cooking""]"
960,cpetleyqn,hippie,"[""gardening"", ""series"", ""emo""]",23,false,false,true,"[""traveling"", ""music"", ""anime""]"
961,amougenelqo,cumbiero,"[""gardening"", ""subculture""]",45,true,false,false,"[""birdwatching"", ""subculture""]"
962,mlampelqp,skater,"[""gardening"", ""series""]",56,false,false,false,"[""music"", ""movies"", ""yoga""]"
963,cdeblingqq,rolinga,"[""photography"", ""alone""]",91,false,false,false,"[""music"", ""knitting""]"
964,rbrabenderqr,gotica,"[""reading"", ""knitting"", ""subculture"", ""birdwatching""]",76,true,false,true,"[""series"", ""birdwatching"", ""music""]"
965,bhymasqs,metalero,"[""cooking"", ""adolescente""]",37,false,false,false,"[""skate"", ""cooking""]"
966,adecourcyqt,punk,"[""style"", ""anime"", ""reading""]",49,false,false,false,"[""painting"", ""music"", ""skate""]"
967,sduellqu,skater,"[""alone"", ""birdwatching"", ""photography""]",51,false,false,true,"[""gardening"", ""adolescente"", ""anime"", ""hiking""]"
968,ahalseqv,metalero,"[""photography"", ""style"", ""cooking"", ""knitting""]",56,false,false,true,"[""adolescente"", ""subculture"", ""movies"", ""skate""]"
969,dburdisqw,emo-boy,"[""painting"", ""subculture""]",87,false,false,true,"[""photography"", ""painting"", ""adolescente""]"
970,dfuenteqx,emo-boy,"[""yoga"", ""adolescente"", ""reading"", ""traveling""]",99,false,false,false,"[""subculture"", ""series""]"
971,sgawneqy,rolinga,"[""subculture"", ""gardening""]",94,false,false,false,"[""traveling"", ""style""]"
972,omccleanqz,gotica,"[""knitting"", ""yoga"", ""series"", ""hiking""]",44,false,false,false,"[""gardening"", ""yoga"", ""knitting"", ""emo""]"
973,rlorier0,flogger,"[""emo"", ""anime""]",96,false,false,false,"[""knitting"", ""birdwatching""]"
974,hbromfieldr1,skater,"[""birdwatching"", ""subculture"", ""anime""]",30,false,false,false,"[""skate"", ""music""]"
975,gfarrinr2,flogger-girl,"[""reading"", ""photography"", ""anime""]",94,false,false,false,"[""knitting"", ""style"", ""anime""]"
976,cparkerr3,flogger,"[""skate"", ""painting"", ""alone"", ""gardening""]",34,false,false,true,"[""subculture"", ""birdwatching""]"
977,dlandegr4,gotica,"[""hiking"", ""traveling"", ""gardening""]",55,false,false,true,"[""series"", ""alone"", ""birdwatching"", ""cooking""]"
978,rburleyr5,emo-girl,"[""yoga"", ""reading"", ""movies"", ""traveling""]",82,false,false,true,"[""birdwatching"", ""photography"", ""adolescente"", ""painting""]"
979,gjeuner6,skater,"[""knitting"", ""emo"", ""hiking""]",28,false,false,false,"[""skate"", ""music"", ""movies"", ""photography""]"
980,tcoulsonr7,gotica,"[""traveling"", ""subculture""]",92,false,false,false,"[""reading"", ""painting"", ""adolescente"", ""music""]"
981,awhitehouser8,flogger-girl,"[""photography"", ""traveling"", ""music""]",42,false,false,false,"[""birdwatching"", ""subculture""]"
982,lingrahamr9,emo-boy,"[""photography"", ""series"", ""alone""]",31,true,false,true,"[""yoga"", ""painting"", ""series""]"
983,tboldrara,emo-boy,"[""photography"", ""subculture"", ""cooking""]",88,false,true,true,"[""adolescente"", ""knitting"", ""photography"", ""reading""]"
984,tdavauxrb,punk,"[""style"", ""alone"", ""cooking""]",65,true,false,false,"[""alone"", ""hiking""]"
985,ccasacciarc,emo-girl,"[""traveling"", ""emo"", ""skate"", ""yoga""]",52,false,false,false,"[""birdwatching"", ""adolescente"", ""gardening"", ""painting""]"
986,cethridgerd,metalero,"[""cooking"", ""music"", ""painting"", ""style""]",8,true,false,true,"[""emo"", ""photography"", ""birdwatching""]"
987,vcarlyonre,punk,"[""style"", ""adolescente"", ""knitting""]",9,false,false,true,"[""anime"", ""birdwatching"", ""gardening"", ""photography""]"
988,pgrishanovrf,metalero,"[""traveling"", ""skate"", ""movies"", ""series""]",10,true,false,false,"[""cooking"", ""knitting"", ""yoga"", ""alone""]"
989,rrhymesrg,rolinga,"[""alone"", ""anime""]",21,false,false,true,"[""alone"", ""music"", ""traveling"", ""painting""]"
990,ilaceyrh,flogger-girl,"[""hiking"", ""movies""]",80,false,false,false,"[""painting"", ""cooking""]"
991,wbeasleyri,preppy,"[""photography"", ""alone"", ""reading""]",43,false,false,false,"[""alone"", ""subculture""]"
992,kchevisrj,emo-boy,"[""series"", ""birdwatching"", ""yoga"", ""movies""]",88,false,false,false,"[""movies"", ""cooking"", ""anime"", ""skate""]"
993,nashleyrk,hippie,"[""style"", ""music"", ""knitting"", ""alone""]",8,false,false,true,"[""reading"", ""hiking"", ""cooking"", ""yoga""]"
994,nsteedmanrl,rolinga,"[""alone"", ""style"", ""movies"", ""knitting""]",78,false,false,true,"[""emo"", ""birdwatching"", ""alone""]"
995,lbucknerrm,flogger,"[""movies"", ""photography"", ""anime"", ""gardening""]",3,true,false,true,"[""movies"", ""adolescente"", ""style""]"
996,fallabartonrn,flogger-girl,"[""anime"", ""alone"", ""movies"", ""reading""]",9,true,false,false,"[""movies"", ""gardening""]"
997,jfrancescottiro,flogger,"[""gardening"", ""cooking"", ""reading""]",9,false,true,true,"[""reading"", ""traveling"", ""gardening""]"
998,chuginrp,flogger-girl,"[""subculture"", ""gardening"", ""series""]",15,false,false,true,"[""knitting"", ""music""]"
999,fpragnallrq,cumbiero,"[""traveling"", ""anime"", ""photography"", ""movies""]",88,false,false,false,"[""birdwatching"", ""emo"", ""anime"", ""movies""]"
1000,bfleemanrr,rolinga,"[""yoga"", ""style""]",59,false,false,false,"[""painting"", ""movies"", ""skate"", ""subculture""]"
1001,basker0,cumbiero,"[""knitting"", ""movies""]",90,false,false,false,"[""emo"", ""skate""]"
1002,whawket1,preppy,"[""traveling"", ""yoga"", ""photography""]",66,false,false,false,"[""hiking"", ""series""]"
1003,dhancox2,hippie,"[""series"", ""emo""]",92,true,false,true,"[""gardening"", ""series"", ""knitting""]"
1004,aworthing3,gotica,"[""gardening"", ""yoga""]",39,true,false,false,"[""traveling"", ""yoga"", ""cooking"", ""series""]"
1005,kjamieson4,rolinga,"[""movies"", ""yoga"", ""style""]",69,false,false,false,"[""yoga"", ""knitting""]"
1006,tessex5,emo-girl,"[""reading"", ""hiking""]",38,true,false,true,"[""adolescente"", ""movies"", ""cooking""]"
1007,fpinnick6,flogger-girl,"[""cooking"", ""hiking"", ""adolescente""]",56,false,false,true,"[""skate"", ""reading""]"
1008,hlathwell7,hippie,"[""alone"", ""traveling""]",5,false,false,true,"[""reading"", ""alone""]"
1009,mmccrann8,preppy,"[""hiking"", ""style""]",2,true,false,true,"[""anime"", ""style"", ""skate"", ""traveling""]"
1010,rbutte9,metalero,"[""music"", ""cooking""]",6,true,false,true,"[""hiking"", ""reading"", ""cooking""]"
1011,igillioa,cumbiero,"[""cooking"", ""birdwatching"", ""style""]",97,false,false,false,"[""cooking"", ""skate"", ""yoga""]"
1012,dstandageb,cumbiero,"[""anime"", ""yoga"", ""reading""]",47,false,false,false,"[""series"", ""knitting"", ""hiking"", ""reading""]"
1013,rtellessonc,flogger-girl,"[""reading"", ""cooking""]",70,false,false,false,"[""birdwatching"", ""cooking"", ""hiking""]"
1014,caxelld,cumbiero,"[""knitting"", ""traveling"", ""painting"", ""cooking""]",71,false,false,true,"[""series"", ""movies"", ""knitting""]"
1015,vgrimstone,emo-boy,"[""cooking"", ""photography"", ""anime""]",45,false,false,false,"[""alone"", ""yoga""]"
1016,dburnhardf,rolinga,"[""skate"", ""style""]",94,false,false,false,"[""subculture"", ""traveling"", ""alone"", ""emo""]"
1017,khowatg,emo-boy,"[""skate"", ""movies"", ""gardening""]",19,false,false,true,"[""emo"", ""style"", ""photography"", ""hiking""]"
1018,sheadfordh,punk,"[""adolescente"", ""hiking""]",24,false,false,false,"[""gardening"", ""subculture"", ""style""]"
1019,vfitzharrisi,skater,"[""anime"", ""hiking"", ""alone"", ""series""]",17,false,false,false,"[""style"", ""yoga""]"
1020,tkasmanj,punk,"[""cooking"", ""music""]",67,false,false,true,"[""style"", ""painting""]"
1021,afortunk,hippie,"[""painting"", ""yoga"", ""gardening""]",24,false,false,true,"[""birdwatching"", ""photography"", ""emo""]"
1022,pdronsfieldl,rolinga,"[""alone"", ""reading"", ""cooking""]",3,false,false,true,"[""emo"", ""style"", ""hiking"", ""yoga""]"
1023,gchittockm,punk,"[""music"", ""traveling""]",80,false,false,false,"[""subculture"", ""hiking""]"
1024,ylowmann,hippie,"[""hiking"", ""emo""]",51,false,false,false,"[""yoga"", ""traveling""]"
1025,bgoaneo,preppy,"[""yoga"", ""movies"", ""hiking"", ""gardening""]",50,false,false,true,"[""alone"", ""style""]"
1026,lnisetp,emo-boy,"[""subculture"", ""style""]",100,false,false,false,"[""emo"", ""knitting"", ""yoga""]"
1027,lroobottomq,emo-boy,"[""yoga"", ""skate""]",1,true,false,true,"[""music"", ""knitting"", ""birdwatching"", ""series""]"
1028,sdudgeonr,preppy,"[""knitting"", ""anime"", ""style""]",96,false,false,true,"[""style"", ""anime""]"
1029,cattiwills,flogger-girl,"[""hiking"", ""music""]",0,false,false,true,"[""alone"", ""anime""]"
1030,jkelleghert,flogger,"[""traveling"", ""movies"", ""yoga"", ""painting""]",98,false,false,true,"[""subculture"", ""painting"", ""birdwatching""]"
1031,tdebankeu,cumbiero,"[""cooking"", ""hiking"", ""painting"", ""gardening""]",81,false,false,false,"[""reading"", ""adolescente"", ""birdwatching"", ""skate""]"
1032,bhaslumv,hippie,"[""music"", ""reading""]",87,true,false,true,"[""hiking"", ""knitting"", ""subculture""]"
1033,bphairw,hippie,"[""yoga"", ""painting""]",21,true,false,false,"[""emo"", ""knitting""]"
1034,ngrelikx,emo-girl,"[""skate"", ""traveling""]",92,false,false,true,"[""photography"", ""emo"", ""anime"", ""skate""]"
1035,akuberay,metalero,"[""alone"", ""yoga"", ""style"", ""knitting""]",37,true,false,false,"[""birdwatching"", ""gardening"", ""hiking""]"
1036,vgregorez,emo-boy,"[""traveling"", ""knitting""]",36,false,false,false,"[""reading"", ""yoga"", ""adolescente""]"
1037,ebimrose10,punk,"[""birdwatching"", ""traveling"", ""adolescente"", ""alone""]",53,true,false,true,"[""cooking"", ""alone""]"
1038,kalbert11,punk,"[""knitting"", ""yoga"", ""series"", ""photography""]",93,false,false,true,"[""traveling"", ""music"", ""anime""]"
1039,dcolquhoun12,rolinga,"[""painting"", ""alone"", ""style""]",17,false,false,false,"[""birdwatching"", ""gardening""]"
1040,nchess13,emo-girl,"[""style"", ""birdwatching""]",2,false,false,false,"[""skate"", ""alone""]"
1041,dkennerley14,gotica,"[""movies"", ""alone"", ""skate""]",21,false,false,true,"[""anime"", ""subculture"", ""painting"", ""movies""]"
1042,tsmedmore15,preppy,"[""birdwatching"", ""anime""]",85,false,false,false,"[""series"", ""subculture"", ""skate"", ""style""]"
1043,wmonshall16,hippie,"[""subculture"", ""hiking"", ""anime""]",23,false,false,false,"[""emo"", ""subculture"", ""photography"", ""birdwatching""]"
1044,fbeacon17,skater,"[""reading"", ""painting""]",61,false,false,false,"[""adolescente"", ""subculture"", ""gardening""]"
1045,ahorstead18,flogger-girl,"[""photography"", ""traveling""]",2,false,false,true,"[""series"", ""traveling""]"
1046,vderoos19,cumbiero,"[""adolescente"", ""subculture""]",96,false,false,false,"[""cooking"", ""series"", ""photography"", ""hiking""]"
1047,gillingsworth1a,emo-girl,"[""music"", ""traveling"", ""painting"", ""knitting""]",1,false,false,true,"[""style"", ""hiking""]"
1048,wgilliard1b,cumbiero,"[""movies"", ""style"", ""gardening""]",68,false,false,true,"[""skate"", ""alone"", ""anime"", ""yoga""]"
1049,nskevington1c,preppy,"[""anime"", ""hiking""]",84,false,false,false,"[""hiking"", ""skate"", ""painting"", ""alone""]"
1050,istive1d,rolinga,"[""hiking"", ""alone"", ""traveling""]",14,true,false,true,"[""adolescente"", ""emo""]"
1051,mleborgne1e,gotica,"[""yoga"", ""subculture""]",24,true,false,false,"[""emo"", ""cooking"", ""photography""]"
1052,hpreskett1f,hippie,"[""hiking"", ""reading""]",34,false,false,true,"[""knitting"", ""alone""]"
1053,nmaidens1g,punk,"[""cooking"", ""skate""]",20,false,false,false,"[""series"", ""style""]"
1054,nlethlay1h,gotica,"[""emo"", ""music"", ""birdwatching""]",75,false,false,false,"[""adolescente"", ""movies"", ""emo"", ""gardening""]"
1055,rcallan1i,preppy,"[""photography"", ""movies""]",62,false,false,true,"[""reading"", ""painting""]"
1056,sbatsford1j,skater,"[""music"", ""hiking""]",89,false,false,true,"[""gardening"", ""painting""]"
1057,wsmithson1k,gotica,"[""anime"", ""cooking"", ""traveling""]",35,true,false,false,"[""traveling"", ""skate"", ""hiking""]"
1058,tthewys1l,preppy,"[""birdwatching"", ""skate"", ""anime""]",61,false,false,false,"[""music"", ""emo"", ""gardening"", ""reading""]"
1059,cmcevoy1m,cumbiero,"[""traveling"", ""adolescente""]",64,false,false,false,"[""painting"", ""series"", ""subculture"", ""alone""]"
1060,cdarbon1n,rolinga,"[""alone"", ""music"", ""anime""]",5,false,false,true,"[""yoga"", ""series"", ""photography"", ""music""]"
1061,rwaterworth1o,metalero,"[""painting"", ""knitting"", ""cooking"", ""birdwatching""]",11,false,false,false,"[""series"", ""cooking"", ""style""]"
1062,tredmell1p,hippie,"[""subculture"", ""painting"", ""birdwatching""]",78,false,false,false,"[""emo"", ""painting"", ""birdwatching"", ""knitting""]"
1063,yivey1q,rolinga,"[""birdwatching"", ""cooking"", ""gardening""]",32,false,false,true,"[""knitting"", ""photography"", ""adolescente""]"
1064,wharbisher1r,punk,"[""reading"", ""gardening""]",22,true,false,false,"[""style"", ""yoga"", ""reading"", ""anime""]"
1065,smccaskell1s,rolinga,"[""anime"", ""traveling""]",91,false,false,true,"[""music"", ""anime"", ""hiking"", ""photography""]"
1066,cgreenig1t,preppy,"[""emo"", ""music"", ""subculture"", ""movies""]",62,false,true,true,"[""style"", ""subculture"", ""reading"", ""emo""]"
1067,aperett1u,preppy,"[""emo"", ""style"", ""subculture"", ""yoga""]",80,true,true,false,"[""subculture"", ""style""]"
1068,naleksashin1v,gotica,"[""subculture"", ""painting"", ""traveling"", ""gardening""]",37,false,false,false,"[""alone"", ""birdwatching"", ""reading"", ""gardening""]"
1069,jferron1w,punk,"[""traveling"", ""anime"", ""skate""]",79,true,false,true,"[""reading"", ""cooking""]"
1070,eshegog1x,hippie,"[""movies"", ""adolescente""]",25,true,false,false,"[""yoga"", ""reading""]"
1071,ehowford1y,hippie,"[""hiking"", ""music"", ""emo""]",14,false,true,true,"[""gardening"", ""hiking"", ""series"", ""birdwatching""]"
1072,geton1z,emo-boy,"[""series"", ""emo"", ""gardening""]",39,false,false,true,"[""birdwatching"", ""reading"", ""movies""]"
1073,aluckham20,cumbiero,"[""alone"", ""birdwatching""]",82,false,false,true,"[""anime"", ""birdwatching"", ""cooking"", ""hiking""]"
1074,bdevoiels21,emo-girl,"[""painting"", ""knitting"", ""adolescente"", ""anime""]",78,false,false,false,"[""style"", ""movies""]"
1075,apeascod22,flogger-girl,"[""skate"", ""traveling"", ""subculture""]",71,false,false,true,"[""knitting"", ""reading"", ""alone"", ""adolescente""]"
1076,ibabin23,punk,"[""adolescente"", ""alone"", ""gardening""]",43,false,false,true,"[""anime"", ""photography"", ""knitting"", ""hiking""]"
1077,djelf24,metalero,"[""subculture"", ""photography"", ""series"", ""gardening""]",61,false,false,false,"[""style"", ""painting"", ""movies"", ""music""]"
1078,lhumphery25,skater,"[""birdwatching"", ""movies""]",19,false,false,true,"[""emo"", ""skate""]"
1079,dhardeman26,rolinga,"[""style"", ""series"", ""painting"", ""birdwatching""]",83,false,false,false,"[""skate"", ""music""]"
1080,lcoit27,emo-girl,"[""gardening"", ""traveling""]",6,true,false,false,"[""style"", ""movies""]"
1081,arapier28,flogger-girl,"[""skate"", ""adolescente""]",42,false,false,false,"[""yoga"", ""skate"", ""series"", ""cooking""]"
1082,rhalston29,emo-girl,"[""cooking"", ""emo"", ""painting"", ""hiking""]",5,false,false,false,"[""series"", ""alone"", ""birdwatching""]"
1083,eleprovest2a,metalero,"[""movies"", ""skate"", ""hiking""]",74,false,false,true,"[""music"", ""knitting"", ""adolescente"", ""emo""]"
1084,dbinfield2b,metalero,"[""alone"", ""gardening"", ""music"", ""knitting""]",9,false,false,true,"[""subculture"", ""series"", ""photography""]"
1085,jfrancescoccio2c,emo-girl,"[""hiking"", ""subculture""]",94,false,false,false,"[""gardening"", ""style"", ""subculture"", ""alone""]"
1086,rreames2d,gotica,"[""skate"", ""alone""]",83,false,false,true,"[""traveling"", ""movies""]"
1087,tthunnercliffe2e,gotica,"[""yoga"", ""subculture""]",38,false,false,false,"[""style"", ""yoga"", ""emo""]"
1088,rklulisek2f,skater,"[""anime"", ""photography"", ""adolescente""]",52,false,false,true,"[""gardening"", ""reading"", ""traveling"", ""painting""]"
1089,apetry2g,metalero,"[""emo"", ""alone"", ""reading"", ""yoga""]",72,true,false,true,"[""style"", ""yoga"", ""emo"", ""knitting""]"
1090,cashforth2h,cumbiero,"[""reading"", ""style"", ""skate""]",71,true,false,false,"[""alone"", ""photography"", ""traveling""]"
1091,hericsson2i,rolinga,"[""emo"", ""gardening"", ""adolescente""]",55,false,false,true,"[""gardening"", ""birdwatching""]"
1092,ianderson2j,flogger-girl,"[""alone"", ""skate"", ""birdwatching""]",80,true,false,false,"[""gardening"", ""painting"", ""traveling""]"
1093,tpedley2k,flogger,"[""traveling"", ""cooking"", ""painting""]",29,false,false,true,"[""reading"", ""movies""]"
1094,kfitzhenry2l,metalero,"[""movies"", ""anime"", ""reading"", ""emo""]",38,false,false,false,"[""yoga"", ""photography"", ""reading"", ""hiking""]"
1095,igrumley2m,gotica,"[""adolescente"", ""emo"", ""alone""]",38,true,false,false,"[""alone"", ""yoga"", ""photography"", ""reading""]"
1096,aleil2n,flogger,"[""cooking"", ""painting"", ""style""]",96,false,false,true,"[""painting"", ""hiking"", ""skate"", ""gardening""]"
1097,dpiburn2o,flogger-girl,"[""photography"", ""subculture"", ""knitting""]",11,false,false,true,"[""cooking"", ""photography"", ""reading""]"
1098,dstratiff2p,metalero,"[""birdwatching"", ""reading""]",40,false,false,true,"[""cooking"", ""birdwatching"", ""movies""]"
1099,bchansonne2q,gotica,"[""cooking"", ""painting""]",100,false,false,false,"[""reading"", ""photography"", ""alone"", ""painting""]"
1100,adobbs2r,metalero,"[""birdwatching"", ""cooking"", ""anime"", ""alone""]",30,false,false,true,"[""traveling"", ""subculture""]"
1101,lpharrow2s,hippie,"[""birdwatching"", ""painting"", ""emo""]",14,false,true,false,"[""movies"", ""alone"", ""adolescente""]"
1102,nskoof2t,punk,"[""alone"", ""movies"", ""hiking"", ""yoga""]",9,false,false,true,"[""cooking"", ""birdwatching"", ""alone""]"
1103,rmalkin2u,emo-boy,"[""gardening"", ""cooking"", ""photography"", ""knitting""]",2,false,false,true,"[""painting"", ""skate""]"
1104,flondors2v,cumbiero,"[""photography"", ""yoga""]",15,false,false,false,"[""birdwatching"", ""photography"", ""skate""]"
1105,mclixby2w,flogger,"[""movies"", ""birdwatching"", ""cooking""]",32,false,false,false,"[""yoga"", ""series"", ""reading"", ""anime""]"
1106,bweedenburg2x,rolinga,"[""cooking"", ""yoga""]",20,false,false,false,"[""music"", ""yoga"", ""cooking"", ""gardening""]"
1107,mcrook2y,emo-girl,"[""photography"", ""hiking"", ""skate""]",98,false,false,true,"[""birdwatching"", ""gardening"", ""photography"", ""subculture""]"
1108,hsebire2z,preppy,"[""birdwatching"", ""adolescente"", ""reading"", ""skate""]",34,false,false,false,"[""hiking"", ""gardening""]"
1109,kflowerden30,metalero,"[""anime"", ""movies"", ""adolescente"", ""photography""]",87,false,false,true,"[""photography"", ""yoga""]"
1110,jstapells31,skater,"[""yoga"", ""birdwatching"", ""music""]",53,false,false,true,"[""knitting"", ""yoga"", ""birdwatching""]"
1111,lrodrigues32,gotica,"[""alone"", ""hiking"", ""knitting"", ""photography""]",80,false,false,true,"[""skate"", ""movies""]"
1112,echaplin33,cumbiero,"[""subculture"", ""knitting"", ""adolescente"", ""music""]",72,false,false,true,"[""reading"", ""series"", ""subculture"", ""painting""]"
1113,dselland34,cumbiero,"[""photography"", ""anime"", ""gardening""]",40,false,false,false,"[""cooking"", ""music"", ""adolescente"", ""traveling""]"
1114,knorthedge35,flogger-girl,"[""gardening"", ""music"", ""painting""]",7,true,false,true,"[""emo"", ""anime""]"
1115,bgaye36,flogger-girl,"[""anime"", ""birdwatching"", ""painting"", ""adolescente""]",9,true,false,false,"[""knitting"", ""emo"", ""cooking""]"
1116,lpostins37,preppy,"[""traveling"", ""knitting"", ""skate"", ""music""]",94,false,true,true,"[""adolescente"", ""emo"", ""birdwatching""]"
1117,dlebbon38,flogger,"[""traveling"", ""yoga"", ""gardening"", ""subculture""]",33,false,false,true,"[""alone"", ""skate"", ""series"", ""birdwatching""]"
1118,ghenkens39,preppy,"[""emo"", ""hiking""]",92,true,false,false,"[""emo"", ""skate"", ""hiking"", ""birdwatching""]"
1119,aledington3a,flogger-girl,"[""cooking"", ""movies""]",70,false,false,false,"[""birdwatching"", ""painting"", ""skate"", ""subculture""]"
1120,smccathy3b,flogger-girl,"[""traveling"", ""series""]",15,false,false,false,"[""painting"", ""adolescente""]"
1121,bhaughin3c,punk,"[""photography"", ""birdwatching"", ""traveling""]",78,false,false,true,"[""reading"", ""alone"", ""skate"", ""gardening""]"
1122,wshillum3d,emo-girl,"[""photography"", ""traveling"", ""yoga"", ""reading""]",53,false,false,true,"[""anime"", ""cooking"", ""emo"", ""painting""]"
1123,bkullmann3e,emo-boy,"[""adolescente"", ""photography""]",15,false,false,false,"[""series"", ""painting"", ""style""]"
1124,fvallack3f,punk,"[""photography"", ""gardening""]",19,false,false,true,"[""reading"", ""gardening"", ""anime""]"
1125,agoodnow3g,punk,"[""skate"", ""hiking"", ""traveling"", ""yoga""]",87,false,false,true,"[""emo"", ""reading""]"
1126,dsilman3h,cumbiero,"[""series"", ""emo""]",76,false,false,false,"[""hiking"", ""adolescente"", ""series"", ""music""]"
1127,cropert3i,hippie,"[""birdwatching"", ""movies"", ""knitting"", ""anime""]",89,false,false,true,"[""photography"", ""style"", ""adolescente"", ""knitting""]"
1128,gmaruska3j,skater,"[""yoga"", ""emo"", ""adolescente"", ""photography""]",73,false,false,true,"[""birdwatching"", ""yoga"", ""gardening""]"
1129,gpraundl3k,rolinga,"[""movies"", ""gardening"", ""photography""]",53,true,false,false,"[""skate"", ""music""]"
1130,ematthaus3l,emo-boy,"[""yoga"", ""gardening""]",23,true,false,false,"[""photography"", ""cooking""]"
1131,vboxhill3m,metalero,"[""adolescente"", ""photography"", ""anime""]",38,false,false,true,"[""emo"", ""anime"", ""style""]"
1132,cblackmoor3n,flogger,"[""photography"", ""adolescente"", ""subculture""]",1,false,false,false,"[""gardening"", ""style"", ""reading""]"
1133,dbollands3o,emo-boy,"[""subculture"", ""music""]",39,false,false,false,"[""photography"", ""skate"", ""knitting""]"
1134,mjanicijevic3p,punk,"[""cooking"", ""gardening""]",59,false,false,false,"[""cooking"", ""style""]"
1135,adalston3q,emo-girl,"[""knitting"", ""gardening"", ""skate""]",96,true,false,false,"[""anime"", ""series""]"
1136,sladbrooke3r,hippie,"[""subculture"", ""anime"", ""series""]",31,true,false,true,"[""knitting"", ""painting"", ""emo""]"
1137,fkeppie3s,emo-girl,"[""birdwatching"", ""movies"", ""hiking"", ""gardening""]",16,false,false,false,"[""adolescente"", ""style""]"
1138,ktuckerman3t,hippie,"[""reading"", ""yoga"", ""series""]",67,false,true,false,"[""knitting"", ""alone""]"
1139,swaddington3u,rolinga,"[""knitting"", ""music"", ""adolescente""]",10,false,false,true,"[""painting"", ""emo"", ""series"", ""adolescente""]"
1140,bcritchell3v,metalero,"[""anime"", ""birdwatching"", ""series""]",27,false,false,false,"[""photography"", ""movies"", ""birdwatching""]"
1141,cverrills3w,hippie,"[""birdwatching"", ""anime"", ""music"", ""style""]",43,false,false,true,"[""yoga"", ""music""]"
1142,ftoohey3x,emo-girl,"[""knitting"", ""cooking""]",56,false,false,true,"[""alone"", ""reading"", ""style""]"
1143,gbozier3y,hippie,"[""alone"", ""reading"", ""knitting"", ""painting""]",54,false,false,false,"[""birdwatching"", ""photography"", ""movies"", ""emo""]"
1144,nprecious3z,metalero,"[""hiking"", ""traveling"", ""alone"", ""skate""]",97,false,true,true,"[""birdwatching"", ""painting"", ""adolescente""]"
1145,ctatnell40,flogger-girl,"[""alone"", ""reading"", ""traveling"", ""series""]",83,false,false,false,"[""movies"", ""series""]"
1146,erowe41,skater,"[""series"", ""reading"", ""painting""]",24,false,false,true,"[""birdwatching"", ""adolescente""]"
1147,epeachman42,flogger,"[""birdwatching"", ""movies"", ""photography""]",51,false,false,true,"[""movies"", ""photography"", ""adolescente"", ""alone""]"
1148,jsirey43,cumbiero,"[""music"", ""skate""]",51,false,false,false,"[""reading"", ""adolescente""]"
1149,nbalsellie44,punk,"[""birdwatching"", ""movies""]",74,false,false,true,"[""reading"", ""traveling"", ""painting""]"
1150,gcruess45,rolinga,"[""birdwatching"", ""reading""]",66,false,false,false,"[""cooking"", ""emo"", ""series""]"
1151,aschwaiger46,hippie,"[""style"", ""adolescente"", ""alone"", ""birdwatching""]",31,false,false,true,"[""subculture"", ""birdwatching""]"
1152,ngunn47,metalero,"[""subculture"", ""hiking"", ""adolescente""]",65,false,false,true,"[""series"", ""skate"", ""style"", ""gardening""]"
1153,gputtnam48,flogger-girl,"[""birdwatching"", ""painting"", ""music""]",100,true,false,false,"[""reading"", ""music"", ""skate""]"
1154,rdevonside49,rolinga,"[""traveling"", ""music"", ""subculture""]",45,false,false,false,"[""anime"", ""cooking"", ""painting""]"
1155,csayre4a,cumbiero,"[""adolescente"", ""series""]",27,false,false,true,"[""birdwatching"", ""alone"", ""painting""]"
1156,jheinsen4b,preppy,"[""traveling"", ""skate"", ""series"", ""cooking""]",70,false,false,false,"[""gardening"", ""birdwatching"", ""emo""]"
1157,brubinsaft4c,skater,"[""music"", ""skate"", ""alone"", ""cooking""]",49,false,false,true,"[""photography"", ""alone"", ""gardening"", ""birdwatching""]"
1158,kcroxford4d,rolinga,"[""painting"", ""knitting""]",86,false,false,false,"[""cooking"", ""hiking"", ""alone"", ""reading""]"
1159,lhoffner4e,preppy,"[""birdwatching"", ""skate""]",74,false,false,true,"[""traveling"", ""anime"", ""knitting""]"
1160,bharby4f,skater,"[""adolescente"", ""style""]",88,false,false,true,"[""painting"", ""emo"", ""series""]"
1161,nmowday4g,emo-boy,"[""emo"", ""skate"", ""hiking"", ""painting""]",92,false,false,false,"[""painting"", ""subculture""]"
1162,gdurham4h,flogger-girl,"[""emo"", ""knitting"", ""photography"", ""cooking""]",19,false,false,false,"[""subculture"", ""gardening""]"
1163,sstrand4i,emo-girl,"[""cooking"", ""subculture""]",78,false,false,true,"[""subculture"", ""painting"", ""anime""]"
1164,npechet4j,emo-boy,"[""skate"", ""birdwatching"", ""knitting""]",14,false,true,true,"[""photography"", ""subculture"", ""cooking"", ""birdwatching""]"
1165,jjullian4k,punk,"[""anime"", ""gardening""]",63,false,false,false,"[""hiking"", ""style"", ""skate"", ""movies""]"
1166,acolqueran4l,metalero,"[""skate"", ""photography"", ""cooking"", ""subculture""]",7,false,false,false,"[""traveling"", ""photography"", ""emo""]"
1167,pgilluley4m,gotica,"[""yoga"", ""anime""]",52,false,false,false,"[""adolescente"", ""photography""]"
1168,mping4n,gotica,"[""reading"", ""style""]",71,false,false,false,"[""subculture"", ""anime"", ""emo"", ""alone""]"
1169,slockton4o,skater,"[""series"", ""photography"", ""hiking""]",94,true,false,true,"[""yoga"", ""reading""]"
1170,lblaase4p,cumbiero,"[""alone"", ""traveling"", ""movies""]",85,false,false,false,"[""movies"", ""reading"", ""skate""]"
1171,cmutch4q,gotica,"[""skate"", ""painting""]",58,false,false,false,"[""knitting"", ""cooking"", ""traveling""]"
1172,cgentsch4r,flogger-girl,"[""music"", ""photography"", ""birdwatching""]",64,true,false,true,"[""series"", ""gardening"", ""adolescente""]"
1173,thaville4s,metalero,"[""reading"", ""style""]",54,false,false,true,"[""skate"", ""hiking"", ""alone""]"
1174,wdavio4t,rolinga,"[""knitting"", ""birdwatching""]",32,false,false,true,"[""gardening"", ""hiking"", ""adolescente"", ""birdwatching""]"
1175,ewelberry4u,punk,"[""painting"", ""alone""]",96,false,false,true,"[""cooking"", ""alone""]"
1176,mtatem4v,emo-boy,"[""birdwatching"", ""cooking"", ""subculture"", ""style""]",91,false,false,true,"[""anime"", ""adolescente""]"
1177,jsimmill4w,rolinga,"[""yoga"", ""reading"", ""traveling"", ""gardening""]",68,false,false,true,"[""yoga"", ""movies""]"
1178,aantcliff4x,rolinga,"[""reading"", ""cooking""]",38,false,false,true,"[""alone"", ""music""]"
1179,jcolliber4y,flogger,"[""photography"", ""alone"", ""painting"", ""birdwatching""]",26,false,false,true,"[""music"", ""adolescente"", ""birdwatching""]"
1180,pfirk4z,metalero,"[""skate"", ""knitting"", ""birdwatching""]",24,false,false,true,"[""yoga"", ""movies"", ""adolescente"", ""alone""]"
1181,jharcase50,preppy,"[""cooking"", ""emo"", ""adolescente"", ""reading""]",89,true,false,true,"[""traveling"", ""style""]"
1182,ngrinvalds51,metalero,"[""painting"", ""birdwatching"", ""music"", ""hiking""]",95,true,false,true,"[""knitting"", ""photography"", ""yoga""]"
1183,mkemm52,hippie,"[""gardening"", ""traveling"", ""subculture"", ""music""]",81,true,false,false,"[""subculture"", ""photography"", ""yoga""]"
1184,gginsie53,emo-girl,"[""style"", ""yoga"", ""hiking"", ""painting""]",2,false,false,false,"[""anime"", ""reading""]"
1185,cmacgorley54,metalero,"[""music"", ""gardening"", ""photography""]",44,false,false,true,"[""knitting"", ""birdwatching""]"
1186,opietzner55,punk,"[""photography"", ""emo"", ""hiking"", ""painting""]",71,false,false,false,"[""yoga"", ""anime"", ""painting""]"
1187,dmurkin56,cumbiero,"[""subculture"", ""movies""]",92,false,false,false,"[""skate"", ""birdwatching"", ""series"", ""subculture""]"
1188,agrouen57,preppy,"[""painting"", ""anime"", ""alone"", ""traveling""]",91,false,false,true,"[""traveling"", ""style""]"
1189,respy58,hippie,"[""yoga"", ""photography""]",51,false,false,false,"[""alone"", ""cooking""]"
1190,dkirsch59,punk,"[""painting"", ""subculture""]",14,false,false,false,"[""hiking"", ""birdwatching""]"
1191,macton5a,gotica,"[""gardening"", ""movies"", ""knitting"", ""series""]",92,false,false,true,"[""adolescente"", ""painting"", ""music""]"
1192,fdurran5b,flogger,"[""music"", ""reading"", ""adolescente"", ""hiking""]",18,true,false,false,"[""adolescente"", ""reading""]"
1193,omarriot5c,hippie,"[""adolescente"", ""cooking"", ""knitting""]",97,false,false,true,"[""anime"", ""music"", ""reading""]"
1194,otrassler5d,flogger,"[""birdwatching"", ""knitting"", ""photography"", ""alone""]",98,false,false,false,"[""alone"", ""yoga"", ""knitting"", ""anime""]"
1195,rnewcomen5e,skater,"[""adolescente"", ""birdwatching""]",77,false,false,false,"[""hiking"", ""birdwatching""]"
1196,tleamon5f,emo-boy,"[""reading"", ""painting""]",34,false,false,true,"[""subculture"", ""movies""]"
1197,kgadson5g,flogger,"[""alone"", ""series"", ""yoga""]",0,false,false,true,"[""series"", ""subculture"", ""anime"", ""knitting""]"
1198,vquant5h,emo-girl,"[""music"", ""painting""]",55,false,false,true,"[""knitting"", ""gardening"", ""subculture"", ""cooking""]"
1199,ttabbernor5i,preppy,"[""anime"", ""painting"", ""knitting""]",7,false,false,false,"[""style"", ""yoga"", ""photography""]"
1200,rmaccrae5j,skater,"[""traveling"", ""painting""]",61,false,false,false,"[""traveling"", ""subculture"", ""skate""]"
1201,drubrow5k,cumbiero,"[""style"", ""skate"", ""subculture"", ""birdwatching""]",7,false,false,false,"[""cooking"", ""style"", ""emo""]"
1202,pselborne5l,flogger-girl,"[""anime"", ""birdwatching""]",35,false,false,false,"[""birdwatching"", ""subculture"", ""adolescente"", ""traveling""]"
1203,gkondratyuk5m,emo-boy,"[""alone"", ""knitting"", ""style"", ""birdwatching""]",45,true,false,true,"[""subculture"", ""photography"", ""birdwatching"", ""emo""]"
1204,ccornhill5n,emo-girl,"[""cooking"", ""adolescente"", ""traveling""]",10,false,false,true,"[""movies"", ""reading"", ""hiking"", ""alone""]"
1205,mjurkowski5o,skater,"[""reading"", ""music"", ""alone"", ""knitting""]",58,false,false,false,"[""hiking"", ""knitting"", ""cooking""]"
1206,aearpe5p,flogger-girl,"[""alone"", ""gardening"", ""reading"", ""emo""]",87,false,false,false,"[""gardening"", ""style""]"
1207,mpinner5q,punk,"[""anime"", ""photography"", ""alone"", ""birdwatching""]",73,false,true,false,"[""series"", ""music""]"
1208,bbradnum5r,emo-girl,"[""painting"", ""knitting"", ""yoga"", ""emo""]",23,false,false,false,"[""music"", ""traveling""]"
1209,wsextone5s,preppy,"[""traveling"", ""cooking"", ""knitting"", ""painting""]",12,false,false,true,"[""painting"", ""anime"", ""hiking""]"
1210,cchadd5t,preppy,"[""hiking"", ""music"", ""photography""]",38,false,false,false,"[""photography"", ""music""]"
1211,mflavelle5u,metalero,"[""anime"", ""subculture""]",10,false,false,true,"[""anime"", ""music"", ""subculture"", ""skate""]"
1212,mbateup5v,preppy,"[""emo"", ""alone"", ""yoga""]",68,true,false,false,"[""alone"", ""emo""]"
1213,ddoxsey5w,emo-girl,"[""skate"", ""movies"", ""knitting"", ""adolescente""]",25,false,false,true,"[""gardening"", ""birdwatching"", ""reading""]"
1214,dferro5x,emo-boy,"[""birdwatching"", ""adolescente""]",88,false,false,true,"[""traveling"", ""anime"", ""gardening""]"
1215,tcandie5y,emo-boy,"[""birdwatching"", ""emo"", ""traveling""]",65,false,false,false,"[""alone"", ""subculture""]"
1216,mbateman5z,flogger,"[""emo"", ""hiking""]",75,true,false,true,"[""series"", ""reading""]"
1217,kcrudge60,flogger,"[""skate"", ""knitting""]",47,false,false,false,"[""photography"", ""hiking"", ""birdwatching""]"
1218,kmckeachie61,skater,"[""alone"", ""knitting"", ""skate""]",51,true,false,false,"[""yoga"", ""painting"", ""anime"", ""music""]"
1219,ecrunkhorn62,flogger,"[""yoga"", ""gardening""]",91,false,false,true,"[""knitting"", ""anime"", ""hiking""]"
1220,bmedcraft63,gotica,"[""hiking"", ""painting"", ""style"", ""cooking""]",77,false,false,false,"[""cooking"", ""traveling""]"
1221,cneles64,flogger-girl,"[""cooking"", ""series""]",57,false,false,true,"[""cooking"", ""style""]"
1222,mpaffley65,hippie,"[""movies"", ""subculture"", ""hiking"", ""reading""]",13,false,false,true,"[""painting"", ""knitting""]"
1223,tjewess66,emo-girl,"[""painting"", ""style"", ""subculture""]",58,false,false,true,"[""music"", ""alone"", ""birdwatching"", ""photography""]"
1224,pmoxley67,rolinga,"[""alone"", ""knitting"", ""painting"", ""gardening""]",46,true,false,true,"[""yoga"", ""traveling""]"
1225,felkin68,rolinga,"[""hiking"", ""alone"", ""adolescente"", ""traveling""]",23,false,false,false,"[""music"", ""photography"", ""subculture""]"
1226,swoller69,preppy,"[""skate"", ""knitting""]",4,false,false,false,"[""subculture"", ""music""]"
1227,weasum6a,emo-girl,"[""gardening"", ""knitting"", ""style"", ""reading""]",89,false,false,false,"[""gardening"", ""style""]"
1228,tjewitt6b,emo-boy,"[""series"", ""anime"", ""knitting"", ""photography""]",49,true,false,true,"[""alone"", ""painting""]"
1229,otucker6c,flogger,"[""hiking"", ""series""]",24,true,false,true,"[""adolescente"", ""photography""]"
1230,oaberkirder6d,punk,"[""painting"", ""yoga"", ""adolescente"", ""subculture""]",83,false,false,true,"[""movies"", ""knitting"", ""alone""]"
1231,nsomner6e,flogger,"[""yoga"", ""subculture"", ""reading"", ""hiking""]",60,false,false,false,"[""traveling"", ""knitting""]"
1232,mscroyton6f,rolinga,"[""gardening"", ""movies"", ""cooking"", ""adolescente""]",32,false,false,true,"[""adolescente"", ""emo"", ""painting"", ""traveling""]"
1233,wcotterill6g,hippie,"[""style"", ""alone"", ""traveling""]",91,false,false,false,"[""music"", ""cooking"", ""style""]"
1234,alevet6h,rolinga,"[""skate"", ""traveling""]",74,false,false,false,"[""knitting"", ""adolescente""]"
1235,kkiefer6i,flogger-girl,"[""birdwatching"", ""cooking""]",40,false,false,true,"[""photography"", ""birdwatching"", ""movies""]"
1236,twombwell6j,flogger,"[""skate"", ""adolescente"", ""knitting""]",22,false,false,true,"[""knitting"", ""subculture"", ""yoga""]"
1237,rdoyly6k,cumbiero,"[""movies"", ""reading"", ""music""]",75,true,false,true,"[""subculture"", ""birdwatching"", ""yoga"", ""cooking""]"
1238,mpumfrett6l,preppy,"[""cooking"", ""painting""]",34,true,false,false,"[""style"", ""yoga""]"
1239,dlutz6m,preppy,"[""reading"", ""adolescente"", ""gardening"", ""style""]",6,false,false,false,"[""hiking"", ""skate"", ""traveling"", ""anime""]"
1240,jphelp6n,hippie,"[""photography"", ""subculture"", ""traveling"", ""reading""]",31,true,false,false,"[""reading"", ""yoga"", ""skate"", ""series""]"
1241,ahiorn6o,preppy,"[""hiking"", ""knitting"", ""traveling""]",0,false,false,true,"[""hiking"", ""series""]"
1242,ckaes6p,skater,"[""reading"", ""hiking"", ""adolescente""]",100,false,false,false,"[""cooking"", ""yoga"", ""hiking""]"
1243,sbickerstaffe6q,cumbiero,"[""skate"", ""gardening""]",42,false,false,true,"[""style"", ""series"", ""gardening"", ""painting""]"
1244,eakred6r,preppy,"[""cooking"", ""adolescente"", ""series"", ""knitting""]",13,false,false,false,"[""skate"", ""painting"", ""reading"", ""anime""]"
1245,kugolotti6s,metalero,"[""subculture"", ""yoga""]",78,true,false,false,"[""emo"", ""anime""]"
1246,ldyers6t,emo-girl,"[""cooking"", ""birdwatching""]",13,false,false,false,"[""hiking"", ""knitting""]"
1247,hadolfsen6u,cumbiero,"[""music"", ""skate"", ""alone""]",15,false,false,false,"[""emo"", ""music""]"
1248,lcharity6v,gotica,"[""movies"", ""traveling""]",40,false,false,false,"[""traveling"", ""series"", ""yoga"", ""hiking""]"
1249,bcoldicott6w,emo-boy,"[""music"", ""cooking"", ""knitting""]",43,false,false,true,"[""birdwatching"", ""gardening"", ""knitting"", ""subculture""]"
1250,bnetley6x,flogger-girl,"[""traveling"", ""style""]",54,false,false,true,"[""skate"", ""photography""]"
1251,pbriztman6y,punk,"[""knitting"", ""yoga"", ""painting"", ""birdwatching""]",78,false,false,true,"[""adolescente"", ""subculture"", ""series"", ""photography""]"
1252,ymckeown6z,emo-boy,"[""birdwatching"", ""anime"", ""adolescente"", ""skate""]",17,true,false,true,"[""knitting"", ""traveling"", ""skate""]"
1253,amcgorley70,gotica,"[""cooking"", ""emo""]",30,true,false,false,"[""music"", ""knitting"", ""reading""]"
1254,seade71,rolinga,"[""alone"", ""emo"", ""style""]",69,false,false,false,"[""emo"", ""adolescente""]"
1255,dhabert72,cumbiero,"[""hiking"", ""painting""]",34,false,false,true,"[""skate"", ""music""]"
1256,lbrimley73,flogger-girl,"[""adolescente"", ""photography"", ""hiking"", ""birdwatching""]",77,false,false,true,"[""skate"", ""reading"", ""gardening"", ""anime""]"
1257,cbiddwell74,flogger-girl,"[""reading"", ""alone"", ""emo"", ""cooking""]",34,false,false,false,"[""gardening"", ""reading""]"
1258,cmenaul75,emo-boy,"[""skate"", ""emo"", ""style""]",30,false,false,false,"[""cooking"", ""skate""]"
1259,fmeneghelli76,emo-boy,"[""movies"", ""adolescente""]",89,false,false,true,"[""photography"", ""emo"", ""music""]"
1260,nbabe77,flogger-girl,"[""painting"", ""yoga"", ""anime"", ""skate""]",91,false,false,true,"[""movies"", ""gardening"", ""subculture"", ""cooking""]"
1261,lchamberlain78,gotica,"[""adolescente"", ""style"", ""emo"", ""traveling""]",40,true,false,true,"[""music"", ""emo"", ""movies""]"
1262,gabatelli79,preppy,"[""hiking"", ""yoga"", ""style"", ""gardening""]",82,true,false,false,"[""hiking"", ""skate"", ""subculture"", ""traveling""]"
1263,ktailour7a,rolinga,"[""movies"", ""reading"", ""gardening"", ""knitting""]",15,false,false,false,"[""anime"", ""skate""]"
1264,edeeks7b,hippie,"[""movies"", ""painting""]",38,true,false,false,"[""series"", ""painting"", ""anime""]"
1265,fcamilleri7c,emo-girl,"[""yoga"", ""adolescente"", ""subculture"", ""anime""]",13,false,false,false,"[""reading"", ""yoga"", ""painting""]"
1266,sosselton7d,cumbiero,"[""cooking"", ""birdwatching"", ""skate"", ""adolescente""]",48,false,false,true,"[""movies"", ""traveling""]"
1267,mrolingson7e,cumbiero,"[""emo"", ""knitting"", ""skate"", ""anime""]",49,false,false,false,"[""painting"", ""traveling"", ""movies"", ""emo""]"
1268,mpavett7f,flogger,"[""emo"", ""photography"", ""music"", ""anime""]",53,false,false,false,"[""birdwatching"", ""adolescente"", ""music"", ""emo""]"
1269,jwix7g,preppy,"[""birdwatching"", ""painting"", ""skate""]",30,false,false,true,"[""hiking"", ""series"", ""adolescente""]"
1270,rmclukie7h,skater,"[""birdwatching"", ""music"", ""movies""]",0,false,false,true,"[""series"", ""subculture"", ""hiking"", ""emo""]"
1271,mbeswell7i,flogger,"[""hiking"", ""alone"", ""photography""]",56,false,false,true,"[""gardening"", ""photography""]"
1272,prenac7j,rolinga,"[""traveling"", ""subculture"", ""photography""]",28,false,false,true,"[""emo"", ""subculture""]"
1273,ctrowsdall7k,flogger-girl,"[""style"", ""emo"", ""knitting"", ""hiking""]",87,false,false,true,"[""style"", ""skate"", ""series"", ""gardening""]"
1274,jstillgoe7l,emo-girl,"[""adolescente"", ""style"", ""reading"", ""movies""]",86,false,false,false,"[""series"", ""knitting"", ""painting""]"
1275,glandell7m,flogger-girl,"[""emo"", ""cooking""]",65,false,false,true,"[""emo"", ""music"", ""anime""]"
1276,nkirk7n,cumbiero,"[""reading"", ""alone"", ""skate"", ""gardening""]",34,false,true,true,"[""yoga"", ""reading""]"
1277,clandrick7o,flogger,"[""skate"", ""gardening""]",74,false,false,true,"[""skate"", ""hiking"", ""subculture"", ""photography""]"
1278,dbiskupiak7p,rolinga,"[""anime"", ""adolescente"", ""photography"", ""reading""]",97,false,false,false,"[""emo"", ""photography"", ""series""]"
1279,tlove7q,gotica,"[""yoga"", ""birdwatching"", ""adolescente"", ""knitting""]",15,false,false,true,"[""gardening"", ""movies"", ""alone"", ""birdwatching""]"
1280,krendbaek7r,gotica,"[""style"", ""adolescente""]",34,false,false,false,"[""movies"", ""skate"", ""gardening"", ""emo""]"
1281,teggleson7s,flogger-girl,"[""anime"", ""cooking"", ""style"", ""reading""]",23,false,false,false,"[""traveling"", ""birdwatching""]"
1282,drourke7t,punk,"[""reading"", ""skate""]",23,false,false,false,"[""music"", ""style"", ""emo"", ""birdwatching""]"
1283,jpoynser7u,emo-boy,"[""photography"", ""hiking"", ""movies"", ""cooking""]",16,false,false,true,"[""music"", ""series"", ""hiking""]"
1284,tsurgen7v,emo-girl,"[""cooking"", ""gardening"", ""hiking"", ""series""]",94,false,false,false,"[""adolescente"", ""subculture""]"
1285,wduiged7w,flogger-girl,"[""subculture"", ""reading""]",65,false,false,true,"[""skate"", ""traveling"", ""birdwatching""]"
1286,acorsham7x,gotica,"[""music"", ""adolescente"", ""anime""]",77,true,false,true,"[""skate"", ""yoga"", ""reading"", ""style""]"
1287,eronan7y,preppy,"[""photography"", ""subculture"", ""alone""]",49,false,false,true,"[""subculture"", ""cooking"", ""emo""]"
1288,hbarltrop7z,preppy,"[""movies"", ""alone"", ""reading""]",14,false,false,true,"[""alone"", ""anime"", ""emo"", ""music""]"
1289,tnaisbet80,flogger-girl,"[""subculture"", ""movies""]",6,false,false,false,"[""painting"", ""adolescente"", ""photography"", ""subculture""]"
1290,cklammt81,emo-girl,"[""emo"", ""cooking""]",80,false,false,false,"[""photography"", ""yoga"", ""alone"", ""skate""]"
1291,cdun82,flogger-girl,"[""cooking"", ""series"", ""birdwatching"", ""hiking""]",20,false,false,true,"[""series"", ""traveling"", ""music""]"
1292,ydomini83,emo-boy,"[""birdwatching"", ""painting""]",23,false,false,true,"[""alone"", ""gardening"", ""yoga""]"
1293,spratty84,gotica,"[""movies"", ""photography""]",53,true,false,true,"[""birdwatching"", ""emo"", ""subculture""]"
1294,mmcnuff85,emo-boy,"[""skate"", ""subculture""]",24,false,false,true,"[""emo"", ""series"", ""skate""]"
1295,hbloggett86,emo-boy,"[""emo"", ""traveling"", ""knitting"", ""series""]",93,false,false,true,"[""emo"", ""series"", ""anime"", ""alone""]"
1296,abroggini87,preppy,"[""birdwatching"", ""music"", ""yoga"", ""series""]",45,false,false,true,"[""birdwatching"", ""movies"", ""traveling"", ""music""]"
1297,arait88,hippie,"[""cooking"", ""reading"", ""hiking""]",58,false,false,true,"[""movies"", ""skate""]"
1298,lmercik89,skater,"[""alone"", ""series"", ""style""]",98,true,false,true,"[""reading"", ""hiking"", ""movies"", ""anime""]"
1299,lhabbema8a,skater,"[""reading"", ""painting"", ""movies""]",39,false,false,true,"[""hiking"", ""reading"", ""yoga""]"
1300,rleheude8b,skater,"[""knitting"", ""photography"", ""anime"", ""yoga""]",76,false,false,true,"[""knitting"", ""birdwatching"", ""anime""]"
1301,dbidder8c,metalero,"[""knitting"", ""series"", ""anime""]",28,false,false,false,"[""style"", ""yoga"", ""subculture""]"
1302,gbushrod8d,emo-girl,"[""gardening"", ""traveling"", ""adolescente"", ""reading""]",84,false,false,false,"[""yoga"", ""alone""]"
1303,jstilldale8e,rolinga,"[""emo"", ""subculture"", ""photography""]",100,false,false,false,"[""subculture"", ""knitting"", ""reading"", ""emo""]"
1304,ohare8f,emo-boy,"[""knitting"", ""adolescente"", ""emo"", ""alone""]",52,false,false,true,"[""traveling"", ""knitting"", ""reading""]"
1305,cbathoe8g,flogger,"[""alone"", ""reading"", ""adolescente""]",31,false,false,false,"[""reading"", ""adolescente"", ""music"", ""hiking""]"
1306,rmathew8h,emo-boy,"[""yoga"", ""emo"", ""series""]",54,false,false,false,"[""subculture"", ""emo"", ""yoga""]"
1307,abrinklow8i,punk,"[""subculture"", ""birdwatching"", ""emo"", ""yoga""]",95,false,false,true,"[""music"", ""painting""]"
1308,ltaffley8j,cumbiero,"[""traveling"", ""movies""]",46,false,false,false,"[""movies"", ""emo"", ""hiking"", ""photography""]"
1309,kwheildon8k,gotica,"[""anime"", ""hiking"", ""series""]",56,false,false,true,"[""emo"", ""gardening"", ""series""]"
1310,bschade8l,flogger,"[""music"", ""anime"", ""traveling"", ""series""]",91,false,false,false,"[""yoga"", ""alone""]"
1311,jramsay8m,preppy,"[""cooking"", ""series"", ""subculture""]",79,false,false,true,"[""subculture"", ""cooking"", ""yoga"", ""music""]"
1312,hcaesmans8n,gotica,"[""style"", ""movies"", ""emo""]",85,false,false,false,"[""style"", ""music""]"
1313,cwhillock8o,gotica,"[""movies"", ""yoga"", ""birdwatching""]",58,false,false,false,"[""emo"", ""cooking"", ""birdwatching""]"
1314,ehassent8p,emo-girl,"[""traveling"", ""reading"", ""knitting""]",94,true,false,true,"[""skate"", ""cooking"", ""hiking""]"
1315,fkitcatt8q,metalero,"[""photography"", ""skate""]",54,false,false,true,"[""emo"", ""traveling""]"
1316,tbenoit8r,cumbiero,"[""yoga"", ""adolescente""]",44,false,false,true,"[""traveling"", ""photography""]"
1317,losirin8s,flogger-girl,"[""photography"", ""style""]",11,false,false,false,"[""reading"", ""music"", ""cooking""]"
1318,mduding8t,rolinga,"[""knitting"", ""photography"", ""painting"", ""skate""]",47,false,false,false,"[""subculture"", ""knitting"", ""painting""]"
1319,dmarston8u,flogger,"[""gardening"", ""music"", ""alone""]",19,true,false,true,"[""gardening"", ""alone"", ""hiking"", ""adolescente""]"
1320,rmanz8v,emo-boy,"[""birdwatching"", ""subculture"", ""emo""]",67,false,false,false,"[""reading"", ""traveling"", ""adolescente"", ""birdwatching""]"
1321,lmccroft8w,cumbiero,"[""birdwatching"", ""traveling""]",50,true,false,true,"[""series"", ""birdwatching""]"
1322,llittledyke8x,emo-boy,"[""skate"", ""gardening"", ""hiking"", ""series""]",9,true,false,false,"[""cooking"", ""subculture"", ""hiking"", ""series""]"
1323,mwonfor8y,punk,"[""photography"", ""subculture"", ""music""]",75,false,false,false,"[""painting"", ""photography"", ""subculture""]"
1324,pstyan8z,punk,"[""hiking"", ""series""]",34,false,false,true,"[""movies"", ""anime"", ""skate""]"
1325,sdudhill90,rolinga,"[""yoga"", ""knitting"", ""reading"", ""traveling""]",10,true,false,false,"[""knitting"", ""music"", ""painting""]"
1326,gsydney91,gotica,"[""emo"", ""adolescente""]",76,true,false,false,"[""gardening"", ""series"", ""skate""]"
1327,nmeeks92,gotica,"[""knitting"", ""cooking"", ""gardening""]",85,false,false,true,"[""cooking"", ""music""]"
1328,sfavell93,gotica,"[""style"", ""music"", ""gardening"", ""adolescente""]",49,false,false,true,"[""series"", ""adolescente"", ""style""]"
1329,sksandra94,hippie,"[""traveling"", ""painting""]",70,false,false,false,"[""movies"", ""hiking"", ""alone"", ""photography""]"
1330,mgrosier95,rolinga,"[""series"", ""photography""]",63,false,false,true,"[""anime"", ""skate"", ""knitting"", ""gardening""]"
1331,nhillatt96,preppy,"[""emo"", ""yoga"", ""adolescente""]",5,false,false,false,"[""birdwatching"", ""photography""]"
1332,gschafer97,preppy,"[""hiking"", ""anime"", ""alone""]",75,false,false,true,"[""adolescente"", ""anime"", ""yoga"", ""movies""]"
1333,charsent98,flogger,"[""movies"", ""skate"", ""yoga"", ""series""]",82,false,false,true,"[""adolescente"", ""birdwatching""]"
1334,jchomiszewski99,skater,"[""style"", ""anime""]",54,false,false,false,"[""yoga"", ""birdwatching""]"
1335,ggrishmanov9a,punk,"[""music"", ""skate""]",37,false,false,false,"[""alone"", ""emo"", ""skate"", ""knitting""]"
1336,sbackman9b,gotica,"[""anime"", ""traveling""]",69,false,false,false,"[""painting"", ""style"", ""skate"", ""birdwatching""]"
1337,gbruhnsen9c,flogger,"[""traveling"", ""photography"", ""emo"", ""cooking""]",64,false,false,true,"[""anime"", ""gardening""]"
1338,hferries9d,flogger,"[""yoga"", ""emo"", ""style"", ""series""]",75,true,false,false,"[""photography"", ""movies"", ""style""]"
1339,emuddiman9e,gotica,"[""traveling"", ""painting"", ""yoga"", ""birdwatching""]",26,false,false,true,"[""music"", ""adolescente"", ""painting""]"
1340,hmurtagh9f,flogger-girl,"[""reading"", ""anime"", ""hiking"", ""cooking""]",34,false,false,false,"[""cooking"", ""movies"", ""yoga"", ""adolescente""]"
1341,wdedman9g,skater,"[""style"", ""photography"", ""series"", ""birdwatching""]",78,false,false,false,"[""hiking"", ""gardening"", ""adolescente""]"
1342,gjanecki9h,gotica,"[""skate"", ""movies""]",33,false,false,false,"[""traveling"", ""emo"", ""movies""]"
1343,cfiske9i,skater,"[""gardening"", ""skate"", ""music""]",52,false,false,true,"[""music"", ""traveling"", ""anime"", ""gardening""]"
1344,aproven9j,hippie,"[""series"", ""adolescente""]",56,true,false,false,"[""birdwatching"", ""adolescente""]"
1345,tyeoland9k,preppy,"[""cooking"", ""gardening"", ""anime"", ""painting""]",88,false,false,true,"[""skate"", ""photography"", ""music""]"
1346,dairton9l,rolinga,"[""subculture"", ""gardening"", ""alone""]",9,false,false,false,"[""photography"", ""gardening"", ""alone""]"
1347,slorenzetto9m,cumbiero,"[""style"", ""knitting""]",65,false,false,false,"[""alone"", ""style"", ""knitting""]"
1348,rdeeth9n,gotica,"[""cooking"", ""series"", ""skate""]",14,false,false,true,"[""music"", ""alone"", ""photography"", ""subculture""]"
1349,jjeckell9o,preppy,"[""traveling"", ""series"", ""photography""]",86,false,false,true,"[""reading"", ""traveling""]"
1350,sspeek9p,emo-boy,"[""anime"", ""yoga"", ""emo"", ""style""]",28,false,false,false,"[""gardening"", ""adolescente"", ""birdwatching""]"
1351,fchurchard9q,hippie,"[""reading"", ""alone""]",29,false,false,false,"[""adolescente"", ""yoga""]"
1352,ledser9r,preppy,"[""birdwatching"", ""emo""]",82,false,false,true,"[""music"", ""cooking"", ""movies"", ""adolescente""]"
1353,jjeenes9s,punk,"[""series"", ""emo"", ""hiking""]",64,true,false,true,"[""photography"", ""skate"", ""birdwatching""]"
1354,gbroster9t,hippie,"[""movies"", ""music"", ""knitting"", ""anime""]",75,true,false,false,"[""photography"", ""series""]"
1355,ltitterell9u,skater,"[""emo"", ""gardening"", ""reading""]",92,false,false,false,"[""style"", ""anime"", ""cooking""]"
1356,ngallamore9v,preppy,"[""series"", ""photography"", ""skate"", ""reading""]",63,false,false,true,"[""cooking"", ""reading"", ""knitting""]"
1357,rhows9w,skater,"[""knitting"", ""adolescente""]",87,false,false,false,"[""subculture"", ""birdwatching"", ""reading"", ""style""]"
1358,atollady9x,rolinga,"[""gardening"", ""yoga"", ""series""]",80,false,false,false,"[""alone"", ""subculture"", ""yoga"", ""photography""]"
1359,astoyell9y,hippie,"[""photography"", ""traveling"", ""reading""]",20,false,false,false,"[""hiking"", ""anime"", ""emo""]"
1360,egillow9z,emo-boy,"[""subculture"", ""photography"", ""gardening"", ""knitting""]",28,false,false,false,"[""knitting"", ""subculture"", ""cooking""]"
1361,hblaisdalea0,emo-girl,"[""series"", ""music"", ""photography""]",80,false,false,false,"[""movies"", ""knitting""]"
1362,bkondratowicza1,gotica,"[""yoga"", ""subculture"", ""adolescente"", ""knitting""]",12,false,false,true,"[""emo"", ""knitting"", ""reading"", ""alone""]"
1363,bkovnota2,cumbiero,"[""music"", ""anime"", ""movies"", ""traveling""]",95,true,true,true,"[""adolescente"", ""birdwatching""]"
1364,sdensuna3,skater,"[""gardening"", ""alone"", ""emo""]",88,true,false,true,"[""photography"", ""series""]"
1365,adwelleya4,emo-girl,"[""traveling"", ""cooking"", ""emo""]",81,false,false,true,"[""painting"", ""subculture"", ""knitting""]"
1366,csmootea5,emo-boy,"[""music"", ""gardening"", ""emo""]",92,false,false,true,"[""subculture"", ""cooking"", ""skate"", ""painting""]"
1367,dmcpikea6,flogger,"[""series"", ""gardening"", ""alone""]",19,false,false,false,"[""painting"", ""adolescente""]"
1368,hsamesa7,skater,"[""painting"", ""emo"", ""adolescente""]",10,false,false,true,"[""subculture"", ""reading"", ""adolescente"", ""birdwatching""]"
1369,btolertona8,rolinga,"[""series"", ""knitting"", ""birdwatching"", ""photography""]",68,false,false,false,"[""gardening"", ""birdwatching"", ""movies""]"
1370,tquilliama9,cumbiero,"[""skate"", ""movies""]",47,false,false,true,"[""subculture"", ""painting"", ""photography""]"
1371,dduleyaa,cumbiero,"[""style"", ""movies""]",5,false,false,true,"[""traveling"", ""style"", ""adolescente"", ""hiking""]"
1372,kmcmichaelab,punk,"[""subculture"", ""traveling"", ""movies"", ""alone""]",40,false,false,true,"[""skate"", ""yoga"", ""series""]"
1373,jmillerac,metalero,"[""emo"", ""reading""]",94,false,false,false,"[""reading"", ""painting""]"
1374,nlampaertad,punk,"[""music"", ""yoga""]",35,false,false,false,"[""adolescente"", ""painting"", ""alone"", ""cooking""]"
1375,kdeanesyae,cumbiero,"[""photography"", ""adolescente""]",65,false,false,false,"[""cooking"", ""knitting""]"
1376,kmuzziaf,flogger-girl,"[""painting"", ""emo""]",64,false,false,false,"[""emo"", ""gardening""]"
1377,hmosconag,gotica,"[""birdwatching"", ""cooking""]",43,false,false,false,"[""knitting"", ""music"", ""style"", ""movies""]"
1378,vstruisah,skater,"[""subculture"", ""music""]",18,false,false,true,"[""knitting"", ""music""]"
1379,mmoultrieai,skater,"[""birdwatching"", ""gardening"", ""music"", ""emo""]",36,false,false,true,"[""series"", ""reading"", ""adolescente"", ""subculture""]"
1380,hmermanaj,punk,"[""photography"", ""anime""]",50,false,false,true,"[""traveling"", ""movies""]"
1381,mflockhartak,hippie,"[""yoga"", ""reading"", ""painting""]",82,true,false,false,"[""alone"", ""emo"", ""painting"", ""yoga""]"
1382,mdiplockal,rolinga,"[""painting"", ""traveling""]",28,true,false,true,"[""music"", ""photography"", ""alone"", ""emo""]"
1383,rgossageam,flogger,"[""hiking"", ""alone"", ""style"", ""music""]",3,false,false,true,"[""reading"", ""series"", ""traveling"", ""subculture""]"
1384,sjankowskian,emo-boy,"[""gardening"", ""series"", ""skate"", ""knitting""]",70,false,false,false,"[""subculture"", ""skate"", ""alone"", ""series""]"
1385,arubenczykao,preppy,"[""adolescente"", ""hiking"", ""music""]",13,false,false,true,"[""yoga"", ""hiking""]"
1386,lfeakinsap,flogger-girl,"[""music"", ""skate"", ""adolescente"", ""yoga""]",4,true,false,true,"[""music"", ""subculture""]"
1387,rdunphyaq,preppy,"[""subculture"", ""emo""]",91,true,false,false,"[""style"", ""painting"", ""knitting"", ""subculture""]"
1388,mwalderar,punk,"[""painting"", ""movies"", ""music"", ""series""]",25,false,false,true,"[""photography"", ""subculture"", ""anime"", ""series""]"
1389,cjealousas,gotica,"[""photography"", ""hiking"", ""cooking""]",48,false,false,true,"[""yoga"", ""subculture"", ""music""]"
1390,dhuleattat,rolinga,"[""reading"", ""movies"", ""yoga""]",54,false,false,false,"[""subculture"", ""birdwatching""]"
1391,blabordeau,skater,"[""cooking"", ""adolescente"", ""emo""]",17,true,false,false,"[""adolescente"", ""style""]"
1392,janthonsenav,preppy,"[""gardening"", ""style"", ""adolescente""]",9,false,false,true,"[""photography"", ""subculture""]"
1393,aroakeaw,metalero,"[""movies"", ""knitting""]",12,false,false,true,"[""traveling"", ""yoga"", ""cooking"", ""hiking""]"
1394,crichtax,hippie,"[""adolescente"", ""series""]",65,false,false,true,"[""reading"", ""emo""]"
1395,hghirigoriay,cumbiero,"[""traveling"", ""painting""]",57,false,false,true,"[""skate"", ""hiking"", ""gardening"", ""subculture""]"
1396,fschroteraz,hippie,"[""birdwatching"", ""gardening"", ""skate""]",76,false,false,true,"[""gardening"", ""yoga""]"
1397,djenkb0,rolinga,"[""movies"", ""series""]",28,false,false,false,"[""anime"", ""adolescente""]"
1398,ccarlesb1,rolinga,"[""skate"", ""birdwatching"", ""emo""]",93,false,false,true,"[""gardening"", ""reading"", ""knitting"", ""cooking""]"
1399,jbarfordb2,emo-girl,"[""movies"", ""skate"", ""cooking"", ""yoga""]",62,false,false,false,"[""painting"", ""skate"", ""series""]"
1400,mticehurstb3,gotica,"[""painting"", ""traveling"", ""music"", ""cooking""]",58,true,false,true,"[""reading"", ""photography"", ""hiking""]"
1401,jristb4,flogger-girl,"[""photography"", ""skate"", ""yoga""]",50,false,false,true,"[""emo"", ""music""]"
1402,jjeffrayb5,flogger,"[""birdwatching"", ""emo"", ""photography""]",16,false,false,false,"[""yoga"", ""traveling"", ""knitting"", ""subculture""]"
1403,mswanb6,emo-boy,"[""photography"", ""traveling"", ""reading"", ""subculture""]",64,false,false,true,"[""traveling"", ""yoga"", ""cooking"", ""music""]"
1404,elernihanb7,flogger,"[""skate"", ""photography""]",58,true,true,false,"[""cooking"", ""gardening"", ""photography"", ""series""]"
1405,ejakubovitchb8,emo-boy,"[""birdwatching"", ""emo"", ""movies""]",52,false,false,true,"[""anime"", ""painting"", ""alone""]"
1406,kmanceb9,skater,"[""subculture"", ""knitting"", ""yoga""]",38,false,false,true,"[""style"", ""hiking""]"
1407,cmollerba,metalero,"[""anime"", ""reading""]",88,false,false,false,"[""alone"", ""birdwatching"", ""skate"", ""cooking""]"
1408,hextilbb,emo-boy,"[""yoga"", ""music"", ""anime"", ""knitting""]",7,false,false,true,"[""subculture"", ""gardening"", ""series"", ""painting""]"
1409,pgivenbc,emo-girl,"[""music"", ""emo""]",98,false,false,false,"[""cooking"", ""style"", ""emo""]"
1410,mbinningbd,punk,"[""gardening"", ""cooking"", ""emo""]",55,false,false,false,"[""series"", ""hiking""]"
1411,mnassibe,preppy,"[""subculture"", ""birdwatching""]",95,false,false,true,"[""hiking"", ""style""]"
1412,mbailliebf,emo-girl,"[""music"", ""subculture"", ""alone"", ""skate""]",0,false,false,false,"[""subculture"", ""traveling"", ""anime"", ""birdwatching""]"
1413,cmartynbg,punk,"[""anime"", ""painting""]",14,true,false,false,"[""cooking"", ""photography"", ""hiking"", ""reading""]"
1414,mcharvillebh,gotica,"[""painting"", ""subculture"", ""alone"", ""yoga""]",0,true,false,false,"[""anime"", ""subculture"", ""movies""]"
1415,pdandobi,punk,"[""series"", ""cooking"", ""movies""]",83,false,false,true,"[""knitting"", ""birdwatching""]"
1416,fsandaybj,flogger-girl,"[""cooking"", ""subculture"", ""hiking"", ""traveling""]",49,false,false,false,"[""painting"", ""skate"", ""cooking"", ""style""]"
1417,gdavydochkinbk,emo-boy,"[""anime"", ""emo"", ""traveling"", ""birdwatching""]",30,false,false,false,"[""subculture"", ""photography"", ""alone""]"
1418,gjunebl,preppy,"[""adolescente"", ""knitting"", ""anime""]",37,false,false,true,"[""adolescente"", ""hiking""]"
1419,shammerstonebm,flogger-girl,"[""photography"", ""alone"", ""skate""]",51,false,false,false,"[""subculture"", ""adolescente"", ""painting""]"
1420,kpaolettobn,punk,"[""reading"", ""painting""]",43,false,false,true,"[""knitting"", ""movies"", ""anime"", ""alone""]"
1421,fcorrobo,gotica,"[""knitting"", ""photography""]",79,false,false,false,"[""photography"", ""adolescente""]"
1422,rpavolinibp,flogger,"[""music"", ""photography""]",41,false,false,false,"[""knitting"", ""reading""]"
1423,hliftonbq,emo-boy,"[""photography"", ""traveling""]",0,false,true,false,"[""adolescente"", ""style"", ""knitting"", ""cooking""]"
1424,kbastonebr,flogger,"[""movies"", ""painting"", ""subculture"", ""cooking""]",64,false,false,false,"[""music"", ""subculture"", ""adolescente""]"
1425,cbroombs,skater,"[""style"", ""gardening""]",94,false,false,false,"[""series"", ""movies"", ""music""]"
1426,mdeancywillisbt,gotica,"[""movies"", ""traveling""]",5,false,false,false,"[""style"", ""subculture""]"
1427,dottewellbu,gotica,"[""emo"", ""cooking"", ""anime""]",83,false,false,false,"[""painting"", ""traveling""]"
1428,mtucknuttbv,flogger,"[""painting"", ""emo"", ""gardening"", ""alone""]",58,false,false,false,"[""alone"", ""style"", ""cooking""]"
1429,epinerbw,preppy,"[""series"", ""knitting""]",10,false,true,true,"[""alone"", ""photography"", ""hiking"", ""reading""]"
1430,rrobinetbx,rolinga,"[""skate"", ""emo""]",23,false,false,false,"[""gardening"", ""birdwatching"", ""traveling"", ""movies""]"
1431,rmcfadeby,emo-boy,"[""movies"", ""painting""]",29,false,false,true,"[""knitting"", ""emo"", ""music"", ""style""]"
1432,mcotthambz,flogger,"[""gardening"", ""traveling"", ""hiking""]",33,false,false,true,"[""cooking"", ""style"", ""gardening""]"
1433,ebrokenshawc0,rolinga,"[""traveling"", ""gardening""]",60,false,false,false,"[""reading"", ""photography""]"
1434,kfickenc1,cumbiero,"[""anime"", ""gardening"", ""hiking""]",7,true,false,true,"[""anime"", ""gardening""]"
1435,beklessc2,cumbiero,"[""alone"", ""birdwatching""]",12,true,false,true,"[""style"", ""traveling"", ""painting""]"
1436,msextenc3,flogger,"[""cooking"", ""hiking"", ""movies"", ""traveling""]",73,false,false,false,"[""subculture"", ""anime""]"
1437,jgoulbournc4,emo-boy,"[""subculture"", ""emo""]",83,true,false,true,"[""cooking"", ""anime""]"
1438,fdexterc5,flogger,"[""anime"", ""photography"", ""subculture""]",90,false,false,false,"[""series"", ""emo""]"
1439,abartosc6,flogger,"[""knitting"", ""subculture"", ""series""]",6,false,false,true,"[""gardening"", ""painting"", ""series""]"
1440,mchaffync7,cumbiero,"[""hiking"", ""reading"", ""knitting""]",98,false,false,true,"[""reading"", ""photography""]"
1441,hguerreruc8,gotica,"[""yoga"", ""gardening"", ""painting""]",53,false,true,false,"[""music"", ""style"", ""adolescente"", ""hiking""]"
1442,awilkisonc9,metalero,"[""yoga"", ""knitting""]",64,false,false,false,"[""subculture"", ""series"", ""hiking"", ""yoga""]"
1443,avasserca,flogger,"[""music"", ""traveling"", ""movies"", ""alone""]",74,false,false,false,"[""movies"", ""painting""]"
1444,rwymercb,skater,"[""alone"", ""yoga"", ""hiking""]",97,true,false,true,"[""birdwatching"", ""adolescente"", ""series"", ""alone""]"
1445,kherleycc,gotica,"[""cooking"", ""reading"", ""skate""]",86,false,false,true,"[""skate"", ""movies""]"
1446,mjarviecd,emo-girl,"[""skate"", ""reading""]",26,true,false,false,"[""yoga"", ""movies"", ""gardening""]"
1447,mosinince,preppy,"[""painting"", ""yoga"", ""series""]",61,false,false,false,"[""adolescente"", ""music""]"
1448,pantcliffcf,preppy,"[""photography"", ""cooking"", ""yoga""]",1,false,false,true,"[""adolescente"", ""reading""]"
1449,bmordincg,preppy,"[""skate"", ""subculture""]",26,true,false,false,"[""photography"", ""style"", ""skate""]"
1450,korsch,punk,"[""traveling"", ""alone"", ""skate"", ""subculture""]",59,false,false,true,"[""movies"", ""emo"", ""anime"", ""skate""]"
1451,bhedauci,metalero,"[""birdwatching"", ""skate"", ""anime"", ""knitting""]",56,false,false,true,"[""series"", ""alone"", ""photography""]"
1452,afaugheycj,metalero,"[""series"", ""traveling"", ""birdwatching"", ""painting""]",34,false,false,true,"[""alone"", ""anime"", ""traveling""]"
1453,dbradyck,flogger,"[""music"", ""skate""]",93,false,false,false,"[""movies"", ""subculture""]"
1454,xgobelcl,emo-boy,"[""yoga"", ""photography"", ""gardening"", ""traveling""]",98,false,false,false,"[""photography"", ""style""]"
1455,tdematteiscm,metalero,"[""series"", ""knitting"", ""photography"", ""traveling""]",14,true,false,true,"[""movies"", ""photography"", ""knitting""]"
1456,eioriocn,hippie,"[""series"", ""birdwatching"", ""yoga""]",74,false,false,true,"[""knitting"", ""skate"", ""anime"", ""traveling""]"
1457,leffemyco,skater,"[""gardening"", ""subculture""]",50,false,false,true,"[""cooking"", ""birdwatching"", ""anime"", ""knitting""]"
1458,tharbroncp,metalero,"[""yoga"", ""alone"", ""series""]",72,false,false,false,"[""painting"", ""subculture"", ""alone""]"
1459,htwedecq,hippie,"[""movies"", ""subculture"", ""reading""]",71,false,false,true,"[""gardening"", ""emo"", ""cooking""]"
1460,nfoystoncr,emo-girl,"[""painting"", ""emo"", ""alone"", ""anime""]",13,false,false,false,"[""style"", ""emo"", ""anime"", ""subculture""]"
1461,wneillanscs,flogger-girl,"[""alone"", ""birdwatching""]",48,false,false,false,"[""subculture"", ""skate"", ""knitting""]"
1462,cmcsharryct,gotica,"[""cooking"", ""reading"", ""painting""]",63,false,false,false,"[""painting"", ""subculture"", ""cooking"", ""traveling""]"
1463,mfildecu,cumbiero,"[""cooking"", ""subculture"", ""yoga""]",36,false,false,false,"[""traveling"", ""alone""]"
1464,mhalversencv,skater,"[""painting"", ""yoga"", ""reading"", ""traveling""]",71,false,false,false,"[""yoga"", ""painting"", ""gardening""]"
1465,kstarrscw,emo-girl,"[""emo"", ""traveling"", ""cooking"", ""style""]",10,true,false,false,"[""skate"", ""reading""]"
1466,bhumphriscx,metalero,"[""gardening"", ""subculture"", ""adolescente"", ""photography""]",97,false,false,false,"[""movies"", ""subculture""]"
1467,jbeekency,flogger-girl,"[""hiking"", ""painting"", ""birdwatching"", ""knitting""]",88,false,false,false,"[""movies"", ""alone""]"
1468,ksafontcz,skater,"[""subculture"", ""alone"", ""birdwatching"", ""reading""]",91,false,false,true,"[""series"", ""gardening""]"
1469,tmichelmored0,flogger,"[""anime"", ""music""]",23,false,false,true,"[""reading"", ""music"", ""subculture""]"
1470,smcgarahand1,flogger,"[""hiking"", ""anime"", ""birdwatching"", ""gardening""]",24,true,false,false,"[""reading"", ""knitting"", ""series""]"
1471,sboysond2,punk,"[""series"", ""birdwatching"", ""painting"", ""gardening""]",72,false,false,false,"[""alone"", ""music"", ""hiking"", ""painting""]"
1472,mwinkled3,hippie,"[""traveling"", ""gardening"", ""style"", ""emo""]",57,false,false,true,"[""series"", ""style"", ""birdwatching"", ""painting""]"
1473,rbernardond4,metalero,"[""alone"", ""music"", ""hiking""]",66,false,true,false,"[""emo"", ""adolescente"", ""movies""]"
1474,pmithand5,emo-girl,"[""style"", ""alone"", ""subculture"", ""series""]",75,false,false,false,"[""emo"", ""yoga"", ""hiking"", ""music""]"
1475,tparkynsd6,punk,"[""series"", ""movies""]",1,false,false,true,"[""cooking"", ""alone"", ""movies""]"
1476,rogand7,gotica,"[""reading"", ""series"", ""anime"", ""yoga""]",52,false,false,true,"[""alone"", ""style"", ""series"", ""yoga""]"
1477,acuolahand8,gotica,"[""reading"", ""painting""]",86,false,false,true,"[""reading"", ""photography"", ""traveling"", ""knitting""]"
1478,sstokeyd9,skater,"[""reading"", ""skate"", ""traveling""]",24,true,false,true,"[""gardening"", ""anime""]"
1479,piacovuccida,emo-boy,"[""adolescente"", ""photography"", ""subculture"", ""reading""]",49,false,false,false,"[""traveling"", ""emo""]"
1480,jdixdb,metalero,"[""style"", ""cooking"", ""music"", ""traveling""]",68,false,false,false,"[""style"", ""traveling"", ""alone""]"
1481,wrewcasselldc,cumbiero,"[""photography"", ""cooking"", ""birdwatching""]",17,false,false,false,"[""knitting"", ""series"", ""hiking"", ""painting""]"
1482,jbertldd,flogger,"[""emo"", ""hiking""]",46,false,false,true,"[""cooking"", ""hiking"", ""painting"", ""gardening""]"
1483,lhallworthde,flogger-girl,"[""photography"", ""knitting""]",1,false,false,true,"[""hiking"", ""cooking"", ""series""]"
1484,dtowldf,emo-boy,"[""cooking"", ""knitting"", ""painting""]",79,true,false,true,"[""music"", ""gardening""]"
1485,dgrestiedg,punk,"[""subculture"", ""traveling"", ""painting"", ""birdwatching""]",33,false,false,false,"[""yoga"", ""cooking"", ""knitting""]"
1486,rdryburghdh,cumbiero,"[""photography"", ""hiking"", ""emo""]",2,false,false,true,"[""hiking"", ""movies"", ""traveling""]"
1487,jlequesnedi,hippie,"[""knitting"", ""emo"", ""reading"", ""series""]",57,false,false,true,"[""yoga"", ""anime""]"
1488,nvogldj,rolinga,"[""painting"", ""series""]",39,true,false,true,"[""painting"", ""cooking"", ""adolescente""]"
1489,hbrucknerdk,flogger-girl,"[""photography"", ""subculture"", ""music"", ""knitting""]",31,false,false,true,"[""photography"", ""birdwatching"", ""style""]"
1490,ksalleirdl,emo-boy,"[""style"", ""traveling""]",52,false,false,true,"[""hiking"", ""painting"", ""cooking""]"
1491,ghurlindm,cumbiero,"[""movies"", ""subculture"", ""birdwatching""]",52,false,false,true,"[""cooking"", ""anime""]"
1492,shunnisettdn,skater,"[""knitting"", ""alone""]",15,false,false,true,"[""alone"", ""reading"", ""yoga"", ""music""]"
1493,amacgianydo,cumbiero,"[""reading"", ""style""]",19,false,false,false,"[""painting"", ""yoga"", ""cooking"", ""hiking""]"
1494,brobbinsdp,preppy,"[""yoga"", ""skate""]",41,false,false,true,"[""cooking"", ""birdwatching""]"
1495,lseilmanndq,metalero,"[""anime"", ""adolescente"", ""subculture"", ""photography""]",79,false,false,true,"[""anime"", ""skate"", ""music"", ""movies""]"
1496,yeglindr,emo-girl,"[""series"", ""anime"", ""gardening"", ""painting""]",37,false,false,true,"[""style"", ""anime"", ""movies""]"
1497,otapnerds,emo-boy,"[""knitting"", ""music""]",37,false,false,false,"[""cooking"", ""emo""]"
1498,kjurkiewiczdt,flogger-girl,"[""emo"", ""subculture"", ""photography""]",35,false,false,false,"[""alone"", ""gardening"", ""music""]"
1499,sbrusindu,metalero,"[""emo"", ""skate"", ""birdwatching"", ""photography""]",41,false,false,true,"[""reading"", ""skate""]"
1500,btrayesdv,hippie,"[""style"", ""emo"", ""knitting""]",42,true,false,true,"[""style"", ""emo"", ""series"", ""gardening""]"
1501,bfurmedgedw,gotica,"[""subculture"", ""emo"", ""skate"", ""gardening""]",88,false,false,true,"[""hiking"", ""style"", ""knitting"", ""alone""]"
1502,nsnalumdx,hippie,"[""traveling"", ""subculture"", ""photography"", ""emo""]",24,true,false,true,"[""birdwatching"", ""anime"", ""reading""]"
1503,nfiltnessdy,gotica,"[""series"", ""birdwatching"", ""alone""]",16,false,false,false,"[""reading"", ""birdwatching""]"
1504,rstonefewingsdz,punk,"[""photography"", ""hiking"", ""subculture"", ""emo""]",99,false,false,false,"[""adolescente"", ""cooking"", ""gardening""]"
1505,cjeannequine0,flogger,"[""adolescente"", ""style"", ""photography""]",8,false,false,false,"[""subculture"", ""gardening"", ""yoga"", ""cooking""]"
1506,mrenole1,hippie,"[""knitting"", ""birdwatching"", ""adolescente"", ""style""]",100,false,false,false,"[""anime"", ""gardening"", ""alone""]"
1507,millwelle2,cumbiero,"[""style"", ""birdwatching"", ""emo""]",81,false,false,true,"[""hiking"", ""painting"", ""movies"", ""birdwatching""]"
1508,lbaruse3,punk,"[""movies"", ""knitting"", ""skate"", ""hiking""]",35,true,true,false,"[""skate"", ""series"", ""music""]"
1509,bfloydee4,hippie,"[""traveling"", ""reading"", ""anime"", ""hiking""]",78,false,false,false,"[""emo"", ""hiking"", ""photography"", ""traveling""]"
1510,rjuleffe5,emo-girl,"[""subculture"", ""movies"", ""skate"", ""alone""]",13,true,false,true,"[""cooking"", ""movies"", ""birdwatching"", ""reading""]"
1511,bfrentze6,rolinga,"[""painting"", ""cooking"", ""series""]",9,false,false,true,"[""skate"", ""movies"", ""emo"", ""knitting""]"
1512,triordane7,metalero,"[""birdwatching"", ""emo"", ""knitting""]",6,false,false,false,"[""hiking"", ""yoga"", ""reading""]"
1513,mheigle8,emo-boy,"[""painting"", ""music""]",40,false,false,false,"[""anime"", ""movies"", ""emo"", ""style""]"
1514,jofiellye9,emo-boy,"[""subculture"", ""style"", ""hiking""]",51,false,false,true,"[""movies"", ""reading"", ""music""]"
1515,wdeanea,emo-girl,"[""gardening"", ""painting""]",90,false,false,true,"[""series"", ""knitting""]"
1516,feldoneb,gotica,"[""painting"", ""hiking"", ""music"", ""cooking""]",7,false,false,true,"[""adolescente"", ""traveling""]"
1517,rtrassec,preppy,"[""gardening"", ""anime"", ""traveling"", ""reading""]",96,false,false,false,"[""adolescente"", ""music"", ""style"", ""painting""]"
1518,mtomashoved,metalero,"[""series"", ""skate"", ""birdwatching""]",2,false,false,false,"[""reading"", ""movies""]"
1519,bblockeyee,gotica,"[""photography"", ""subculture"", ""gardening""]",2,false,false,false,"[""gardening"", ""cooking""]"
1520,nspallsef,flogger,"[""skate"", ""music""]",54,false,false,false,"[""hiking"", ""gardening""]"
1521,mfilipczynskieg,flogger-girl,"[""movies"", ""adolescente""]",15,true,false,true,"[""gardening"", ""birdwatching"", ""movies"", ""series""]"
1522,tsivyereh,skater,"[""painting"", ""emo"", ""photography"", ""subculture""]",4,true,true,false,"[""yoga"", ""traveling"", ""adolescente"", ""hiking""]"
1523,okingslandei,gotica,"[""music"", ""hiking"", ""gardening""]",76,false,false,false,"[""style"", ""cooking"", ""alone"", ""subculture""]"
1524,gipslyej,hippie,"[""adolescente"", ""gardening"", ""photography"", ""anime""]",50,true,false,true,"[""hiking"", ""skate"", ""subculture"", ""movies""]"
1525,schassonek,gotica,"[""anime"", ""gardening""]",2,false,false,true,"[""reading"", ""music"", ""photography"", ""knitting""]"
1526,ncawtherayel,skater,"[""music"", ""skate"", ""adolescente""]",60,true,false,true,"[""painting"", ""gardening"", ""subculture"", ""yoga""]"
1527,kshavelem,punk,"[""birdwatching"", ""cooking"", ""movies""]",56,false,false,false,"[""knitting"", ""adolescente""]"
1528,mmuckarten,cumbiero,"[""subculture"", ""photography"", ""cooking"", ""anime""]",91,false,false,false,"[""anime"", ""adolescente"", ""emo""]"
1529,teliassoneo,preppy,"[""painting"", ""traveling"", ""adolescente""]",87,false,false,true,"[""hiking"", ""traveling"", ""style"", ""birdwatching""]"
1530,dritelliep,preppy,"[""anime"", ""reading"", ""series""]",22,true,true,false,"[""hiking"", ""painting"", ""skate""]"
1531,vcalleyeq,preppy,"[""yoga"", ""photography"", ""anime"", ""painting""]",89,true,false,false,"[""adolescente"", ""photography"", ""movies""]"
1532,kburrer,rolinga,"[""gardening"", ""alone"", ""traveling"", ""emo""]",22,false,true,true,"[""cooking"", ""knitting""]"
1533,klockeyes,punk,"[""traveling"", ""photography""]",12,true,false,false,"[""skate"", ""anime"", ""knitting"", ""photography""]"
1534,treilingeret,preppy,"[""music"", ""adolescente"", ""hiking"", ""traveling""]",32,false,false,true,"[""style"", ""knitting"", ""adolescente"", ""music""]"
1535,rogleasaneeu,emo-girl,"[""subculture"", ""painting"", ""knitting""]",19,false,false,false,"[""series"", ""movies"", ""alone"", ""knitting""]"
1536,grogetev,gotica,"[""series"", ""style"", ""subculture"", ""gardening""]",60,false,false,true,"[""yoga"", ""knitting"", ""traveling"", ""gardening""]"
1537,vrippingew,emo-girl,"[""alone"", ""adolescente""]",71,false,false,false,"[""skate"", ""reading""]"
1538,vtremaineex,gotica,"[""birdwatching"", ""adolescente""]",14,false,false,true,"[""anime"", ""traveling"", ""style""]"
1539,aboutcherey,emo-girl,"[""subculture"", ""painting"", ""skate"", ""series""]",24,false,false,false,"[""subculture"", ""adolescente""]"
1540,fmckennanez,skater,"[""painting"", ""cooking"", ""photography""]",23,false,false,true,"[""painting"", ""reading""]"
1541,cchastneyf0,rolinga,"[""emo"", ""traveling"", ""birdwatching""]",47,false,false,false,"[""painting"", ""photography"", ""series""]"
1542,evantf1,gotica,"[""photography"", ""hiking""]",46,false,false,true,"[""series"", ""style"", ""birdwatching""]"
1543,lthomessonf2,emo-boy,"[""photography"", ""skate"", ""hiking"", ""reading""]",28,false,false,false,"[""adolescente"", ""music"", ""yoga""]"
1544,gcurrumf3,preppy,"[""yoga"", ""music"", ""photography""]",69,false,false,false,"[""hiking"", ""music"", ""adolescente""]"
1545,ebondyf4,preppy,"[""subculture"", ""painting"", ""series"", ""skate""]",33,false,false,true,"[""cooking"", ""style"", ""movies""]"
1546,edupreyf5,cumbiero,"[""knitting"", ""yoga""]",49,false,false,false,"[""reading"", ""hiking"", ""series"", ""cooking""]"
1547,lfancuttf6,gotica,"[""birdwatching"", ""music"", ""style"", ""subculture""]",24,false,false,false,"[""emo"", ""adolescente"", ""music"", ""alone""]"
1548,sgradleyf7,gotica,"[""movies"", ""series"", ""skate"", ""knitting""]",37,false,false,true,"[""alone"", ""gardening"", ""painting""]"
1549,sholehousef8,skater,"[""reading"", ""movies"", ""yoga""]",61,false,false,false,"[""anime"", ""hiking"", ""birdwatching"", ""emo""]"
1550,dduryf9,gotica,"[""alone"", ""music"", ""hiking"", ""knitting""]",94,false,false,true,"[""adolescente"", ""knitting""]"
1551,gkalewefa,punk,"[""traveling"", ""alone"", ""photography"", ""style""]",22,false,true,true,"[""series"", ""gardening"", ""skate"", ""adolescente""]"
1552,ncastilljofb,flogger-girl,"[""reading"", ""anime"", ""series""]",33,false,false,false,"[""series"", ""knitting"", ""movies"", ""adolescente""]"
1553,vattenbarrowfc,rolinga,"[""traveling"", ""reading""]",16,false,false,true,"[""birdwatching"", ""painting"", ""style""]"
1554,lszepefd,cumbiero,"[""movies"", ""knitting"", ""subculture""]",1,false,false,true,"[""anime"", ""adolescente""]"
1555,jallsebrookfe,preppy,"[""subculture"", ""hiking"", ""anime""]",95,false,false,false,"[""painting"", ""birdwatching"", ""gardening""]"
1556,eneathwayff,flogger,"[""birdwatching"", ""alone""]",64,false,false,true,"[""movies"", ""traveling"", ""knitting""]"
1557,dgerriessenfg,hippie,"[""knitting"", ""gardening""]",0,false,false,false,"[""reading"", ""subculture"", ""adolescente""]"
1558,jleadbeaterfh,rolinga,"[""skate"", ""knitting"", ""reading""]",73,false,false,true,"[""anime"", ""reading"", ""adolescente"", ""yoga""]"
1559,dstollbergfi,rolinga,"[""birdwatching"", ""reading""]",13,false,false,true,"[""yoga"", ""cooking""]"
1560,kthirskfj,skater,"[""hiking"", ""cooking"", ""anime""]",22,false,false,false,"[""gardening"", ""adolescente"", ""movies""]"
1561,abehneckenfk,metalero,"[""traveling"", ""adolescente"", ""reading"", ""gardening""]",7,false,false,false,"[""painting"", ""photography"", ""skate"", ""subculture""]"
1562,leneferfl,emo-boy,"[""emo"", ""series""]",6,false,false,true,"[""painting"", ""subculture""]"
1563,vspeekfm,gotica,"[""adolescente"", ""subculture"", ""hiking"", ""yoga""]",45,true,false,false,"[""gardening"", ""cooking""]"
1564,divanshintsevfn,emo-boy,"[""birdwatching"", ""reading""]",25,true,false,true,"[""series"", ""reading""]"
1565,linglishfo,gotica,"[""birdwatching"", ""photography""]",96,false,false,true,"[""gardening"", ""music""]"
1566,tyousonfp,emo-girl,"[""subculture"", ""style"", ""traveling"", ""emo""]",28,false,false,false,"[""alone"", ""gardening"", ""photography"", ""birdwatching""]"
1567,ppaleyfq,emo-girl,"[""hiking"", ""photography""]",48,false,false,true,"[""subculture"", ""photography"", ""movies""]"
1568,kmascallfr,gotica,"[""painting"", ""emo""]",47,false,false,false,"[""emo"", ""style""]"
1569,lmalsherfs,flogger-girl,"[""gardening"", ""skate"", ""painting"", ""yoga""]",16,false,false,true,"[""music"", ""yoga""]"
1570,mdargieft,gotica,"[""cooking"", ""hiking"", ""skate"", ""painting""]",11,false,false,false,"[""hiking"", ""series""]"
1571,sdiggfu,cumbiero,"[""gardening"", ""style"", ""emo"", ""yoga""]",3,true,false,false,"[""traveling"", ""alone"", ""painting""]"
1572,mrooffv,emo-girl,"[""cooking"", ""emo""]",71,false,false,false,"[""alone"", ""traveling"", ""painting"", ""photography""]"
1573,tcattellfw,hippie,"[""yoga"", ""gardening"", ""skate"", ""style""]",32,false,false,true,"[""anime"", ""music"", ""subculture"", ""emo""]"
1574,gfranzewitchfx,skater,"[""movies"", ""style"", ""subculture""]",57,false,false,true,"[""cooking"", ""reading"", ""style""]"
1575,gcudfy,gotica,"[""adolescente"", ""subculture"", ""hiking""]",25,true,false,false,"[""reading"", ""cooking""]"
1576,rtyrwhittfz,cumbiero,"[""emo"", ""cooking""]",36,false,false,false,"[""style"", ""yoga""]"
1577,escarbarrowg0,preppy,"[""yoga"", ""anime""]",65,false,false,true,"[""traveling"", ""series"", ""style""]"
1578,cvizardg1,hippie,"[""skate"", ""movies"", ""birdwatching""]",14,false,false,false,"[""adolescente"", ""emo""]"
1579,ktattamg2,emo-girl,"[""gardening"", ""emo"", ""skate""]",32,false,false,true,"[""style"", ""skate"", ""alone""]"
1580,fdibiasiog3,preppy,"[""style"", ""gardening""]",65,false,false,false,"[""photography"", ""hiking"", ""alone""]"
1581,fverickg4,gotica,"[""alone"", ""reading"", ""subculture"", ""style""]",77,false,false,true,"[""photography"", ""hiking"", ""adolescente""]"
1582,cgodfreeg5,flogger-girl,"[""skate"", ""anime""]",28,false,false,true,"[""photography"", ""alone"", ""emo""]"
1583,thedgeleyg6,rolinga,"[""cooking"", ""hiking"", ""knitting""]",26,false,false,false,"[""alone"", ""series""]"
1584,gdimmneg7,flogger,"[""yoga"", ""movies"", ""series""]",44,false,false,true,"[""anime"", ""painting"", ""style""]"
1585,melgyg8,gotica,"[""skate"", ""hiking"", ""alone"", ""gardening""]",44,false,false,false,"[""gardening"", ""anime""]"
1586,nemblowg9,emo-boy,"[""skate"", ""subculture"", ""cooking"", ""gardening""]",86,false,false,true,"[""emo"", ""adolescente"", ""gardening"", ""yoga""]"
1587,blanpherega,gotica,"[""adolescente"", ""photography""]",93,false,false,true,"[""anime"", ""yoga"", ""reading"", ""hiking""]"
1588,sebbottsgb,emo-girl,"[""yoga"", ""knitting"", ""photography"", ""series""]",60,true,false,true,"[""traveling"", ""cooking"", ""painting"", ""style""]"
1589,jjoslingc,rolinga,"[""cooking"", ""adolescente"", ""subculture"", ""birdwatching""]",59,true,false,false,"[""birdwatching"", ""alone"", ""emo""]"
1590,jseniourgd,gotica,"[""photography"", ""anime"", ""reading""]",8,false,false,true,"[""yoga"", ""reading"", ""knitting"", ""photography""]"
1591,aclaricoatesge,emo-girl,"[""traveling"", ""style"", ""music"", ""series""]",19,false,false,false,"[""birdwatching"", ""photography"", ""hiking"", ""cooking""]"
1592,wkenefordgf,rolinga,"[""painting"", ""anime""]",0,false,false,false,"[""gardening"", ""skate"", ""painting"", ""subculture""]"
1593,rfleaygg,flogger,"[""yoga"", ""adolescente"", ""series"", ""skate""]",84,true,false,false,"[""birdwatching"", ""skate"", ""anime""]"
1594,fgandergh,metalero,"[""subculture"", ""music""]",94,false,false,false,"[""adolescente"", ""photography"", ""series"", ""knitting""]"
1595,kcolcuttgi,hippie,"[""painting"", ""hiking"", ""gardening"", ""traveling""]",5,true,false,true,"[""photography"", ""knitting"", ""painting""]"
1596,adongj,preppy,"[""traveling"", ""movies"", ""style""]",98,true,false,false,"[""cooking"", ""reading"", ""skate""]"
1597,mmarcinkowskigk,metalero,"[""birdwatching"", ""movies"", ""subculture""]",66,false,false,true,"[""yoga"", ""skate"", ""cooking"", ""emo""]"
1598,lmelledygl,emo-girl,"[""traveling"", ""anime"", ""gardening"", ""painting""]",98,false,false,true,"[""hiking"", ""painting"", ""emo"", ""birdwatching""]"
1599,eprandinigm,skater,"[""music"", ""movies"", ""cooking"", ""skate""]",15,false,false,true,"[""traveling"", ""alone""]"
1600,bharburtsongn,gotica,"[""traveling"", ""gardening""]",87,false,false,false,"[""alone"", ""knitting"", ""series""]"
1601,ndeetlefsgo,cumbiero,"[""birdwatching"", ""traveling""]",91,false,false,true,"[""style"", ""adolescente""]"
1602,scollomossegp,flogger,"[""music"", ""adolescente"", ""traveling"", ""photography""]",100,true,false,false,"[""gardening"", ""birdwatching"", ""anime""]"
1603,vphelipsgq,flogger-girl,"[""alone"", ""series""]",1,false,false,true,"[""traveling"", ""music"", ""style"", ""cooking""]"
1604,hslineygr,emo-boy,"[""traveling"", ""anime"", ""music"", ""knitting""]",92,true,false,true,"[""music"", ""movies"", ""photography""]"
1605,mmaslengs,preppy,"[""reading"", ""emo""]",40,false,false,false,"[""photography"", ""music""]"
1606,mdhooghegt,emo-boy,"[""photography"", ""series"", ""music""]",22,false,false,false,"[""style"", ""anime""]"
1607,handrissgu,emo-boy,"[""knitting"", ""series""]",54,true,false,false,"[""painting"", ""skate""]"
1608,pdoutygv,metalero,"[""traveling"", ""skate"", ""adolescente""]",37,false,false,true,"[""painting"", ""movies"", ""music""]"
1609,acawsygw,flogger,"[""style"", ""knitting"", ""music"", ""skate""]",65,true,false,true,"[""traveling"", ""gardening"", ""skate"", ""birdwatching""]"
1610,dledgardgx,flogger-girl,"[""subculture"", ""knitting"", ""yoga"", ""alone""]",100,false,false,false,"[""painting"", ""photography"", ""movies"", ""music""]"
1611,afiddymentgy,rolinga,"[""emo"", ""gardening""]",65,false,false,true,"[""hiking"", ""adolescente"", ""emo"", ""birdwatching""]"
1612,adouthwaitegz,punk,"[""knitting"", ""cooking"", ""reading""]",99,true,false,false,"[""skate"", ""knitting""]"
1613,remlenh0,skater,"[""alone"", ""anime"", ""traveling"", ""photography""]",9,false,false,false,"[""knitting"", ""alone"", ""hiking"", ""emo""]"
1614,bfihellyh1,emo-girl,"[""gardening"", ""music"", ""series""]",1,true,false,false,"[""adolescente"", ""music"", ""skate""]"
1615,mradbondh2,hippie,"[""photography"", ""painting""]",77,false,false,false,"[""style"", ""series"", ""cooking""]"
1616,kmoffath3,skater,"[""traveling"", ""painting""]",2,true,false,false,"[""alone"", ""photography"", ""gardening""]"
1617,rjoliffeh4,flogger,"[""series"", ""music"", ""traveling"", ""gardening""]",28,false,false,false,"[""traveling"", ""hiking"", ""movies"", ""painting""]"
1618,hgrzelczakh5,metalero,"[""reading"", ""hiking"", ""emo""]",54,false,false,true,"[""subculture"", ""reading"", ""birdwatching""]"
1619,jpatekh6,flogger,"[""movies"", ""cooking""]",81,true,false,false,"[""cooking"", ""music"", ""alone""]"
1620,gdugglebyh7,cumbiero,"[""reading"", ""adolescente""]",95,false,false,false,"[""style"", ""yoga""]"
1621,icowburnh8,cumbiero,"[""anime"", ""photography"", ""adolescente"", ""knitting""]",73,false,false,false,"[""painting"", ""cooking""]"
1622,mbrickellh9,emo-girl,"[""hiking"", ""birdwatching"", ""adolescente""]",73,false,false,true,"[""style"", ""cooking"", ""skate"", ""hiking""]"
1623,anancarrowha,metalero,"[""knitting"", ""gardening"", ""alone"", ""adolescente""]",61,false,false,true,"[""emo"", ""yoga"", ""subculture"", ""anime""]"
1624,cdashb,rolinga,"[""knitting"", ""movies""]",54,false,false,false,"[""subculture"", ""style"", ""birdwatching""]"
1625,hwoolacotthc,rolinga,"[""style"", ""adolescente"", ""hiking""]",54,false,false,false,"[""yoga"", ""series"", ""reading"", ""knitting""]"
1626,kbrindleyhd,punk,"[""hiking"", ""music"", ""alone"", ""skate""]",5,false,false,true,"[""painting"", ""style""]"
1627,gcoyehe,cumbiero,"[""yoga"", ""cooking""]",61,true,false,false,"[""photography"", ""birdwatching""]"
1628,vangellhf,preppy,"[""subculture"", ""style""]",0,false,false,false,"[""anime"", ""knitting"", ""subculture"", ""series""]"
1629,ewatthg,emo-girl,"[""cooking"", ""yoga"", ""painting""]",66,false,false,true,"[""style"", ""emo"", ""painting""]"
1630,wmarquethh,gotica,"[""gardening"", ""anime"", ""knitting""]",28,false,false,true,"[""series"", ""hiking"", ""music"", ""birdwatching""]"
1631,bwiddicombehi,punk,"[""style"", ""music"", ""yoga"", ""knitting""]",8,false,false,true,"[""alone"", ""reading"", ""skate""]"
1632,eharraldhj,flogger,"[""skate"", ""adolescente"", ""anime"", ""yoga""]",15,false,false,true,"[""gardening"", ""movies"", ""series""]"
1633,ekettlestringhk,metalero,"[""painting"", ""birdwatching"", ""traveling"", ""hiking""]",87,false,false,false,"[""reading"", ""gardening"", ""birdwatching"", ""adolescente""]"
1634,cmattecothl,emo-girl,"[""painting"", ""knitting"", ""alone"", ""photography""]",17,false,true,true,"[""yoga"", ""alone""]"
1635,gkirvellhm,gotica,"[""subculture"", ""cooking"", ""reading"", ""emo""]",80,false,false,true,"[""emo"", ""subculture"", ""skate"", ""movies""]"
1636,cantcliffehn,flogger,"[""music"", ""cooking"", ""anime""]",99,false,false,true,"[""subculture"", ""cooking""]"
1637,nyakovlho,emo-girl,"[""music"", ""alone"", ""series"", ""traveling""]",15,false,false,true,"[""emo"", ""reading"", ""music"", ""movies""]"
1638,dtoveyhp,emo-girl,"[""cooking"", ""painting"", ""anime""]",43,true,false,true,"[""photography"", ""adolescente""]"
1639,ckliemkehq,cumbiero,"[""gardening"", ""anime"", ""adolescente"", ""reading""]",87,false,false,false,"[""yoga"", ""series""]"
1640,sacombhr,emo-girl,"[""knitting"", ""emo"", ""adolescente""]",17,false,false,false,"[""skate"", ""yoga"", ""traveling""]"
1641,bsawtellhs,gotica,"[""birdwatching"", ""gardening""]",83,false,false,false,"[""alone"", ""painting""]"
1642,drainforthht,gotica,"[""painting"", ""skate"", ""alone""]",59,false,false,false,"[""music"", ""emo""]"
1643,aneesamhu,emo-boy,"[""subculture"", ""yoga""]",52,false,false,true,"[""gardening"", ""knitting"", ""anime"", ""photography""]"
1644,jwittshv,gotica,"[""movies"", ""painting""]",98,false,false,false,"[""yoga"", ""movies"", ""traveling""]"
1645,bdealyhw,preppy,"[""traveling"", ""photography"", ""style""]",88,false,false,true,"[""adolescente"", ""subculture""]"
1646,sannablehx,hippie,"[""birdwatching"", ""skate"", ""gardening"", ""traveling""]",89,false,false,false,"[""movies"", ""adolescente"", ""style""]"
1647,eburletonhy,flogger,"[""series"", ""traveling"", ""emo"", ""subculture""]",35,false,false,false,"[""emo"", ""photography"", ""style""]"
1648,opacehz,flogger,"[""adolescente"", ""photography""]",83,true,false,false,"[""photography"", ""painting"", ""movies"", ""birdwatching""]"
1649,fjedrysiki0,skater,"[""traveling"", ""painting"", ""music""]",33,false,false,true,"[""cooking"", ""traveling""]"
1650,tscrowstoni1,hippie,"[""hiking"", ""birdwatching""]",11,true,false,false,"[""photography"", ""series"", ""painting"", ""adolescente""]"
1651,chuardi2,punk,"[""emo"", ""yoga"", ""adolescente""]",4,true,false,false,"[""anime"", ""gardening""]"
1652,ftomaskunasi3,metalero,"[""knitting"", ""painting"", ""subculture""]",45,true,false,true,"[""subculture"", ""traveling"", ""adolescente""]"
1653,scloneyi4,metalero,"[""subculture"", ""hiking""]",8,false,false,false,"[""painting"", ""emo"", ""anime""]"
1654,aprieli5,metalero,"[""birdwatching"", ""painting""]",25,true,false,false,"[""anime"", ""cooking"", ""style""]"
1655,torpwoodi6,gotica,"[""birdwatching"", ""painting"", ""style""]",52,false,false,true,"[""painting"", ""alone"", ""subculture"", ""anime""]"
1656,dagusi7,emo-boy,"[""photography"", ""yoga"", ""adolescente"", ""style""]",28,true,false,false,"[""knitting"", ""movies"", ""adolescente""]"
1657,tcamoisi8,emo-boy,"[""skate"", ""gardening"", ""cooking""]",7,false,false,true,"[""anime"", ""photography"", ""music""]"
1658,hsandiferi9,hippie,"[""subculture"", ""alone"", ""reading""]",19,false,false,false,"[""emo"", ""music"", ""adolescente"", ""knitting""]"
1659,bwiddowsonia,skater,"[""knitting"", ""movies"", ""hiking""]",58,true,false,false,"[""cooking"", ""subculture""]"
1660,mgiblettib,gotica,"[""anime"", ""movies"", ""yoga""]",58,false,false,false,"[""painting"", ""music"", ""hiking""]"
1661,bshitliffeic,flogger,"[""style"", ""anime"", ""emo"", ""adolescente""]",92,false,false,true,"[""series"", ""style""]"
1662,dsarreid,flogger-girl,"[""adolescente"", ""music"", ""movies"", ""emo""]",87,true,false,false,"[""birdwatching"", ""subculture"", ""movies"", ""series""]"
1663,dhenningtonie,emo-girl,"[""yoga"", ""traveling""]",17,false,false,true,"[""painting"", ""anime""]"
1664,alambertif,punk,"[""reading"", ""movies"", ""skate""]",87,false,false,true,"[""reading"", ""alone"", ""movies""]"
1665,ktoffettoig,flogger-girl,"[""series"", ""hiking"", ""birdwatching""]",0,false,false,true,"[""emo"", ""movies"", ""cooking""]"
1666,ztheunissenih,punk,"[""music"", ""movies""]",83,true,false,false,"[""movies"", ""series""]"
1667,mbellewii,preppy,"[""series"", ""gardening"", ""music"", ""subculture""]",100,false,false,true,"[""anime"", ""gardening""]"
1668,danglishij,punk,"[""birdwatching"", ""skate""]",57,false,false,false,"[""emo"", ""photography"", ""birdwatching"", ""subculture""]"
1669,gbiffinik,hippie,"[""traveling"", ""yoga"", ""anime""]",87,false,false,false,"[""gardening"", ""photography"", ""yoga""]"
1670,efaulkeneril,cumbiero,"[""reading"", ""emo"", ""yoga""]",48,false,false,false,"[""music"", ""series""]"
1671,fgommeyim,flogger,"[""reading"", ""movies"", ""skate"", ""gardening""]",80,false,false,true,"[""movies"", ""music"", ""alone""]"
1672,bgensavagein,metalero,"[""birdwatching"", ""yoga"", ""emo""]",73,false,false,true,"[""traveling"", ""anime""]"
1673,aelizabethio,hippie,"[""series"", ""skate"", ""emo""]",91,false,true,false,"[""yoga"", ""painting""]"
1674,sstannionip,emo-girl,"[""gardening"", ""yoga""]",46,false,false,true,"[""cooking"", ""reading""]"
1675,jleflemingiq,punk,"[""movies"", ""gardening"", ""subculture"", ""photography""]",68,false,false,true,"[""yoga"", ""cooking"", ""birdwatching"", ""subculture""]"
1676,swozencraftir,rolinga,"[""adolescente"", ""birdwatching""]",96,true,false,false,"[""series"", ""cooking"", ""music""]"
1677,bchargeis,rolinga,"[""alone"", ""birdwatching"", ""reading""]",6,true,false,true,"[""reading"", ""yoga""]"
1678,rgermainit,flogger-girl,"[""photography"", ""music"", ""skate"", ""adolescente""]",47,true,false,false,"[""cooking"", ""gardening""]"
1679,ghameiu,emo-boy,"[""traveling"", ""anime""]",98,false,false,true,"[""cooking"", ""traveling"", ""alone"", ""hiking""]"
1680,krowlsoniv,gotica,"[""photography"", ""emo""]",98,false,false,true,"[""emo"", ""alone""]"
1681,hkirmaniw,flogger-girl,"[""gardening"", ""movies"", ""hiking""]",89,false,false,false,"[""knitting"", ""emo""]"
1682,wrissonix,metalero,"[""series"", ""reading""]",58,false,false,false,"[""movies"", ""emo"", ""hiking"", ""anime""]"
1683,poholleganiy,rolinga,"[""alone"", ""yoga""]",64,false,false,true,"[""music"", ""photography"", ""emo""]"
1684,ithurstanceiz,gotica,"[""cooking"", ""skate""]",25,false,false,false,"[""music"", ""emo"", ""adolescente""]"
1685,plilej0,emo-boy,"[""anime"", ""emo"", ""gardening""]",25,false,false,false,"[""traveling"", ""cooking"", ""movies"", ""music""]"
1686,jcharlwoodj1,flogger,"[""hiking"", ""adolescente"", ""cooking"", ""photography""]",63,true,false,false,"[""alone"", ""gardening"", ""knitting"", ""photography""]"
1687,ejancikj2,skater,"[""photography"", ""knitting"", ""style"", ""reading""]",30,false,false,true,"[""traveling"", ""gardening"", ""movies""]"
1688,kbrusbyj3,skater,"[""series"", ""gardening"", ""adolescente""]",28,false,false,false,"[""adolescente"", ""reading""]"
1689,marnalj4,preppy,"[""knitting"", ""reading""]",30,false,false,true,"[""series"", ""alone"", ""knitting""]"
1690,mliccardij5,emo-girl,"[""series"", ""emo""]",0,true,false,true,"[""gardening"", ""anime"", ""skate""]"
1691,tatwelj6,hippie,"[""style"", ""movies"", ""cooking"", ""painting""]",88,false,false,false,"[""reading"", ""traveling"", ""anime""]"
1692,lprinej7,preppy,"[""painting"", ""series"", ""skate"", ""hiking""]",85,false,false,true,"[""movies"", ""hiking""]"
1693,jbloxsomj8,metalero,"[""series"", ""movies""]",33,false,false,false,"[""traveling"", ""movies"", ""painting""]"
1694,pbelisonj9,emo-girl,"[""alone"", ""emo"", ""cooking"", ""yoga""]",98,false,false,true,"[""hiking"", ""gardening"", ""anime"", ""skate""]"
1695,edupreeja,flogger-girl,"[""emo"", ""knitting"", ""anime""]",23,true,false,true,"[""photography"", ""series""]"
1696,jbrockestjb,rolinga,"[""painting"", ""reading""]",66,false,false,true,"[""traveling"", ""knitting"", ""gardening""]"
1697,gstannardjc,flogger,"[""hiking"", ""painting"", ""adolescente""]",68,false,false,false,"[""subculture"", ""movies""]"
1698,wcrowchejd,flogger-girl,"[""series"", ""birdwatching"", ""cooking""]",3,true,false,true,"[""birdwatching"", ""hiking"", ""traveling"", ""skate""]"
1699,jswateje,cumbiero,"[""skate"", ""birdwatching"", ""alone""]",9,false,true,true,"[""traveling"", ""photography"", ""alone"", ""knitting""]"
1700,rwestphalenjf,hippie,"[""adolescente"", ""subculture"", ""skate""]",97,false,false,true,"[""music"", ""painting"", ""series"", ""yoga""]"
1701,nmawdjg,preppy,"[""birdwatching"", ""reading"", ""painting""]",73,false,false,false,"[""music"", ""emo""]"
1702,mbovisjh,emo-girl,"[""hiking"", ""yoga"", ""gardening"", ""skate""]",82,false,false,true,"[""movies"", ""music"", ""traveling""]"
1703,emckeggieji,gotica,"[""yoga"", ""painting""]",21,false,false,false,"[""style"", ""yoga""]"
1704,amachinjj,rolinga,"[""skate"", ""knitting"", ""traveling""]",3,false,false,false,"[""music"", ""anime"", ""alone""]"
1705,wizhakovjk,punk,"[""photography"", ""skate""]",15,false,false,false,"[""birdwatching"", ""traveling"", ""anime"", ""emo""]"
1706,sspeermanjl,rolinga,"[""adolescente"", ""emo"", ""subculture"", ""movies""]",7,false,false,true,"[""alone"", ""adolescente"", ""movies""]"
1707,mmoffatjm,flogger-girl,"[""music"", ""adolescente""]",9,false,false,true,"[""gardening"", ""cooking"", ""knitting"", ""style""]"
1708,mfassumjn,metalero,"[""birdwatching"", ""alone"", ""reading""]",78,false,false,true,"[""photography"", ""reading"", ""alone""]"
1709,gginnerjo,cumbiero,"[""photography"", ""yoga""]",14,false,false,true,"[""adolescente"", ""movies"", ""hiking"", ""cooking""]"
1710,rwellmanjp,cumbiero,"[""reading"", ""adolescente"", ""hiking"", ""series""]",86,true,false,true,"[""anime"", ""emo""]"
1711,cperryjq,gotica,"[""series"", ""subculture""]",60,false,false,true,"[""cooking"", ""emo""]"
1712,kbillyardjr,emo-boy,"[""skate"", ""gardening"", ""yoga"", ""series""]",23,true,false,false,"[""anime"", ""painting"", ""birdwatching"", ""music""]"
1713,ladneyjs,emo-boy,"[""traveling"", ""style""]",52,false,false,true,"[""traveling"", ""adolescente"", ""knitting""]"
1714,lkenderdinejt,flogger-girl,"[""adolescente"", ""music"", ""alone""]",43,false,false,true,"[""traveling"", ""reading"", ""photography"", ""movies""]"
1715,eeckertju,emo-girl,"[""music"", ""traveling"", ""yoga""]",48,true,false,false,"[""style"", ""knitting"", ""anime""]"
1716,bsulmanjv,cumbiero,"[""music"", ""painting"", ""style""]",74,true,false,true,"[""cooking"", ""series"", ""gardening""]"
1717,rfoulstonejw,rolinga,"[""emo"", ""series"", ""cooking"", ""reading""]",69,true,false,false,"[""music"", ""cooking"", ""yoga""]"
1718,vprujeanjx,flogger-girl,"[""reading"", ""emo"", ""traveling"", ""knitting""]",94,false,true,false,"[""hiking"", ""traveling"", ""birdwatching""]"
1719,mgomezjy,metalero,"[""alone"", ""painting"", ""hiking"", ""cooking""]",87,false,false,false,"[""style"", ""painting"", ""gardening"", ""alone""]"
1720,dgianullojz,skater,"[""alone"", ""gardening""]",57,true,false,false,"[""gardening"", ""painting""]"
1721,ablunsenk0,flogger-girl,"[""music"", ""style"", ""knitting""]",69,true,false,false,"[""music"", ""style"", ""painting"", ""hiking""]"
1722,khodgink1,punk,"[""painting"", ""skate"", ""yoga"", ""adolescente""]",7,false,false,true,"[""anime"", ""birdwatching"", ""knitting"", ""movies""]"
1723,vfrankumk2,flogger-girl,"[""reading"", ""traveling""]",55,false,false,false,"[""hiking"", ""skate"", ""painting""]"
1724,fwardhawk3,metalero,"[""knitting"", ""gardening"", ""cooking"", ""anime""]",7,false,false,false,"[""series"", ""hiking""]"
1725,rlonghornek4,emo-girl,"[""yoga"", ""hiking""]",76,false,false,true,"[""movies"", ""emo""]"
1726,lgraylandk5,metalero,"[""subculture"", ""music""]",32,false,false,true,"[""photography"", ""gardening"", ""painting""]"
1727,bianillik6,preppy,"[""skate"", ""alone"", ""cooking"", ""adolescente""]",3,false,false,true,"[""emo"", ""skate"", ""photography""]"
1728,acogdonk7,preppy,"[""anime"", ""movies"", ""series"", ""style""]",97,false,false,false,"[""birdwatching"", ""style"", ""cooking"", ""hiking""]"
1729,dgauchierk8,emo-girl,"[""knitting"", ""hiking""]",1,true,false,true,"[""yoga"", ""skate"", ""alone""]"
1730,lmitchardk9,flogger,"[""photography"", ""reading""]",60,false,false,true,"[""painting"", ""music"", ""alone"", ""subculture""]"
1731,amarciekka,flogger-girl,"[""hiking"", ""emo"", ""knitting"", ""photography""]",74,true,false,false,"[""hiking"", ""subculture"", ""movies"", ""yoga""]"
1732,otinkerkb,gotica,"[""reading"", ""adolescente"", ""cooking"", ""skate""]",9,false,false,true,"[""anime"", ""cooking"", ""adolescente"", ""yoga""]"
1733,falphegekc,punk,"[""music"", ""adolescente""]",19,false,false,false,"[""gardening"", ""adolescente"", ""knitting"", ""subculture""]"
1734,ekeaveneykd,punk,"[""emo"", ""traveling""]",41,true,false,true,"[""adolescente"", ""yoga"", ""hiking""]"
1735,chaynesfordke,metalero,"[""birdwatching"", ""alone"", ""skate""]",80,false,false,true,"[""series"", ""emo"", ""photography"", ""adolescente""]"
1736,gkloskf,hippie,"[""movies"", ""adolescente"", ""music""]",22,false,false,false,"[""series"", ""hiking"", ""adolescente"", ""emo""]"
1737,lcustancekg,skater,"[""music"", ""movies""]",73,false,false,true,"[""alone"", ""music"", ""subculture"", ""painting""]"
1738,oglowachakh,emo-boy,"[""series"", ""hiking""]",9,false,false,false,"[""photography"", ""hiking"", ""painting"", ""music""]"
1739,cmusgraveki,gotica,"[""style"", ""cooking"", ""series"", ""reading""]",88,false,false,false,"[""reading"", ""yoga"", ""painting"", ""photography""]"
1740,mgrutkj,rolinga,"[""style"", ""alone"", ""music"", ""adolescente""]",97,true,false,false,"[""traveling"", ""gardening"", ""hiking"", ""subculture""]"
1741,castkk,gotica,"[""cooking"", ""skate""]",58,true,false,true,"[""traveling"", ""photography"", ""gardening""]"
1742,ethomblesonkl,skater,"[""subculture"", ""series"", ""yoga""]",44,false,false,true,"[""yoga"", ""adolescente"", ""knitting""]"
1743,fwoolaghankm,emo-girl,"[""subculture"", ""cooking"", ""emo""]",31,false,false,true,"[""traveling"", ""series""]"
1744,fchecchetellikn,hippie,"[""movies"", ""skate"", ""painting""]",14,false,false,false,"[""knitting"", ""alone"", ""emo""]"
1745,tsisselko,gotica,"[""yoga"", ""cooking""]",42,false,false,false,"[""cooking"", ""birdwatching"", ""anime""]"
1746,jdroverkp,flogger,"[""movies"", ""series"", ""traveling"", ""hiking""]",17,false,false,false,"[""gardening"", ""skate"", ""yoga"", ""knitting""]"
1747,dfouracrekq,metalero,"[""gardening"", ""adolescente""]",89,false,false,true,"[""music"", ""emo""]"
1748,rjillinskr,preppy,"[""music"", ""skate"", ""yoga""]",28,false,false,true,"[""anime"", ""photography"", ""skate""]"
1749,rbreslauks,skater,"[""alone"", ""emo"", ""movies"", ""knitting""]",31,false,false,true,"[""knitting"", ""gardening"", ""reading"", ""alone""]"
1750,rbailisskt,preppy,"[""series"", ""skate"", ""painting""]",73,true,false,false,"[""birdwatching"", ""gardening"", ""series""]"
1751,jredgateku,emo-boy,"[""hiking"", ""series""]",77,false,false,true,"[""knitting"", ""hiking"", ""adolescente""]"
1752,rhentzekv,punk,"[""yoga"", ""subculture"", ""gardening""]",94,false,false,false,"[""style"", ""adolescente""]"
1753,abeisleykw,hippie,"[""alone"", ""reading""]",28,false,false,true,"[""reading"", ""style"", ""anime""]"
1754,bhubeauxkx,cumbiero,"[""anime"", ""knitting"", ""style"", ""movies""]",56,false,false,false,"[""emo"", ""gardening"", ""subculture"", ""yoga""]"
1755,apenwardenky,gotica,"[""cooking"", ""knitting"", ""emo""]",6,true,false,true,"[""traveling"", ""adolescente""]"
1756,psyversenkz,emo-boy,"[""style"", ""yoga"", ""knitting""]",4,false,false,false,"[""gardening"", ""series""]"
1757,srogetl0,gotica,"[""birdwatching"", ""anime"", ""emo"", ""cooking""]",25,false,false,true,"[""adolescente"", ""painting""]"
1758,jmapstonl1,preppy,"[""gardening"", ""traveling"", ""anime""]",99,false,false,false,"[""music"", ""knitting"", ""alone"", ""painting""]"
1759,skneelandl2,hippie,"[""series"", ""traveling"", ""hiking""]",21,false,false,false,"[""alone"", ""movies"", ""skate"", ""subculture""]"
1760,hservantel3,flogger-girl,"[""knitting"", ""movies"", ""anime"", ""emo""]",95,false,false,false,"[""alone"", ""cooking""]"
1761,emoulsterl4,punk,"[""anime"", ""emo""]",54,true,false,true,"[""anime"", ""gardening"", ""cooking""]"
1762,dbarbierl5,rolinga,"[""traveling"", ""cooking"", ""reading""]",9,false,false,false,"[""adolescente"", ""subculture""]"
1763,cpartlettl6,cumbiero,"[""traveling"", ""gardening"", ""cooking"", ""hiking""]",3,false,false,true,"[""gardening"", ""birdwatching"", ""photography"", ""style""]"
1764,daskewl7,flogger-girl,"[""gardening"", ""style""]",29,false,false,true,"[""photography"", ""painting"", ""alone"", ""knitting""]"
1765,carnaldl8,emo-girl,"[""music"", ""anime"", ""birdwatching"", ""subculture""]",59,false,false,true,"[""adolescente"", ""music"", ""painting"", ""subculture""]"
1766,lcolliarl9,gotica,"[""skate"", ""subculture"", ""style"", ""reading""]",87,false,false,true,"[""style"", ""music"", ""skate""]"
1767,prollettla,gotica,"[""knitting"", ""photography""]",89,true,false,true,"[""gardening"", ""birdwatching"", ""anime"", ""emo""]"
1768,wcalrowlb,preppy,"[""movies"", ""painting""]",14,false,true,false,"[""reading"", ""movies""]"
1769,ohinzerlc,emo-boy,"[""music"", ""cooking"", ""traveling""]",96,false,false,false,"[""traveling"", ""movies"", ""birdwatching"", ""hiking""]"
1770,dantuschld,skater,"[""style"", ""alone"", ""music""]",1,false,false,true,"[""subculture"", ""traveling"", ""hiking"", ""adolescente""]"
1771,vscarsbrookle,preppy,"[""skate"", ""subculture"", ""anime"", ""adolescente""]",35,true,false,false,"[""anime"", ""music"", ""adolescente""]"
1772,lheliotlf,punk,"[""traveling"", ""reading"", ""anime""]",1,false,false,false,"[""yoga"", ""music"", ""birdwatching"", ""emo""]"
1773,jcreuslg,flogger,"[""knitting"", ""emo""]",19,false,false,false,"[""emo"", ""alone"", ""yoga"", ""series""]"
1774,asmithlh,hippie,"[""hiking"", ""skate""]",72,false,false,false,"[""reading"", ""birdwatching""]"
1775,rcrosdillli,rolinga,"[""anime"", ""traveling"", ""subculture""]",48,false,false,true,"[""emo"", ""anime"", ""adolescente"", ""subculture""]"
1776,gstennetlj,preppy,"[""gardening"", ""knitting"", ""music"", ""series""]",97,false,false,true,"[""yoga"", ""adolescente"", ""emo""]"
1777,hsiveyerlk,cumbiero,"[""adolescente"", ""series""]",19,false,false,true,"[""hiking"", ""gardening""]"
1778,ttitmarshll,emo-boy,"[""birdwatching"", ""anime"", ""painting""]",18,false,false,false,"[""alone"", ""skate""]"
1779,lkirbylm,metalero,"[""movies"", ""reading"", ""cooking""]",15,false,false,false,"[""adolescente"", ""subculture"", ""anime""]"
1780,sputtenln,punk,"[""series"", ""cooking""]",21,false,true,true,"[""series"", ""style"", ""subculture""]"
1781,ocastagnierlo,preppy,"[""traveling"", ""alone""]",16,false,false,false,"[""traveling"", ""anime"", ""hiking"", ""music""]"
1782,lboleynlp,cumbiero,"[""series"", ""anime"", ""hiking"", ""knitting""]",94,false,false,true,"[""traveling"", ""yoga"", ""alone"", ""subculture""]"
1783,rgittinslq,flogger-girl,"[""movies"", ""style"", ""music"", ""series""]",83,true,false,true,"[""adolescente"", ""traveling"", ""series"", ""knitting""]"
1784,gbaudinotlr,hippie,"[""music"", ""alone"", ""knitting""]",35,false,false,true,"[""gardening"", ""painting"", ""knitting""]"
1785,epearels,gotica,"[""alone"", ""cooking"", ""yoga""]",7,false,false,false,"[""gardening"", ""traveling""]"
1786,lraesidelt,punk,"[""alone"", ""emo""]",65,false,false,false,"[""skate"", ""movies"", ""birdwatching""]"
1787,gridgwelllu,cumbiero,"[""painting"", ""birdwatching""]",96,false,false,false,"[""cooking"", ""gardening""]"
1788,jranglelv,gotica,"[""reading"", ""style"", ""anime"", ""traveling""]",50,false,false,true,"[""adolescente"", ""birdwatching""]"
1789,scarnowlw,preppy,"[""series"", ""adolescente"", ""anime""]",52,false,false,false,"[""painting"", ""style"", ""music""]"
1790,oarthurlx,hippie,"[""traveling"", ""emo"", ""yoga""]",72,false,false,true,"[""anime"", ""hiking""]"
1791,pshawyerly,skater,"[""yoga"", ""gardening"", ""style""]",80,false,false,false,"[""yoga"", ""adolescente"", ""skate""]"
1792,hklimovlz,punk,"[""reading"", ""emo""]",30,false,false,false,"[""anime"", ""skate"", ""subculture"", ""traveling""]"
1793,cmillsomm0,flogger-girl,"[""cooking"", ""reading"", ""adolescente"", ""music""]",69,false,false,true,"[""reading"", ""skate"", ""adolescente"", ""series""]"
1794,holearym1,emo-boy,"[""gardening"", ""adolescente"", ""traveling""]",91,false,false,false,"[""subculture"", ""series"", ""reading"", ""cooking""]"
1795,asimesm2,emo-boy,"[""yoga"", ""skate""]",29,false,false,true,"[""skate"", ""gardening"", ""music""]"
1796,ocraterem3,hippie,"[""birdwatching"", ""emo"", ""knitting""]",29,false,false,true,"[""anime"", ""skate""]"
1797,tbrideaum4,punk,"[""anime"", ""skate"", ""movies"", ""style""]",38,true,false,true,"[""series"", ""birdwatching""]"
1798,cpedelm5,preppy,"[""hiking"", ""knitting""]",93,false,false,true,"[""yoga"", ""subculture"", ""movies"", ""photography""]"
1799,mferrariom6,flogger,"[""movies"", ""yoga"", ""traveling"", ""alone""]",18,true,false,false,"[""alone"", ""adolescente""]"
1800,khadkinsm7,skater,"[""movies"", ""birdwatching""]",42,false,false,true,"[""gardening"", ""yoga"", ""painting"", ""anime""]"
1801,cmeasuresm8,emo-girl,"[""series"", ""alone""]",76,false,false,false,"[""cooking"", ""series"", ""hiking"", ""yoga""]"
1802,tdillwaym9,punk,"[""traveling"", ""alone""]",55,false,false,true,"[""gardening"", ""photography"", ""alone""]"
1803,cgilhoolma,flogger,"[""traveling"", ""skate""]",88,false,false,false,"[""movies"", ""adolescente""]"
1804,jcornewellmb,metalero,"[""anime"", ""movies""]",20,false,false,false,"[""birdwatching"", ""anime""]"
1805,lprattymc,emo-girl,"[""style"", ""birdwatching""]",67,false,true,true,"[""music"", ""alone""]"
1806,dwiltonmd,rolinga,"[""adolescente"", ""birdwatching"", ""painting"", ""emo""]",12,false,false,false,"[""hiking"", ""emo""]"
1807,smidgelyme,preppy,"[""skate"", ""subculture"", ""adolescente"", ""painting""]",14,false,false,true,"[""photography"", ""birdwatching"", ""painting""]"
1808,amcuremf,flogger,"[""movies"", ""painting"", ""emo""]",75,false,false,false,"[""style"", ""adolescente""]"
1809,eallmanmg,metalero,"[""alone"", ""painting"", ""reading"", ""photography""]",78,false,false,true,"[""alone"", ""adolescente""]"
1810,apiotrmh,flogger,"[""music"", ""yoga"", ""skate"", ""subculture""]",74,true,false,true,"[""subculture"", ""music"", ""knitting""]"
1811,acornelleaumi,hippie,"[""alone"", ""reading"", ""traveling""]",75,false,false,false,"[""photography"", ""adolescente"", ""alone""]"
1812,abeechmj,punk,"[""style"", ""photography"", ""movies""]",92,true,false,true,"[""style"", ""traveling"", ""movies"", ""reading""]"
1813,bhampshawmk,cumbiero,"[""painting"", ""skate"", ""style"", ""anime""]",77,false,false,false,"[""style"", ""skate"", ""subculture"", ""series""]"
1814,jhuntonml,skater,"[""knitting"", ""reading"", ""style""]",95,false,false,true,"[""birdwatching"", ""adolescente""]"
1815,bbollandmm,preppy,"[""style"", ""photography"", ""skate""]",67,false,false,true,"[""birdwatching"", ""style"", ""hiking""]"
1816,dabramskymn,gotica,"[""traveling"", ""cooking"", ""knitting""]",23,false,false,false,"[""subculture"", ""traveling"", ""emo"", ""style""]"
1817,adytermo,flogger,"[""series"", ""alone"", ""gardening""]",100,false,false,false,"[""style"", ""adolescente"", ""alone"", ""birdwatching""]"
1818,wheasemanmp,emo-boy,"[""traveling"", ""painting"", ""yoga"", ""music""]",63,true,false,false,"[""series"", ""alone""]"
1819,lwheelermq,skater,"[""painting"", ""reading"", ""adolescente""]",50,false,false,false,"[""skate"", ""reading""]"
1820,gmartusewiczmr,hippie,"[""subculture"", ""series"", ""anime"", ""hiking""]",37,true,false,false,"[""alone"", ""emo"", ""traveling""]"
1821,dglindems,skater,"[""style"", ""subculture"", ""photography"", ""yoga""]",9,false,false,true,"[""alone"", ""painting"", ""knitting""]"
1822,jreschkemt,preppy,"[""anime"", ""alone"", ""adolescente""]",55,false,false,true,"[""traveling"", ""emo"", ""cooking"", ""knitting""]"
1823,rharbidgemu,punk,"[""photography"", ""birdwatching"", ""emo"", ""hiking""]",80,false,false,false,"[""series"", ""cooking"", ""skate"", ""music""]"
1824,jhulstrommv,flogger-girl,"[""hiking"", ""skate""]",88,false,false,false,"[""birdwatching"", ""gardening""]"
1825,mloosmw,hippie,"[""yoga"", ""series"", ""skate"", ""alone""]",28,false,false,true,"[""cooking"", ""yoga"", ""gardening""]"
1826,dmcronaldmx,skater,"[""series"", ""anime"", ""adolescente""]",81,true,false,false,"[""music"", ""style""]"
1827,amccandiemy,rolinga,"[""traveling"", ""emo""]",64,false,false,true,"[""yoga"", ""movies"", ""traveling"", ""reading""]"
1828,bpirellimz,punk,"[""music"", ""knitting""]",90,false,false,true,"[""anime"", ""cooking""]"
1829,cmildnern0,flogger-girl,"[""movies"", ""reading"", ""adolescente""]",7,false,false,false,"[""traveling"", ""knitting"", ""alone""]"
1830,mgregorioun1,punk,"[""subculture"", ""reading"", ""adolescente""]",1,false,false,false,"[""yoga"", ""birdwatching"", ""skate""]"
1831,ematteuzzin2,flogger,"[""hiking"", ""knitting""]",37,true,false,true,"[""anime"", ""traveling"", ""style"", ""music""]"
1832,fblannn3,metalero,"[""subculture"", ""music""]",55,false,false,false,"[""birdwatching"", ""traveling"", ""style"", ""photography""]"
1833,tillesleyn4,flogger,"[""alone"", ""traveling""]",94,false,false,true,"[""gardening"", ""emo"", ""cooking""]"
1834,cchessmann5,rolinga,"[""cooking"", ""series"", ""photography"", ""adolescente""]",9,false,false,false,"[""traveling"", ""adolescente"", ""subculture"", ""movies""]"
1835,rdentn6,rolinga,"[""subculture"", ""series""]",69,true,false,true,"[""traveling"", ""style""]"
1836,mgarrawayn7,hippie,"[""hiking"", ""emo"", ""traveling"", ""painting""]",61,false,false,true,"[""gardening"", ""painting""]"
1837,emagogn8,punk,"[""traveling"", ""series""]",98,false,false,false,"[""hiking"", ""series"", ""photography""]"
1838,vshorlandn9,rolinga,"[""traveling"", ""knitting"", ""anime"", ""yoga""]",98,false,false,false,"[""adolescente"", ""alone"", ""hiking"", ""subculture""]"
1839,rmulhillna,flogger,"[""music"", ""subculture"", ""cooking"", ""hiking""]",74,true,false,true,"[""traveling"", ""skate"", ""emo"", ""reading""]"
1840,hosheilsnb,preppy,"[""music"", ""hiking"", ""subculture"", ""alone""]",53,false,false,false,"[""style"", ""music""]"
1841,gtitmarshnc,emo-boy,"[""alone"", ""cooking"", ""knitting""]",46,false,false,false,"[""anime"", ""music""]"
1842,kokennynd,metalero,"[""adolescente"", ""skate"", ""movies"", ""gardening""]",69,true,false,true,"[""movies"", ""music""]"
1843,cchamperlenne,flogger,"[""emo"", ""reading""]",82,false,true,false,"[""cooking"", ""style""]"
1844,ehadfieldnf,hippie,"[""photography"", ""emo""]",92,false,false,false,"[""gardening"", ""painting"", ""subculture""]"
1845,eyerbyng,metalero,"[""series"", ""hiking""]",72,false,false,false,"[""series"", ""skate"", ""birdwatching""]"
1846,vhollymannh,hippie,"[""photography"", ""emo"", ""knitting""]",85,true,false,false,"[""music"", ""anime"", ""painting"", ""adolescente""]"
1847,gverryni,flogger-girl,"[""subculture"", ""alone"", ""traveling"", ""birdwatching""]",24,false,false,true,"[""adolescente"", ""movies""]"
1848,cneatenj,preppy,"[""subculture"", ""reading"", ""gardening"", ""anime""]",87,false,false,true,"[""skate"", ""music""]"
1849,dbatripnk,flogger,"[""music"", ""traveling"", ""style"", ""gardening""]",58,false,false,true,"[""skate"", ""birdwatching""]"
1850,dbassfordnl,flogger-girl,"[""adolescente"", ""yoga"", ""movies""]",96,false,false,true,"[""yoga"", ""birdwatching"", ""emo"", ""gardening""]"
1851,kzannellinm,emo-girl,"[""skate"", ""alone""]",97,false,false,true,"[""adolescente"", ""yoga""]"
1852,bimlennn,emo-boy,"[""painting"", ""alone"", ""cooking""]",71,false,false,false,"[""emo"", ""traveling""]"
1853,dramshawno,hippie,"[""style"", ""adolescente""]",6,false,false,false,"[""knitting"", ""birdwatching"", ""subculture""]"
1854,scudiffnp,emo-boy,"[""music"", ""alone"", ""photography""]",79,false,false,true,"[""gardening"", ""knitting"", ""traveling""]"
1855,hmcaveynq,emo-girl,"[""music"", ""hiking"", ""alone"", ""emo""]",86,false,false,true,"[""photography"", ""subculture"", ""knitting""]"
1856,lprestnernr,flogger,"[""cooking"", ""hiking"", ""emo""]",60,false,true,true,"[""anime"", ""painting"", ""subculture"", ""hiking""]"
1857,lhedauns,flogger-girl,"[""reading"", ""music""]",91,false,false,false,"[""movies"", ""anime"", ""birdwatching""]"
1858,acrumbient,skater,"[""alone"", ""cooking"", ""yoga""]",70,false,false,true,"[""gardening"", ""photography""]"
1859,ddaverinnu,punk,"[""alone"", ""birdwatching"", ""anime""]",67,false,false,false,"[""cooking"", ""alone"", ""style""]"
1860,rjoynv,flogger-girl,"[""adolescente"", ""yoga"", ""traveling"", ""music""]",43,false,false,true,"[""painting"", ""emo""]"
1861,dgaiternw,punk,"[""alone"", ""adolescente""]",58,false,false,true,"[""music"", ""gardening""]"
1862,vprattingtonnx,gotica,"[""skate"", ""anime"", ""yoga""]",81,false,false,true,"[""alone"", ""photography"", ""traveling""]"
1863,rpieteschny,preppy,"[""traveling"", ""birdwatching""]",33,true,false,false,"[""traveling"", ""series"", ""music"", ""reading""]"
1864,cgerardetnz,flogger-girl,"[""skate"", ""gardening"", ""painting""]",93,false,false,false,"[""adolescente"", ""anime"", ""traveling""]"
1865,aexetero0,flogger-girl,"[""painting"", ""alone"", ""knitting"", ""style""]",91,false,false,true,"[""movies"", ""series""]"
1866,huccelloo1,emo-girl,"[""anime"", ""reading"", ""yoga"", ""style""]",44,false,false,false,"[""alone"", ""painting"", ""traveling""]"
1867,lhadwino2,metalero,"[""yoga"", ""movies"", ""music"", ""birdwatching""]",58,false,false,true,"[""painting"", ""gardening""]"
1868,eattfieldo3,gotica,"[""hiking"", ""movies"", ""knitting""]",35,false,true,false,"[""birdwatching"", ""adolescente"", ""music""]"
1869,evosseo4,flogger-girl,"[""anime"", ""adolescente"", ""hiking"", ""skate""]",87,false,false,true,"[""yoga"", ""hiking"", ""gardening"", ""style""]"
1870,apicotto5,flogger-girl,"[""painting"", ""gardening"", ""anime""]",28,false,false,false,"[""adolescente"", ""knitting"", ""hiking""]"
1871,kwhittallo6,preppy,"[""gardening"", ""cooking"", ""reading"", ""birdwatching""]",76,false,false,false,"[""adolescente"", ""knitting"", ""alone"", ""cooking""]"
1872,gberthomieuo7,rolinga,"[""subculture"", ""music"", ""gardening"", ""series""]",23,false,false,true,"[""series"", ""photography""]"
1873,khaireo8,emo-boy,"[""reading"", ""knitting"", ""adolescente"", ""yoga""]",96,false,false,false,"[""skate"", ""movies"", ""yoga""]"
1874,mocorraneo9,rolinga,"[""alone"", ""skate""]",6,false,false,true,"[""cooking"", ""music"", ""movies"", ""reading""]"
1875,chorstedoa,metalero,"[""yoga"", ""cooking""]",28,true,false,false,"[""traveling"", ""movies"", ""knitting""]"
1876,gfomichkinob,flogger,"[""skate"", ""style"", ""alone"", ""photography""]",71,true,false,false,"[""style"", ""cooking"", ""photography""]"
1877,avinsenoc,flogger-girl,"[""subculture"", ""birdwatching"", ""anime""]",73,false,false,true,"[""series"", ""hiking"", ""gardening"", ""knitting""]"
1878,hhavelineod,emo-boy,"[""anime"", ""knitting"", ""series"", ""movies""]",33,false,false,false,"[""birdwatching"", ""traveling""]"
1879,igwynneoe,skater,"[""skate"", ""reading"", ""photography""]",17,false,false,false,"[""hiking"", ""anime"", ""yoga"", ""painting""]"
1880,dubeeof,emo-girl,"[""cooking"", ""gardening"", ""birdwatching"", ""adolescente""]",58,true,false,false,"[""yoga"", ""movies"", ""subculture"", ""anime""]"
1881,afanshawog,punk,"[""movies"", ""gardening"", ""reading""]",59,true,false,true,"[""skate"", ""subculture"", ""cooking"", ""emo""]"
1882,cmatheyoh,flogger-girl,"[""music"", ""adolescente""]",23,true,false,true,"[""music"", ""alone"", ""subculture""]"
1883,lmussallioi,rolinga,"[""birdwatching"", ""cooking"", ""anime""]",92,true,false,true,"[""series"", ""photography"", ""emo""]"
1884,ealdrinoj,flogger,"[""painting"", ""birdwatching"", ""cooking"", ""adolescente""]",19,false,false,false,"[""movies"", ""skate"", ""style"", ""birdwatching""]"
1885,cmacgrathok,punk,"[""gardening"", ""cooking""]",66,false,false,false,"[""hiking"", ""gardening""]"
1886,hbemandol,metalero,"[""emo"", ""painting"", ""series"", ""knitting""]",50,false,false,true,"[""series"", ""birdwatching"", ""alone""]"
1887,ebernardezom,punk,"[""photography"", ""anime"", ""cooking""]",50,false,false,false,"[""music"", ""adolescente"", ""cooking"", ""series""]"
1888,cmcgannonon,cumbiero,"[""style"", ""music"", ""painting""]",0,false,false,false,"[""photography"", ""emo"", ""birdwatching"", ""adolescente""]"
1889,ltusonoo,hippie,"[""skate"", ""cooking"", ""alone"", ""gardening""]",61,true,false,true,"[""adolescente"", ""traveling""]"
1890,kzamboniniop,punk,"[""traveling"", ""skate""]",33,true,false,true,"[""series"", ""knitting"", ""yoga"", ""skate""]"
1891,mrowberryoq,punk,"[""knitting"", ""subculture"", ""yoga""]",55,false,false,false,"[""hiking"", ""photography""]"
1892,sshearsbyor,emo-boy,"[""hiking"", ""music"", ""yoga""]",43,false,true,false,"[""style"", ""subculture""]"
1893,wbamlettos,flogger-girl,"[""alone"", ""gardening"", ""music"", ""cooking""]",55,false,false,true,"[""music"", ""subculture""]"
1894,mkemmot,skater,"[""anime"", ""yoga"", ""style""]",73,false,false,false,"[""knitting"", ""traveling""]"
1895,akarolczykou,flogger-girl,"[""knitting"", ""cooking"", ""subculture""]",40,false,false,false,"[""adolescente"", ""emo"", ""knitting"", ""gardening""]"
1896,rocuolahanov,hippie,"[""series"", ""knitting"", ""painting""]",68,true,false,true,"[""cooking"", ""subculture"", ""gardening""]"
1897,mvautreow,punk,"[""reading"", ""music"", ""cooking"", ""photography""]",12,false,false,false,"[""style"", ""photography"", ""series""]"
1898,mmattheusox,hippie,"[""anime"", ""painting"", ""music"", ""traveling""]",65,false,true,false,"[""cooking"", ""photography"", ""skate"", ""painting""]"
1899,mkeuntjeoy,skater,"[""movies"", ""cooking"", ""traveling""]",97,false,true,false,"[""skate"", ""yoga"", ""music"", ""traveling""]"
1900,hswallwelloz,rolinga,"[""reading"", ""anime""]",70,false,false,false,"[""traveling"", ""hiking"", ""alone""]"
1901,penosp0,emo-girl,"[""yoga"", ""movies""]",16,false,false,false,"[""subculture"", ""painting"", ""hiking"", ""birdwatching""]"
1902,jlysp1,preppy,"[""painting"", ""yoga"", ""alone"", ""gardening""]",39,false,false,false,"[""music"", ""emo"", ""movies""]"
1903,cbrewardp2,gotica,"[""emo"", ""hiking"", ""painting"", ""subculture""]",31,false,false,false,"[""subculture"", ""birdwatching"", ""hiking"", ""knitting""]"
1904,dgrumleyp3,preppy,"[""anime"", ""photography"", ""reading"", ""music""]",70,false,false,true,"[""series"", ""painting"", ""subculture"", ""yoga""]"
1905,yrubyp4,flogger-girl,"[""knitting"", ""photography""]",82,false,false,false,"[""music"", ""style""]"
1906,fmegaineyp5,cumbiero,"[""painting"", ""knitting"", ""alone""]",39,false,false,false,"[""emo"", ""knitting""]"
1907,prosenblattp6,preppy,"[""gardening"", ""style"", ""painting""]",24,false,false,true,"[""gardening"", ""style"", ""painting""]"
1908,mfibbittsp7,punk,"[""adolescente"", ""movies"", ""gardening""]",76,true,false,true,"[""movies"", ""knitting"", ""birdwatching""]"
1909,tcarpmilep8,emo-boy,"[""yoga"", ""gardening"", ""reading""]",60,false,false,false,"[""subculture"", ""birdwatching"", ""style"", ""hiking""]"
1910,msapwellp9,hippie,"[""hiking"", ""anime""]",8,false,false,false,"[""skate"", ""yoga"", ""emo"", ""anime""]"
1911,ckewzickpa,flogger-girl,"[""painting"", ""alone"", ""hiking"", ""yoga""]",13,false,false,false,"[""alone"", ""yoga"", ""style"", ""skate""]"
1912,csaunierepb,skater,"[""alone"", ""adolescente"", ""anime""]",34,false,false,true,"[""gardening"", ""cooking"", ""yoga"", ""anime""]"
1913,csuddabypc,flogger-girl,"[""yoga"", ""knitting"", ""anime""]",94,false,false,true,"[""cooking"", ""photography"", ""movies"", ""yoga""]"
1914,ajiroutekpd,emo-girl,"[""yoga"", ""birdwatching"", ""knitting""]",69,true,false,false,"[""style"", ""music"", ""skate""]"
1915,lstonhardpe,punk,"[""music"", ""gardening"", ""cooking"", ""anime""]",35,false,false,true,"[""adolescente"", ""traveling"", ""anime""]"
1916,dpitcherspf,hippie,"[""painting"", ""adolescente"", ""alone""]",80,false,true,false,"[""alone"", ""subculture""]"
1917,mwheowallpg,flogger,"[""hiking"", ""alone""]",7,false,true,false,"[""cooking"", ""gardening"", ""photography"", ""adolescente""]"
1918,smcclenanph,cumbiero,"[""traveling"", ""skate"", ""anime"", ""music""]",9,false,false,false,"[""painting"", ""skate"", ""style""]"
1919,ehoulstonpi,flogger-girl,"[""gardening"", ""photography"", ""anime""]",59,true,false,true,"[""emo"", ""painting""]"
1920,eblakesleepj,metalero,"[""anime"", ""gardening"", ""alone"", ""photography""]",96,false,false,true,"[""style"", ""movies"", ""reading"", ""painting""]"
1921,gstoppardpk,emo-boy,"[""cooking"", ""birdwatching"", ""style""]",78,false,false,true,"[""painting"", ""subculture"", ""anime"", ""birdwatching""]"
1922,aslinepl,cumbiero,"[""emo"", ""skate""]",17,true,false,true,"[""series"", ""birdwatching""]"
1923,krubinchikpm,flogger,"[""anime"", ""music""]",85,false,false,true,"[""birdwatching"", ""yoga"", ""painting""]"
1924,rwhitfeldpn,flogger-girl,"[""subculture"", ""photography"", ""alone"", ""style""]",88,false,false,false,"[""music"", ""emo"", ""reading"", ""gardening""]"
1925,wcomarpo,flogger,"[""emo"", ""hiking"", ""series""]",62,false,false,true,"[""knitting"", ""painting"", ""skate"", ""cooking""]"
1926,nduchesnepp,flogger,"[""series"", ""yoga"", ""alone"", ""adolescente""]",17,false,false,true,"[""hiking"", ""style"", ""gardening""]"
1927,jtassellpq,punk,"[""music"", ""traveling"", ""reading""]",83,false,false,true,"[""adolescente"", ""alone""]"
1928,jbrixeypr,flogger,"[""style"", ""anime"", ""birdwatching""]",19,false,false,true,"[""knitting"", ""yoga"", ""hiking""]"
1929,sfoucarps,emo-girl,"[""emo"", ""gardening""]",95,false,false,true,"[""anime"", ""yoga""]"
1930,dmacnairpt,rolinga,"[""hiking"", ""emo"", ""gardening""]",77,false,false,false,"[""style"", ""anime""]"
1931,ckobpalpu,flogger,"[""photography"", ""alone"", ""reading"", ""adolescente""]",2,false,false,true,"[""hiking"", ""alone"", ""movies"", ""adolescente""]"
1932,mlandypv,punk,"[""style"", ""adolescente"", ""knitting""]",64,false,false,true,"[""birdwatching"", ""traveling"", ""style"", ""painting""]"
1933,cphillippopw,preppy,"[""photography"", ""birdwatching"", ""painting"", ""anime""]",48,false,false,false,"[""emo"", ""adolescente"", ""photography""]"
1934,mtrundlepx,metalero,"[""alone"", ""yoga"", ""music""]",92,false,false,true,"[""adolescente"", ""knitting"", ""yoga""]"
1935,fwarterspy,metalero,"[""photography"", ""anime"", ""reading""]",42,true,false,false,"[""anime"", ""skate"", ""adolescente"", ""knitting""]"
1936,swraightepz,punk,"[""music"", ""birdwatching""]",6,false,false,true,"[""skate"", ""yoga""]"
1937,abullockq0,cumbiero,"[""alone"", ""anime"", ""adolescente"", ""emo""]",71,false,false,false,"[""style"", ""alone""]"
1938,dstuckeq1,rolinga,"[""gardening"", ""style"", ""cooking"", ""alone""]",34,false,false,true,"[""emo"", ""anime""]"
1939,upaysq2,preppy,"[""skate"", ""photography"", ""anime""]",46,false,false,false,"[""painting"", ""cooking""]"
1940,ihaymanq3,metalero,"[""skate"", ""painting""]",18,false,false,false,"[""adolescente"", ""movies""]"
1941,tkrammerq4,cumbiero,"[""adolescente"", ""yoga"", ""skate"", ""painting""]",83,false,false,false,"[""photography"", ""gardening"", ""skate"", ""emo""]"
1942,shexhamq5,rolinga,"[""painting"", ""music"", ""reading"", ""adolescente""]",68,false,true,false,"[""style"", ""anime"", ""gardening"", ""series""]"
1943,cbennettq6,emo-girl,"[""music"", ""style""]",69,false,false,false,"[""traveling"", ""subculture""]"
1944,rantonescuq7,emo-boy,"[""series"", ""style""]",73,false,false,true,"[""cooking"", ""music"", ""knitting"", ""painting""]"
1945,jvidyapinq8,flogger-girl,"[""reading"", ""birdwatching"", ""adolescente"", ""style""]",88,false,false,false,"[""photography"", ""style"", ""cooking"", ""traveling""]"
1946,getheridgeq9,flogger-girl,"[""yoga"", ""cooking"", ""series""]",40,true,false,false,"[""knitting"", ""traveling""]"
1947,lnaisbetqa,flogger,"[""painting"", ""photography"", ""traveling""]",31,false,false,false,"[""series"", ""traveling""]"
1948,imarfellqb,flogger,"[""photography"", ""knitting"", ""cooking"", ""painting""]",65,false,false,true,"[""birdwatching"", ""yoga"", ""series"", ""painting""]"
1949,ejeffreysqc,preppy,"[""series"", ""emo"", ""alone"", ""adolescente""]",51,false,false,false,"[""skate"", ""painting"", ""style"", ""yoga""]"
1950,hvoelkerqd,flogger-girl,"[""hiking"", ""alone""]",76,true,false,true,"[""birdwatching"", ""painting"", ""emo"", ""style""]"
1951,lwoottonqe,hippie,"[""reading"", ""traveling"", ""birdwatching"", ""alone""]",43,false,false,false,"[""gardening"", ""subculture"", ""hiking""]"
1952,bmarchelloqf,emo-boy,"[""music"", ""skate""]",94,true,false,false,"[""knitting"", ""traveling"", ""birdwatching"", ""adolescente""]"
1953,mcoulesqg,punk,"[""alone"", ""emo""]",81,false,false,false,"[""photography"", ""yoga"", ""hiking"", ""subculture""]"
1954,ahillumqh,emo-boy,"[""anime"", ""hiking"", ""emo"", ""yoga""]",31,false,false,true,"[""reading"", ""music"", ""movies"", ""cooking""]"
1955,fbawlesqi,flogger,"[""traveling"", ""knitting"", ""anime""]",47,true,false,false,"[""series"", ""adolescente""]"
1956,gleftwichqj,hippie,"[""yoga"", ""style"", ""emo"", ""traveling""]",23,false,false,false,"[""music"", ""painting"", ""hiking""]"
1957,mskippingqk,cumbiero,"[""music"", ""hiking"", ""skate""]",92,true,false,false,"[""cooking"", ""subculture"", ""gardening""]"
1958,bknevitql,metalero,"[""photography"", ""skate""]",64,false,false,false,"[""gardening"", ""cooking""]"
1959,bheningamqm,rolinga,"[""adolescente"", ""yoga""]",40,false,false,false,"[""movies"", ""alone"", ""traveling"", ""series""]"
1960,rsnowsillqn,skater,"[""photography"", ""gardening""]",20,false,false,false,"[""painting"", ""gardening""]"
1961,sstollenbeckqo,emo-girl,"[""painting"", ""traveling"", ""series""]",70,false,false,false,"[""subculture"", ""anime"", ""alone"", ""painting""]"
1962,pbernakiewiczqp,flogger,"[""movies"", ""adolescente"", ""emo"", ""music""]",74,true,false,false,"[""skate"", ""movies""]"
1963,acholdcroftqq,flogger,"[""movies"", ""alone"", ""style"", ""yoga""]",35,false,false,false,"[""series"", ""movies""]"
1964,jwedderburnqr,rolinga,"[""style"", ""gardening"", ""skate""]",55,false,false,true,"[""photography"", ""hiking""]"
1965,dmenichelliqs,gotica,"[""painting"", ""emo"", ""anime"", ""reading""]",28,false,false,true,"[""painting"", ""alone"", ""adolescente"", ""gardening""]"
1966,jphilipsohnqt,rolinga,"[""painting"", ""knitting""]",70,false,false,true,"[""music"", ""painting"", ""yoga"", ""series""]"
1967,wanderbruggequ,cumbiero,"[""subculture"", ""adolescente"", ""reading""]",31,false,false,false,"[""cooking"", ""gardening"", ""style"", ""emo""]"
1968,bharnessqv,rolinga,"[""subculture"", ""music"", ""birdwatching"", ""anime""]",51,true,false,false,"[""movies"", ""yoga"", ""birdwatching""]"
1969,lcarltonqw,skater,"[""music"", ""yoga"", ""painting"", ""style""]",44,false,false,false,"[""yoga"", ""adolescente""]"
1970,zsnoddyqx,rolinga,"[""skate"", ""yoga"", ""music""]",74,false,false,true,"[""reading"", ""music"", ""cooking""]"
1971,bcislandqy,gotica,"[""movies"", ""music"", ""birdwatching"", ""series""]",48,false,false,false,"[""painting"", ""alone"", ""yoga""]"
1972,pblivenqz,punk,"[""movies"", ""adolescente""]",48,false,false,true,"[""yoga"", ""cooking"", ""emo""]"
1973,cgarnsworthyr0,emo-boy,"[""knitting"", ""emo""]",72,true,false,false,"[""cooking"", ""gardening"", ""skate"", ""alone""]"
1974,ctittershillr1,flogger-girl,"[""subculture"", ""alone"", ""painting""]",88,false,false,false,"[""style"", ""adolescente""]"
1975,gritchier2,hippie,"[""movies"", ""style"", ""subculture"", ""skate""]",64,false,false,true,"[""gardening"", ""music"", ""reading""]"
1976,crobathamr3,hippie,"[""series"", ""anime"", ""music""]",9,false,false,true,"[""gardening"", ""skate""]"
1977,vwreffordr4,cumbiero,"[""gardening"", ""skate""]",86,true,true,false,"[""knitting"", ""series""]"
1978,kcapponerr5,gotica,"[""subculture"", ""knitting"", ""traveling""]",58,true,false,true,"[""cooking"", ""traveling"", ""movies"", ""birdwatching""]"
1979,gjeensr6,gotica,"[""birdwatching"", ""anime"", ""style""]",32,true,false,true,"[""cooking"", ""painting"", ""adolescente""]"
1980,dsimkissr7,cumbiero,"[""series"", ""anime"", ""style""]",71,false,false,false,"[""emo"", ""painting"", ""skate"", ""anime""]"
1981,tprottr8,punk,"[""subculture"", ""painting"", ""adolescente"", ""hiking""]",50,false,false,true,"[""painting"", ""traveling"", ""movies""]"
1982,kcumor9,punk,"[""series"", ""movies"", ""alone"", ""anime""]",40,false,false,true,"[""adolescente"", ""knitting"", ""painting"", ""gardening""]"
1983,ekunzera,preppy,"[""birdwatching"", ""hiking""]",77,false,false,false,"[""adolescente"", ""traveling"", ""yoga"", ""birdwatching""]"
1984,ccarneyrb,rolinga,"[""yoga"", ""reading"", ""series""]",2,false,false,true,"[""anime"", ""music"", ""cooking"", ""painting""]"
1985,agowlerrc,flogger,"[""photography"", ""adolescente""]",96,true,false,true,"[""gardening"", ""style"", ""music"", ""hiking""]"
1986,ltironerd,flogger,"[""cooking"", ""adolescente""]",70,true,false,true,"[""cooking"", ""painting""]"
1987,rhendricksonre,rolinga,"[""yoga"", ""series"", ""skate"", ""alone""]",58,false,false,false,"[""photography"", ""anime""]"
1988,hmoarrf,skater,"[""alone"", ""skate"", ""traveling"", ""series""]",5,false,false,true,"[""painting"", ""cooking"", ""movies"", ""style""]"
1989,agresswellrg,flogger,"[""alone"", ""series"", ""music""]",57,false,false,false,"[""movies"", ""traveling"", ""alone"", ""anime""]"
1990,manfossirh,emo-boy,"[""hiking"", ""cooking"", ""gardening""]",93,false,false,false,"[""hiking"", ""music"", ""photography"", ""cooking""]"
1991,mstonuaryri,flogger,"[""gardening"", ""traveling"", ""style""]",98,true,false,false,"[""subculture"", ""painting"", ""cooking""]"
1992,uoldridgerj,cumbiero,"[""traveling"", ""painting"", ""movies""]",8,false,false,true,"[""anime"", ""style"", ""yoga""]"
1993,ebaldenrk,metalero,"[""painting"", ""emo"", ""subculture"", ""adolescente""]",91,false,false,false,"[""style"", ""painting"", ""emo""]"
1994,adandorl,flogger,"[""knitting"", ""series"", ""style""]",49,false,false,false,"[""yoga"", ""anime""]"
1995,mmahaddyrm,flogger-girl,"[""cooking"", ""knitting"", ""reading"", ""emo""]",79,false,false,true,"[""series"", ""skate""]"
1996,awikeyrn,flogger,"[""anime"", ""hiking"", ""reading""]",71,false,false,false,"[""skate"", ""gardening"", ""traveling"", ""photography""]"
1997,cnannro,skater,"[""alone"", ""style"", ""movies"", ""reading""]",30,false,false,false,"[""movies"", ""music"", ""gardening""]"
1998,ptroberp,flogger-girl,"[""hiking"", ""yoga"", ""gardening"", ""traveling""]",88,true,false,true,"[""gardening"", ""alone""]"
1999,sbriantrq,metalero,"[""alone"", ""traveling"", ""hiking""]",67,false,false,false,"[""adolescente"", ""emo"", ""movies"", ""style""]"
2000,aputtanrr,skater,"[""cooking"", ""adolescente""]",92,true,false,true,"[""painting"", ""yoga"", ""knitting""]"
